北京同仁堂连锁药店有限责任公司北沙滩店,地址：北京市朝阳区双泉堡（松鹤服装厂）1幢,电话：010-64860426,
北京金禾堂医药有限公司马桥店,地址：北京市通州区马驹桥镇马会星座小区112号,电话：010-60503746,
北京天天好大药房有限公司白纸坊店,地址： 北京市宣武区白纸坊8号,电话：010-63515080,
北京国大药房连锁有限公司秀菊园连锁店,地址：北京市朝阳区北苑家园秀菊园11-2-101,电话：010-84967244,
北京睿达惠康大药房有限公司,地址：北京市朝阳区惠新里甲10号一层,电话：010-56297375,
北京国康人医药有限公司,地址：北京市东城区安定路20号院5号楼东方燕都底商1层,电话：010-56708869,
北京京卫元华医药科技有限公司,地址：北京市丰台区星火路9号京卫药业大厦,电话：无,
北京安贞润竹药店,地址：北京市朝阳区安贞里2区1号楼,电话：15010496133,
北京天通苑润竹药店第九分店,地址：北京市昌平区东小口镇天通苑小区东苑二区4号楼6单元101号,电话：无,
北京康利源药房有限公司,地址：北京市顺义区杨镇环城路7号,电话：无,
北京和瑞堂大药房第一分店,地址：北京市顺义区后沙峪镇铁匠营村铁兴西街1号,电话：无,
北京高井好药师药房,地址：北京市石景山区高井新村21号,电话：010-88955683,
北京岳各庄好药师大药房,地址：北京市丰台区岳各庄甲41号,电话：010-63813830,
北京瑞康好药师大药房,地址：北京市丰台区分钟寺四队133号,电话：010-87690429,
北京福瑞宏达大药房大屯店,地址：北京市朝阳区南沙滩66号院1号楼1层1-1-1,电话：无,
北京福瑞宏达大药房顺丰店,地址：北京市顺义区顺丰大街16号院1号楼1层101,电话：400-680-9890,
北京福瑞宏达大药房莲宝路店,地址：北京市海淀区莲宝路10号院1层-2,电话：400-680-9890,
北京福瑞宏达大药房安德里店,地址：北京市东城区安德里北街24号迤北2幢2-2,电话：400-680-9890,
北京福瑞宏达大药房良乡店,地址：北京市房山区良乡西潞北大街63号院1号楼-4门,电话：400-680-9890,
北京福瑞宏达大药房大郊亭店,地址：北京市朝阳区广渠路23号院5号楼1层5-5、5-6,电话：400-680-9890,
北京福瑞宏达大药房阎村店,地址：北京市房山区阎村镇百合路38号院5号楼1层101-C、101-D,电话：400-680-9890,
北京福瑞宏达大药房昌平店,地址：北京市昌平区昌平镇新新公寓7号楼1号商业,电话：400-680-9890,
北京福瑞宏达大药房中山店,地址：北京市通州区中山大街35号4号楼1层4-4,电话：400-680-9890,
北京福瑞宏达大药房广安门店,地址：北京市西城区广外大街305八区荣丰嘉园13号楼116、117、118A室,电话：400-680-9890,
北京福瑞宏达大药房老山店,地址：北京市石景山区老山东里临甲2号-9,电话：400-680-9890,
北京福瑞宏达大药房双槐树店,地址：北京市海淀区阜石路甲19号院7号楼102-2号,电话：400-680-9890,
北京兴事堂兴海大药房紫竹院药店,地址：北京市海淀区紫竹桥车道沟理工附中东门6号,电话：010-51289635,
北京东升天保堂金蝉路店,地址：北京市朝阳区金蝉欢乐园2号院甲1号楼地上一层,电话：010-67367284,
北京兴事堂大药房中心,地址：北京市海淀区清河嘉园东区4号楼104,电话：010-51289636,
北京天保堂医药有限公司安定门店,地址：北京市东城区安外西河沿17号楼底商超市发对面,电话：010-84136259,
北京养生堂药店有限公司西区店,地址：北京市海淀区中关村家乐福超市,电话：无,
好得快大药房方庄店,地址：北京市丰台区东铁营桥往北100米路东（方庄市场南50米）,电话：010-87613015,
好得快大药房前门店,地址：北京市东城区前门大街43-45号,电话：010-83154252,
好得快大药房顺义隆华店,地址：北京市顺义区新顺南大街隆华购物中心1层,电话：010-69444626,
药品指南周边药店,地址：学院路35号,电话：无,
北京时代千方大药房望京西店,地址：北京市朝阳区望京湖光中街西（季景沁园）216号楼一层,电话：010-52039419,
北京时代千方大药房中关村店,地址：北京市海淀区中关村大街49号（人大东门向北走150米）,电话：010-62650779,
北京时代千方大药房南沙滩店,地址：北京市朝阳区南沙滩东路绿城诚园1层2单元101,电话：010-84097492,
北京时代千方大药房朝阳六分店,地址：北京市朝阳区花家地南里9号楼9-13号,电话：010-84771881,
北京时代千方大药房朝阳五分店,地址：北京市朝阳区望京西园三区326号楼101室(地下车库北门华联超市旁),电话：010-64706635,
北京时代千方大药房朝阳三分店,地址：北京市朝阳区望京园302号楼1层103华鼎世家小区东门,电话：010-64703599,
北京时代千方大药房朝阳二分店,地址：北京市朝阳区阜荣街望京园603-4（悠乐汇）,电话：010-64777255,
北京同仁堂六里桥北药店有限公司,地址：北京市丰台区莲花池西里六号院综合楼一楼,电话：010-63970790,
药品网周边药店测试店铺,地址：学院路35号,电话：无,
德仁堂黄寺大街店,地址：北京市西城区黄寺大街23号院1号楼-1号,电话：010-82231150,
北京永民康医药技术有限公司网上药店,地址：北京市大兴区旧宫镇西毓顺路2号院16号,电话：010-67988919,
开心人大药房青年路店,地址：北京市朝阳区青年路南口,电话：010-85741195,
开心人大药房甘露园店,地址：北京市朝阳区甘露园中里1-3号,电话：010-85741195,
开心人大药房西大望路店,地址：北京市朝阳区西大望路27号,电话：010-87798099,
开心人大药房将台路店,地址：北京市朝阳区将台路5号,电话：010-64336265,
北京开心人大药房有限公司大井店,地址：北京市丰台区大井西乙133号,电话：010-63839993,
开心人大药房延静里店,地址：北京市朝阳区道家村3-2号,电话：010-65920315,
开心人大药房阜光里小区店,地址：北京市海淀区阜光里小区8号,电话：010-88423372,
养天和大药房企业集团有限公司奥来店,地址：北京市朝阳区白庙路甲1号3门101,电话：010-64868097,
养天和大药房北苑店,地址：北京市朝阳区水岸庄园1010号楼201-2,电话：010-84203668,
养天和大药房企业集团有限公司陶然店,地址：北京市东城区彭庄甲58号一号楼北侧一层,电话：010-83108039,
海王星辰健康药房连锁有限公司北京兴达店,地址：北京市朝阳区大山子20号楼北侧,电话：无,
海王星辰健康药房连锁有限公司北京东花市店,地址：北京市东城区东花市大街34号,电话：无,
海王星辰健康药房连锁有限公司光明楼店,地址：北京市东城区龙潭路1号乙1号,电话：无,
海王星辰健康药房连锁有限公司北京宏达店,地址：北京市朝阳区南磨房乡百子湾商贸街3号,电话：无,
海王星辰健康药房连锁有限公司北京双井店,地址：北京市朝阳区广渠路29号九龙山家园1号楼,电话：无,
海王星辰健康药房连锁有限公司北京通达店,地址：北京市通州区怡乐北街10号楼2单元1层212号,电话：无,
海王星辰健康药房连锁有限公司夕照寺店,地址：北京市东城区夕照寺街14号楼西楼1层,电话：无,
海王星辰健康药房连锁有限公司方庄店,地址：北京市丰台区方庄南路9号院,电话：无,
海王星辰健康药房连锁有限公司马家堡店,地址：北京市东城区马家堡56号,电话：无,
海王星辰健康药房连锁有限公司北京广渠门店,地址：北京市东城区安化北里6号楼1层,电话：无,
海王星辰健康药房连锁有限公司北京花市店,地址：北京市东城区西花市南里西区新景家园1号楼地下1层,电话：无,
北京德威治医药连锁有限责任公司医疗器械店,地址：北京市怀柔区北园一区3号楼,电话：010-69625382,
北京德威治医药连锁有限责任公司顺义店,地址：北京市顺义区府前街东兴路9号楼,电话：010-69421061,
北京德威治医药连锁有限责任公司杨闸店,地址：北京市朝阳区双桥路8号,电话：010-85363926,
北京德威治医药连锁有限责任公司亚运村店,地址：北京市朝阳区安慧里2区2号,电话：010-64946516,
北京德威治医药连锁有限责任公司三街店,地址：北京市昌平区城北街道三街财神庙胡同三街社区,电话：010-60716180,
北京德威治医药连锁有限责任公司学院南路店,地址：北京市海淀区学院南路26号,电话：010-62237048,
北京德威治医药连锁有限责任公司双桥店,地址：北京市朝阳区双桥中路10号,电话：010-85399557,
北京德威治医药连锁有限责任公司肖两河店,地址：北京市怀柔区庙城镇大杜两河村西,电话：010-89609682,
北京德威治医药连锁有限责任公司吕家营店,地址：北京市朝阳区十八里店吕家营商业街,电话：010-87699952,
北京德威治医药连锁有限责任公司双井店,地址：北京市朝阳区百子湾南二路76号院7号楼,电话：010-87724646,
北京德威治医药连锁有限责任公司前门店,地址：北京市西城区前门粮食店街46号,电话：010-63165513,
北京德威治医药连锁有限责任公司小营路店,地址：北京市朝阳区小营路17号,电话：010-84895190,
北京德威治医药连锁有限责任公司老君堂店,地址：北京市朝阳区十八里店乡老君堂,电话：010-87335067,
北京德威治医药连锁有限责任公司十八里店店,地址：北京市朝阳区十八里店乡吕家营村,电话：010-87641916,
北京德威治医药连锁有限责任公司南沙滩店,地址：北京市朝阳区南沙滩粮店南沙滩早市对面,电话：010-64873548,
北京德威治医药连锁有限责任公司劲松店,地址：北京市朝阳区农光里甲110号,电话：010-87370066,
北京德威治医药连锁有限责任公司月坛店,地址：北京市西城区月坛北街乙5号,电话：010-68033711,
北京德威治医药连锁有限责任公司土城店,地址：北京市朝阳区小关东里12号院,电话：010-51240685,
北京德威治医药连锁有限责任公司煤市街店,地址：北京市西城区煤市街148号,电话：010-63189677,
北京德威治医药连锁有限责任公司怀柔南华店,地址：北京市怀柔区怀柔南华园1区63号,电话：010-51598489,
北京德威治医药连锁有限责任公司沙子口店,地址：北京市东城区革新南路西革新里108-16号,电话：010-87287530,
北京德威治医药连锁有限责任公司马甸德外店,地址：北京市西城区德胜门外大街11号,电话：010-82086280,
北京德威治医药连锁有限责任公司花园桥店,地址：北京市海淀区花园桥,电话：010-51520138,
北京德威治医药连锁有限责任公司花市枣苑店,地址：北京市东城区南花市大街,电话：010-87108335,
北京德威治医药连锁有限责任公司大红门店,地址：北京市丰台区永外大红门西里4号,电话：010-67253510,
北京德威治医药连锁有限责任公司北太平庄店,地址：北京市西城区新街口外大街8号,电话：010-62022268,
北京德威治医药连锁有限责任公司红领巾桥店,地址：北京市朝阳区延静东里甲3号,电话：010-65011630,
北京德威治医药连锁有限责任公司和平里店,地址：北京市朝阳区东土城路,电话：010-64465580,
北京德威治医药连锁有限责任公司何各庄店,地址：北京市朝阳区崔各庄乡何各庄村,电话：010-64318913,
北京永裕大药房有限公司,地址：北京市朝阳区广渠路28号205号楼1层205-北126,电话：010-58637320,
北京市百济新特药房有限公司,地址：北京市海淀区阜成路28号航医大厦206室 ,电话：010-51817999,
北京四季堂大药房有限责任公司第二分店,地址：北京市丰台区方庄桥东路北紫芳园六区5-2-218室,电话：010-56298489,
北京同仁堂连锁药店有限责任公司远大路店,地址：北京市海淀区远大路1号4层4003-4005号,电话：010-88864669,
北京同仁堂连锁药店有限责任公司崇文门店,地址：北京市东城区崇外大街42号,电话：010-67187469,
北京同仁堂连锁药店有限责任公司京西店,地址：北京市门头沟区冯石环路6号院3号楼1层L108A号店铺,电话：010-60800830,
北京同仁堂连锁药店有限责任公司大栅栏店,地址：北京市西城区大栅栏24号,电话：010-83171262,
北京同仁堂连锁药店有限责任公司东便门店,地址：北京市东城区东花市北里西区23楼2段一层,电话：010-67183671,
北京同仁堂连锁药店有限责任公司裕京店,地址：北京市顺义区后沙峪地区裕京花园俱乐部（榆阳路7号）,电话：010-80461907,
北京同仁堂连锁药店有限责任公司兴华店,地址：北京市大兴区黄村镇兴华大街（二段）13号院5号楼2-1号 ,电话：010-80220185,
北京同仁堂连锁药店有限责任公司苏州街店,地址：北京市海淀区苏州街20号，银丰大厦一层,电话：010-62536958,
北京同仁堂连锁药店有限责任公司西大街店,地址：北京市大兴区黄村镇兴华南路1号02楼一层,电话：010-69261660,
北京同仁堂连锁药店有限责任公司盛世医缘店,地址：北京市东城区前拐棒胡同28号院1号楼-1层A1号及地下一商,电话：010-65129897,
北京同仁堂连锁药店有限责任公司东直门店,地址：北京市东城区东直门外斜街56号,电话：010-64678931,
北京同仁堂连锁药店有限责任公司大兴店,地址：北京市大兴区兴丰大街60号,电话：010-69207727,
北京同仁堂连锁药店有限责任公司盛平店,地址：北京市朝阳区安慧北里逸园6号楼103号,电话：010-84839677,
北京同仁堂连锁药店有限责任公司善和医药店,地址：北京市门头沟区门头沟路１-2号，石龙大厦东北角,电话：010-69844644,
北京同仁堂连锁药店有限责任公司东四十条店,地址：北京市东城区东直门南小街89号,电话：010-64457321,
北京同仁堂连锁药店有限责任公司朝阳门店,地址：北京市东城区朝阳门东水井胡同5号楼109底商,电话：010-58646564,
北京同仁堂连锁药店有限责任公司宋庄路店,地址：北京市丰台区苇子坑148号,电话：010-87676891,
北京同仁堂连锁药店有限责任公司东安店,地址：北京市东城区东安门大街23号,电话：010-65269787,
北京同仁堂连锁药店有限责任公司大峪店,地址：北京市门头沟区新桥大街74号,电话：010-69842346,
北京同仁堂连锁药店有限责任公司潘家园华威店,地址：北京市朝阳区华威西里48号,电话：010-87779814,
北京同仁堂连锁药店有限责任公司新悦都店,地址：北京市房山区长阳镇悦盛路6号院1号楼SQ-08.09,电话：010-60304296,
北京同仁堂连锁药店有限责任公司北苑双营店,地址：北京市朝阳区双营路11号院4号楼1层4-3,电话：010-84931120,
北京同仁堂连锁药店有限责任公司霄云路店,地址：北京市朝阳区霞光里30号院5号楼5-1,电话：010-51302800,
北京同仁堂连锁药店有限责任公司长阳店,地址：北京市房山区长阳镇加州水郡东区商业B座102B,电话：010-80393603,
北京同仁堂连锁药店有限责任公司润丰店,地址：北京市朝阳区望京阜荣街15号院2号楼1层商业11,电话：010-84763340,
北京同仁堂连锁药店有限责任公司亮马河店,地址：北京市朝阳区麦子店街36号1-6,电话：010-65864272,
北京同仁堂连锁药店有限责任公司京康店,地址：北京市昌平区回龙观东大街（和谐家园二区南门）,电话：010-81748240,
北京同仁堂连锁药店有限责任公司利泽西街店,地址：北京市朝阳区利泽西街8号院2号楼104.105.108,电话：010-84676445,
北京同仁堂连锁药店有限责任公司恒远店,地址：北京市西城区德外教场口街9号院5号楼一层,电话：010-82069946,
北京同仁堂连锁药店有限责任公司航天桥店,地址：北京市海淀区西三环北路100号东配楼一层,电话：010-68727393,
北京同仁堂连锁药店有限责任公司望京店,地址：北京市朝阳区花家地小区1号,电话：010-64732233,
北京同仁堂连锁药店有限责任公司大望桥店,地址：北京市朝阳区建国路88号SOHO现代城D座S-0301号D座一层,电话：010-85802992,
北京同仁堂连锁药店有限责任公司四通桥店,地址：北京市海淀区北三环西路47号乙1号,电话：010-62629255-863,
北京同仁堂连锁药店有限责任公司王府井店,地址：北京市东城区王府井大街255号。王府井百货大楼一层。,电话：010-85115191,
北京同仁堂连锁药店有限责任公司永泰店,地址：北京市海淀区永泰小区东里51号楼底商,电话：010-62995409,
北京同仁堂连锁药店有限责任公司航天城店,地址：北京市海淀区友谊路102号院16-19号楼底商，北清路南侧。,电话：010-82797948,
北京同仁堂连锁药店有限责任公司金街店,地址：北京市东城区王府井大街301号B2层MB211区,电话：010-65280211,
北京同仁堂连锁药店有限责任公司平谷店,地址：北京市平谷区王辛庄镇齐各庄村腾龙源城小区四号楼103-106,电话：010-89978120,
北京同仁堂连锁药店有限责任公司博塔店,地址：北京市海淀区大钟寺太阳园小区13号楼一层,电话：010-82121966,
北京同仁堂连锁药店有限责任公司延庆店,地址：北京市延庆县妫水北街39号1幢F座一层05号,电话：010-69149711,
北京同仁堂连锁药店有限责任公司颐和园路店,地址：北京市海淀区颐和园宫门前街1号89至91幢平房,电话：010-62870506,
北京同仁堂连锁药店有限责任公司永定路店,地址：北京市海淀区永定路半壁店乙1-41号，乐府江南小区东门旁侧。,电话：010-58976745,
北京同仁堂连锁药店有限责任公司密云店,地址：北京市密云县瑞海姆度假村向西20米（密云法院对面）,电话：010-61092291,
北京同仁堂连锁药店有限责任公司怀柔店,地址：北京市怀柔区青春路富乐小区南里28号楼,电话：010-61614408,
北京同仁堂连锁药店有限责任公司西二旗店,地址：北京市海淀区西二旗中路6号二区15号楼一层底商,电话：010-82748922,
北京同仁堂连锁药店有限责任公司清河店,地址：北京市海淀区清河力度家园G座1层101、102号,电话：010-82425711,
北京同仁堂连锁药店有限责任公司马连洼店,地址：北京市海淀区马连洼兰园小区2号商用楼,电话：010-62833239,
北京同仁堂连锁药店有限责任公司大钟寺店,地址：北京市海淀区北三环西路甲18号中鼎大厦A座盈泰百货一层 ,电话：010-62197492,
北京同仁堂连锁药店有限责任公司东三环店,地址：北京市朝阳区东三环中路七号楼E208号（财富中心A座二层东侧）,电话：010-65309411,
北京同仁堂连锁药店有限责任公司车道沟店,地址：北京市海淀区蓝靛厂南路25号嘉友国际大厦地上一层104号商铺 ,电话：010-88400693,
北京同仁堂连锁药店有限责任公司国恩店,地址：北京市顺义区幸福西区2号1单元101号,电话：010-69460280,
北京同仁堂连锁药店有限责任公司万源街店,地址：北京市大兴区北京经济技术开发区荣华中路8号院1号楼地下一层B1-27\\\\28,电话：010-62536796,
北京同仁堂连锁药店有限责任公司北苑东路店,地址：北京市朝阳区北苑东路广华居18号-19号楼一层底商,电话：010-52320369,
北京同仁堂连锁药店有限责任公司时珍店,地址：北京市海淀区新科祥园4号楼03、04室,电话：010-62536796,
北京同仁堂连锁药店有限责任公司朝阳北路店,地址：北京市朝阳区朝阳北路145号仁和立大厦101号,电话：010-81031911,
北京同仁堂连锁药店有限责任公司中关村北大街店,地址：北京市海淀区清华大学34区,电话：010-62796675,
北京同仁堂连锁药店有限责任公司京北店,地址：北京市海淀区西三旗育新花园小区16号楼一层。,电话：010-82903101,
北京同仁堂连锁药店有限责任公司常营店,地址：北京市朝阳区常营购物中心地下一层07\/08商铺,电话：010-84931120,
北京同仁堂连锁药店有限责任公司燕山店,地址：北京市房山区燕化星城燕鹏商厦一层,电话：010-80345371,
北京同仁堂连锁药店有限责任公司昌平店,地址：北京市昌平区东关昌崔路201-04号（沃尔玛东侧天运通大厦1层）,电话：010-80105841,
北京同仁堂连锁药店有限责任公司顺义店,地址：北京市顺义区仁和镇顺南大街8号院1幢华联商厦B1-17,电话：010-61490048,
北京同仁堂连锁药店有限责任公司辛庄桥西店,地址：北京市昌平区北清路中关村国际商城永旺购物中心一层,电话：010-80700665,
北京同仁堂连锁药店有限责任公司西站北广场店,地址：北京市海淀区莲花池东路31号。在联通西客站广场过街桥下桥右侧的西隆商场一层,电话：010-63941471,
北京同仁堂连锁药店有限责任公司西站店,地址：北京市海淀区羊坊店路17-3号。路西,电话：010-63955127,
北京同仁堂连锁药店有限责任公司宣武店,地址：北京市宣武区广安门内大街306号6号楼（菜市口百货东侧）,电话：010-83528399,
北京同仁堂连锁药店有限责任公司学府畅春店,地址：北京市海淀区北大畅春园家属区“北大超市发”一层,电话：010-62750558,
北京同仁堂连锁药店有限责任公司新街口店,地址：北京市西城区新街口南大街39号。新街口路口向南100米，路西,电话：010-66152093,
北京同仁堂连锁药店有限责任公司通州店,地址：北京市通州区新华大街134号,电话：010-69542478,
北京同仁堂连锁药店有限责任公司通朝大街店,地址：北京市通州区翠屏北里西区通朝大街212号。苏荷时代商业广场内,电话：010-58014840,
北京同仁堂连锁药店有限责任公司西单店,地址：北京市西城区西单北大街120号。西单商场三楼,电话：010-66563306,
北京同仁堂连锁药店有限责任公司世纪城店,地址：北京市海淀区远大路1号。燕莎友谊商城金源店一层,电话：010-88873698,
北京同仁堂连锁药店有限责任公司新华南路店,地址：北京市通州区新华南路62号,电话：010-80505659,
北京同仁堂连锁药店有限责任公司太阳宫店,地址：北京市朝阳区太阳宫中路10号桑尼摩尔儿童发展中心一层,电话：010-84661596,
北京同仁堂连锁药店有限责任公司三营门店,地址：北京市丰台区南苑北里二区6号楼,电话：010-67980387,
北京同仁堂连锁药店有限责任公司新城店,地址：北京市通州区新城南关128号。通州区医院南100米路东,电话：010-69541454,
北京同仁堂连锁药店有限责任公司天通中苑店,地址：北京市昌平区东小口镇天通中苑F区华联商厦B1—12 ,电话：010-57859761,
北京同仁堂连锁药店有限责任公司日坛路店,地址：北京市朝阳区建国门外大街17号38、39幢平房,电话：010-85629012,
北京同仁堂连锁药店有限责任公司松榆里店,地址：北京市朝阳区松榆里东里41号楼北侧,电话：010-67342060,
北京同仁堂连锁药店有限责任公司天通花苑店,地址：北京市昌平区东小口镇天通花苑商业楼。西单商场天通花苑购物中心内,电话：010-84815171,
北京同仁堂连锁药店有限责任公司十里河店,地址：北京市朝阳区东三环南路102号113室,电话：010-87363045,
北京同仁堂连锁药店有限责任公司幸福大街店,地址：北京市东城区安化寺幸福家园17号楼101室,电话：010-67186538,
北京同仁堂连锁药店有限责任公司万方店,地址：北京市西城区月坛南街30号二层（万方西单商场,电话：010-68529286,
北京同仁堂连锁药店有限责任公司天坛东侧路店,地址：北京市东城区天坛东里中区25号楼。路西过街桥下,电话：010-67024880,
北京同仁堂连锁药店有限责任公司清华园店,地址：北京市海淀区清华大学照澜院商业区,电话：010-62794922,
北京同仁堂连锁药店有限责任公司石景山路店,地址：北京市石景山路31号院盛景国际广场4号楼101-F1013A,电话：010-57537040,
北京同仁堂连锁药店有限责任公司平安里店,地址：北京市西城区平安里西大街20号，路南,电话：010-66188340,
北京同仁堂连锁药店有限责任公司南磨房店,地址：北京市朝阳区南新园甲19号双龙南里,电话：010-87320307,
北京同仁堂连锁药店有限责任公司马家堡店,地址：北京市丰台区角门19号院2号楼1F—60a,电话：010-67500273,
北京同仁堂连锁药店有限责任公司黄寺店,地址：北京市西城区德胜门外黄寺大街27号。路北。,电话：010-62381490,
北京同仁堂连锁药店有限责任公司开发区店,地址：北京市大兴区经济技术开发区天华园二里二区19号楼1层。综合商业区一层,电话：010-67890509,
北京同仁堂连锁药店有限责任公司牡丹园店,地址：北京市海淀区花园路2号。翠微商场牡丹园店内一层,电话：010-62354630,
北京同仁堂连锁药店有限责任公司和平里店,地址：北京市东城区和平里中街6号楼,电话：010-84216876,
北京同仁堂连锁药店有限责任公司冠英园店,地址：北京市西城区冠英园西区25号（西城区党校南侧）,电话：010-66562419,
北京同仁堂连锁药店有限责任公司建外大街店,地址：北京市朝阳区东长安街永安里“秀水街”市场楼6楼,电话：010-65852652,
北京同仁堂连锁药店有限责任公司红庙店,地址：北京市朝阳区红庙北里85号。红庙十字路口东100米。,电话：010-65031817,
北京同仁堂连锁药店有限责任公司梨园街店,地址：北京市通州区梨园政府街群芳三园23号,电话：010-81532847,
北京同仁堂连锁药店有限责任公司公益西桥保健食品店,地址：北京市丰台区城南嘉园益城园14号楼F3-09（华联商厦三层）,电话：010-58310709,
北京同仁堂连锁药店有限责任公司里仁街店,地址：北京市西城区里仁街3-1号院。路北,电话：010-63538296,
北京同仁堂连锁药店有限责任公司九棵树店,地址：北京市通州区梨园镇东总屯。同仁堂通州库房门口东侧。,电话：010-60543786,
北京同仁堂连锁药店有限责任公司虎坊桥店,地址：北京市西城区珠市口西大街248号。虎坊桥路口东南，面对两广大街。,电话：010-63015556,
北京同仁堂连锁药店有限责任公司刘家窑店,地址：北京市丰台区刘家窑恒松园小区7号楼一层。南三环路北，与同仁堂科技公司隔路相望,电话：010-67651337,
北京同仁堂连锁药店有限责任公司高粱桥店,地址：北京市海淀区高粱桥斜街59号院B座04号,电话：010-82191914,
北京同仁堂连锁药店有限责任公司和庭店,地址：北京市西城区莲花河胡同2号院1号楼底商109号（建工大厦对面）,电话：010-63274153,
北京同仁堂连锁药店有限责任公司管庄店,地址：北京市朝阳区常营乡鑫兆家园10号楼,电话：010-65431296,
北京同仁堂连锁药店有限责任公司工大路店,地址：北京市朝阳区东四环南路9号C座3020号,电话：010-67356388,
北京同仁堂连锁药店有限责任公司光彩路店,地址：北京市丰台区石榴庄西街光彩路66号院1区6号楼,电话：010-87808846,
北京同仁堂连锁药店有限责任公司古城店,地址：北京市石景山区古城南路32号,电话：010-88981624,
北京同仁堂连锁药店有限责任公司北苑南路店,地址：北京市通州区杨庄北里52号天时名苑小区14号楼华联商厦地下一层（B1-01）,电话：010-56351920,
北京同仁堂连锁药店有限责任公司北太平庄店,地址：北京市海淀区北太平庄路18号,电话：010-82255230,
北京同仁堂连锁药店有限责任公司方庄南路店,地址：北京市丰台区左安门外成寿寺四方景园二区6-1号,电话：010-87644690,
北京同仁堂连锁药店有限责任公司房山店,地址：北京市房山区北大街东侧9号,电话：010-69311078,
北京同仁堂连锁药店有限责任公司北土城西路店,地址：北京市朝阳区北土城西路7号（国恒基业大厦C座101）,电话：010-82275360,
北京同仁堂连锁药店有限责任公司复兴路店,地址：北京市海淀区复兴路23号,电话：010-68154155,
北京同仁堂连锁药店有限责任公司东珠市口店,地址：北京市东城区东珠市口大街6号一层,电话：010-67070010,
北京同仁堂连锁药店有限责任公司北京站店,地址：北京市东城区北京站西街1号,电话：010-65592045,
北京同仁堂连锁药店有限责任公司大屯路店,地址： 北京市朝阳区科学院南里市场楼,电话：010-64865234,
北京同仁堂连锁药店有限责任公司安德路店,地址：北京市东城区安德路16号,电话：010-51697218,
北京同仁堂连锁药店有限责任公司垡头店,地址：北京市朝阳区垡头村西里63号,电话：010-67380542,
北京同仁堂连锁药店有限责任公司打磨厂店,地址：北京市东城区西打磨厂街3号一层（前门牌楼东500米）,电话：010-67012881,
北京同仁堂连锁药店有限责任公司朝外店,地址：北京市朝阳区朝外大街18号丰联广场地下一层,电话：010-65886825,
北京同仁堂连锁药店有限责任公司长桥园店,地址：北京市通州区长桥园9号楼,电话：010-89503805,
北京市百济堂药品超市有限责任公司南口太平庄店,地址：北京市昌平区南口镇太平庄村87号,电话：010-89795900,
北京市百济堂药品超市有限责任公司昌平东小口店,地址：北京市昌平区东小口镇佳运园26号楼一层,电话：010-64128801,
北京市百济堂药品超市有限责任公司新都利康分店,地址：北京市海淀区建材城西二里23号一层底商,电话：010-82918521,
北京市百济堂药品超市有限责任公司古将店,地址：北京市昌平区流村镇古将村133号,电话：无,
北京市百济堂药品超市有限责任公司西三旗店,地址：北京市海淀区环三旗建材城南侧平房6号,电话：010-62958506,
北京市百济堂药品超市有限责任公司汤山金科店,地址：北京市昌平区小汤山镇赴任辛庄46号,电话：010-89784220,
北京市百济堂药品超市有限责任公司棉山店,地址：北京市昌平区崔村镇棉山村48号,电话：无,
北京市百济堂药品超市有限责任公司果园店,地址：北京市通州区北苑南路44号一号楼一层44-4,电话：无,
北京市百济堂药品超市有限责任公司永泰庄北路店,地址：北京市海淀区永泰东里怡清园一号楼一层,电话：010-62902904,
北京市百济堂药品超市有限责任公司昌平分店,地址：北京市昌平区昌平一街石坊院旧改2号楼1层,电话：010-56261631,
北京市百济堂药品超市有限责任公司清河分店,地址：北京市海淀区清河永泰园甲一号8号楼,电话：010-82753118,
北京市百济堂药品超市有限责任公司朝阳北苑店,地址：北京市朝阳区天翠园1-2 ,电话：无,
北京市百济堂药品超市有限责任公司海淀小营分店,地址：北京市海淀区清河小营（雄狮机械厂）4幢,电话：010-62922080,
北京市百济堂药品超市有限责任公司西城三里河分店,地址：北京市西城区三里河东路一区五号院8号楼,电话：010-68579090,
湖南恒康药品零售连锁有限公司北京馨恒康大药房有限责任公司,地址：北京市房山区拱辰街道拱辰大厦51号,电话：010-69377407,
老百姓大药房连锁股份有限公司北京公司新街口店,地址：北京市西城区新街口外大街28－6、7 ,电话：010-82051632 ,
老百姓大药房连锁股份有限公司北京公司车公庄店,地址：北京市西城区车公庄北里55号三建一层 ,电话：010-68358650 ,
老百姓大药房连锁股份有限公司北京公司大兴观音寺店,地址：北京市大兴区京开路102号1栋1层第7门） ,电话：010-69205047 ,
老百姓大药房连锁股份有限公司北京公司安乐林路店,地址：北京市崇文区永外安乐林路22号（天天家园6号楼） ,电话：010-87893459 ,
老百姓大药房连锁股份有限公司北京公司崇文店,地址：北京市崇文区广渠门内大街东花市南里东区15号楼 ,电话：010-87103828 ,
北京医保全新大药房赵公口店,地址：北京市丰台区石榴园北里49号,电话：010-67217628,
北京医保全新大药房北航路店,地址：北京市海淀区北四环中路252--7,电话：010-82335904,
北京医保全新大药房望京店,地址：北京市朝阳区望京西园二区221号博泰大厦一层,电话：010-64789510,
北京医保全新大药房保福寺店,地址：北京市海淀区中关村甲334号楼76号底商,电话：010-62629909,
北京医保全新大药房华堂店,地址：北京市朝阳区十里堡甲3号华堂商场地下一层,电话：010-65568513,
北京医保全新大药房安贞店,地址：北京市朝阳区安贞西里一区16号楼一层,电话：010-64420037,
北京医保全新大药房增光路店,地址：北京市海淀区增光路中海馥园馥锦轩首层1C,电话：010-88586865,
北京医保全新大药房京客隆店,地址：北京市朝阳区甜水园街北里16号楼京客隆商厦超市二层,电话：010-65064120 ,
北京医保全新大药房白塔寺店,地址：北京市西城区阜内大街157号,电话：010-66170923,
北京医保全新大药房花市店,地址：北京市东城区东花市北里西区13号楼1层,电话：010-67114161,
北京医保全新大药房小马厂店,地址：北京市海淀区北小马厂6号华天大厦1层,电话：010-63345186,
北京医保全新大药房西翠路店,地址：北京市海淀区西翠路5号今日商业中心首层7-8号楼,电话：010-88285061,
北京医保全新大药房天坛店,地址：北京市东城区天坛西里9号,电话：010-67015301,
北京医保全新大药房京顺东街店,地址：北京市朝阳区京顺东街6号院2号楼1层108号-1,电话：010-84308308,
北京医保全新大药房怡秀园店,地址：北京市海淀区小南庄怡秀园综合楼8号,电话：010-82635701,
北京医保全新大药房红莲店,地址：北京市西城区马莲道东街17号,电话：010-63420134,
北京医保全新大药房安定门店,地址：北京市东城区安定门内大街96号,电话：010-64042149,
北京医保全新大药房松榆里店,地址：北京市朝阳区松榆西里11号楼一层,电话：010-67342578,
北京医保全新大药房会城门店,地址：北京市海淀区北蜂窝铁路东宿舍20号楼首层22-4,电话：010-63495803,
北京医保全新大药房西便门店,地址：北京市西城区西便门外大街4-3,电话：010-68031630,
北京医保全新大药房丰北路店,地址：北京市丰台区丰台北路甲79号,电话：010-63814975,
北京医保全新大药房王府井店,地址：北京市东城区王府井大街153号,电话：010-65225085,
北京宝瑞堂特价药房世纪星城分店,地址：北京市通州区通朝大街世纪星城小区向东100米,电话：010-52106592,
北京宝瑞堂特价药房刘家窑分店,地址：北京市丰台区蒲黄榆路东铁营一中向西100米,电话：010-67611389,
北京宝瑞堂特价药房横六条分店,地址：北京丰台区南三环外顺二条筑梦园小区天外天烤鸭店向南200米,电话：010-51227613,
北京宝瑞堂特价药房大红门分店,地址：北京市丰台区大红门西里大红门鞋城向北200米,电话：010-67214391,
北京宝瑞堂特价药房知春里分店,地址：北京市海淀区中关村中学向南100米,电话：010-52408329,
北京宝瑞堂特价药房牡丹园分店,地址：北京市海淀区牡丹园中街小关西后街第二聋哑学校旁边,电话：010-62384599,
北京福瑞宏达大药房黄村分店,地址：北京市大兴区黄村镇清源西里秋扩1号店,电话：400-6809-890,
北京福瑞宏达大药房马驹桥分店,地址：北京市通州区马驹桥环科中路6号,电话：400-6809-890,
北京福瑞宏达大药房新源里分店,地址：北京市朝阳区新源里16号世方豪庭A座0102号,电话：400-6809-890,
北京福瑞宏达大药房远大路分店,地址：北京市海淀区远大园四区甲一号楼一层4号,电话：400-6809-890,
北京福瑞宏达大药房小稿村分店,地址：北京市通州区万盛北街28号,电话：400-6809-890,
北京福瑞宏达大药房广顺分店,地址：北京市朝阳区望京广顺南大街嘉润花园19号会所105号,电话：400-6809-890,
北京福瑞宏达大药房团结湖分店,地址：北京市朝阳区白家庄东里42号11号楼,电话：400-6809-890,
北京福瑞宏达大药房卢沟桥分店,地址：北京市丰台区卢沟桥南里10号院5号楼底商06,电话：400-6809-890,
北京福瑞宏达大药房万盛街分店,地址：北京市通州区万盛北街38号小稿村一期底商,电话：400-6809-890,
北京福瑞宏达大药房管庄分店,地址：北京市朝阳区管庄西里74号楼7单元102号,电话：400-6809-890,
北京福瑞宏达大药房大钟寺分店,地址：北京市海淀区金五星批发市场2厅内,电话：400-6809-890,
北京福瑞宏达大药房芍药居分店,地址：北京市朝阳区芍药居小区310号楼一层,电话：400-6809-890,
北京福瑞宏达大药房三间房分店,地址：北京市通州区玉桥西里72号院21号楼底商4号,电话：400-6809-890,
北京福瑞宏达大药房运河分店,地址：北京市通州区运河东大街柳岸景园1号楼,电话：400-6809-890,
北京福瑞宏达大药房熊猫环岛分店,地址：北京市朝阳区鼓楼外大街1号楼一层,电话：400-6809-890,
北京福瑞宏达大药房学院路分店,地址：北京市海淀区学院路6号院1-13,电话：400-6809-890,
北京福瑞宏达大药房延静里分店,地址：北京市朝阳区延静西里10号楼一层,电话：400-6809-890,
北京福瑞宏达大药房南磨房分店,地址：北京市朝阳区农光南路20号楼一层,电话：400-6809-890,
北京福瑞宏达大药房安贞店,地址：北京市朝阳区外馆东街51号,电话：400-6809-890,
北京福瑞宏达大药房玉桥分店,地址：北京市通州区玉桥北里小区41号楼,电话：400-6809-890,
北京福瑞宏达大药房鼓楼分店,地址：北京市东城区鼓楼东大街73号,电话：400-6809-890,
北京福瑞宏达大药房前门分店,地址：北京市东城区珠市口东大街346号东侧109号,电话：400-6809-890,
北京福瑞宏达大药房全海丰分店,地址：北京市朝阳区水碓子北里3号楼一层,电话：400-6809-890,
北京福瑞宏达大药房梨园分店,地址：北京市通州区梨园镇杨家洼255号,电话：400-6809-890,
北京福瑞宏达大药房青年路分店,地址：北京市朝阳区青年路雅城一里10号楼一层,电话：400-6809-890,
北京福瑞宏达大药房西北旺分店,地址：北京市海淀区西北旺傅家窑桥南平房,电话：400-6809-890,
北京福瑞宏达大药房丰管路分店,地址：北京市丰台区丰管路西国贸大厦科技孵化广场一层,电话：400-6809-890,
北京福瑞宏达大药房白家庄分店,地址：北京市朝阳区白家庄东里42号院2号楼一层,电话：400-6809-890,
北京福瑞宏达大药房双井分店,地址：北京市朝阳区广渠路66号院19号楼一层A1,电话：400-6809-890,
北京天保堂医药有限公司回立汤店,地址：北京市昌平区东小口镇中滩村南3号,电话：010-53321279,
北京隆元康药房有限公司,地址：北京市丰台区蒲黄榆路28号芳群1区3号B\/C综合楼一层北侧1-A3,电话：010-67683160,
北京京卫元华医药科技有限公司大药房药房网五棵松配送店,地址：北京市海淀区复兴路30-4号,电话：010-68133347,
北京京卫元华医药科技有限公司大药房大药房第十八店,地址：北京市朝阳区东三环中路,电话：010-87783387,
北京京卫元华医药科技有限公司大药房通州新华联南区店,地址：北京市通州区新华联家园小区8号楼312及412,电话：010-81557998,
北京京卫元华医药科技有限公司大药房大药房春秀路店,地址：北京市朝阳区春秀路甲24号,电话：010-88518899,
北京京卫元华医药科技有限公司大药房大药房22店,地址：北京市昌平区育知西路三合商业大厦内,电话：010-88820236,
北京京卫元华医药科技有限公司大药房大药房定福庄北街店,地址：北京市朝阳区定福庄北街家家乐超市内,电话：010-65408579 ,
北京京卫元华医药科技有限公司大药房大药房石景山八角店,地址：北京市石景山区石景山路24号,电话：010-68860949,
北京京卫元华医药科技有限公司大药房第四十六药店,地址：北京市大兴区东渠路1号,电话：010-87396040,
北京德安康泰大药房,地址：北京市东城区安德里北街甲18号,电话：010-84137918,
北京京卫元华医药科技有限公司大药房第三十五药店,地址：北京市大兴区天宝南街4号上海沙龙商业中心B16号,电话：010-67804797,
北京京卫元华医药科技有限公司大药房第四十二药店,地址：北京市门头沟区滨河路125号,电话：010-69821080,
北京京卫元华医药科技有限公司大药房第二十五药店,地址：北京市通州区杨庄路22号院7号楼,电话：010-60539521,
北京京卫元华医药科技有限公司大药房第三十四药店,地址：北京市朝阳区定福庄西街16号楼底商 ,电话：010-65476511,
北京京卫元华医药科技有限公司大药房第三十一药店,地址：北京市通州区杨庄南里5号,电话：010-81557998,
北京京卫元华医药科技有限公司大药房第十六药店,地址：北京市宣武区马连道80号2号楼底商104号 ,电话：010-63355499,
北京京卫元华医药科技有限公司大药房第二十一药店,地址：北京市丰台区大灰厂村464号,电话：010-52227330,
北京京卫元华医药科技有限公司大药房第三十九药店,地址：北京市海淀区物资学院路5号商业楼,电话：010-51600766,
北京京卫元华医药科技有限公司大药房第二十九药店,地址：北京市海淀区上地佳园2号裙房一段,电话：010-62982027,
北京京卫元华医药科技有限公司大药房第二十药店,地址：北京市朝阳区双井桥西北侧富力城B1层 ,电话：010-58621784,
北京京卫元华医药科技有限公司大药房第二十七药店,地址：北京市朝阳区百子湾16号百子园B区会所117,电话：010-87766959,
北京京卫元华医药科技有限公司大药房第二十六药店,地址：北京市海淀区复兴路79号-1 ,电话：010-68133347,
北京京卫元华医药科技有限公司大药房第十九药店,地址：北京市大兴区郁花园商业街一里四区底商5号 ,电话：010-60260359,
北京京卫元华医药科技有限公司大药房第十五药店,地址：北京市海淀区万泉庄万柳中路新纪元家园第2幢 ,电话：010-82573646,
北京京卫元华医药科技有限公司大药房第八药店,地址：北京市丰台区东大街8-21号,电话：010-63893002,
北京京卫元华医药科技有限公司大药房第十三药店,地址：北京市通州区通朝大街２０３号永湖商业广场1层 ,电话：010-81558405,
北京京卫元华医药科技有限公司大药房第七药店,地址：北京市西城区西便门西里15号,电话：010-83113115,
北京京卫元华医药科技有限公司大药房第十一药店,地址：北京市朝阳区西大望路甲23号,电话：010-58632346,
北京京卫元华医药科技有限公司大药房第五药店,地址：北京市海淀区稻香园小区20号楼,电话：010-82672695,
北京京卫元华医药科技有限公司大药房第十二药店,地址：北京市东城区东直门外小街10号院2号,电话：010-64620626,
北京京卫元华医药科技有限公司大药房第六药店,地址：北京市石景山区石景山路79号,电话：无,
北京京卫元华医药科技有限公司大药房第四药店,地址：北京市海淀区西三环中路3-6号,电话：010-88511305,
北京京卫元华医药科技有限公司大药房第二药店,地址：北京市海淀区人民大学北路1号院,电话：010-62519358,
北京京卫元华医药科技有限公司大药房第一药店,地址：北京市丰台区右安门外大街2号迦南公寓1楼 ,电话：010-83538040,
北京世纪本草大药房连锁有限责任公司青塔店,地址：北京市丰台区青塔东里社区卫生服务站,电话：010-68150591,
北京五洲全新万芳长春堂药店,地址：北京市丰台区南三环西路6号底商,电话：010-67548242,
北京五洲全新木樨园长春堂药店,地址：北京市丰台区西木栖园5号楼1层,电话：010-67256961,
北京五洲全新万柳园长春堂药店,地址：北京市丰台区万柳园小区34号楼,电话：010-63300743,
北京五洲全新骏景长春堂药店,地址：北京市丰台区永外果园43号珠江骏景中区1-123、1-124商铺,电话：010-87873863,
北京五洲全新农光里长春堂药店,地址：北京市朝阳区农光里22号,电话：010-67320401,
北京五洲全新弘善长春堂药店,地址：北京市朝阳区弘善家园302号楼4号,电话：010-87823445,
北京五洲全新左安门长春堂药店,地址：北京市东城区左安门内大街甲1号,电话：010-67123090,
北京五洲全新金鱼池长春堂药店,地址：北京市东城区金鱼池中街6号楼1层,电话：010-67016816,
北京五洲全新沙子口长春堂药店,地址：北京市东城区沙子口路8号,电话：010-67256025,
北京五洲全新光明楼长春堂药店,地址：北京市东城区光明楼27楼,电话：010-67157820,
北京五洲全新法华寺长春堂药店,地址：北京市东城区法华南里26号楼,电话：010-67123910,
北京五洲全新琉璃井长春堂药店,地址：北京市东城区永外琉璃井路19号,电话：010-87276697,
北京五洲全新国瑞千芝堂药店,地址：北京市东城区国瑞北路36号,电话：010-67170627,
北京五洲全新天坛万全堂药店,地址：北京市东城区天坛东路64号,电话：010-67125808,
北京五洲全新前门长春堂药店,地址：北京市东城区前门大街135号,电话：010-63029895,
北京五洲全新医药连锁花市南庆仁堂药店,地址：北京市东城区西花市大街53号,电话：010-67191602,
北京恒安百姓大药房,地址：北京市门头沟区增产路43号2、3室,电话：010-69839535,
北京嘉信普康医药有限公司第一分公司,地址：北京市大兴区黄村镇龙河路103号,电话：010-69239012,
北京德福同康大药房第四分店,地址：北京市房山区窦店镇沁园春景商业楼A号楼A—7,电话：010-53618328,
北京达济轩药店,地址：北京市房山区长阳镇葫芦垡村昌顺路24号,电话：010-60351941,
北京东方盈欣医药有限责任公司,地址：北京市丰台区南苑北里三区17号楼前底商房18号,电话：010-56220210,
北京诚泰堂药店,地址：北京市海淀区展春园小区19号一层,电话：010-62319148,
北京永和堂药店,地址：北京市房山区良乡北秀街2号,电话：010-69371288,
北京露润堂大药房有限公司泽川堂药店,地址：北京市丰台区吴家村2号1幢平房,电话：010-68650631,
北京露润堂大药房有限公司,地址：北京市丰台区小屯西路66号院3号楼1层01商业03,电话：010-83839656,
北京保泰堂医药有限公司,地址：北京市海淀区西土城路10号,电话：010-62283927,
北京金旭仁和医药有限公司,地址：北京丰台区角门北路甲8号,电话：010-67543424,
北京天保堂医药有限公司学院路店,地址：北京市海淀区学院路17号1幢,电话：010-62311978,
北京天保堂医药有限公司安德路药店,地址：北京市西城区安德路118号美廉美超市内,电话：010-82258840,
北京天保堂医药有限公司紫竹桥店,地址：北京市海淀区甘家口街道潘庄101号,电话：010-68469639,
北京天保堂医药有限公司佳益药房,地址：北京市宣武区老墙根街107号院3号楼底商,电话：010-63181126,
北京天保堂医药有限公司平乐园店,地址：北京市朝阳区磨房北里129号楼底商,电话：010-67355958,
北京天保堂医药有限公司永定路店,地址：北京市海淀区采石路口11号48号院对过107号院3号楼,电话：010-88278662,
北京天保堂医药有限公司金林药店,地址：北京市海淀区林大北路18号文成杰座首层B-18号,电话：010-82367043,
北京天保堂医药有限公司丰益药店,地址：北京市丰台区东大街6号院底商北二间,电话：010-63835705 ,
北京天保堂医药有限公司弘燕药店,地址：北京市朝阳区周庄嘉园东里1号楼1号底商,电话：010-67493886,
北京天保堂医药有限公司兴益药店,地址：北京市大兴区黄村镇京开公路碱河桥北,电话：010-69290252,
北京天保堂医药有限公司高碑店店,地址：北京市朝阳区高碑店北路5-2,电话：010-85768223,
北京天保堂医药有限公司公益药店,地址：北京市丰台区右安门外马家堡西路四项3村甲4号,电话：010-67585132,
北京天保堂医药有限公司芍药居店,地址：北京市朝阳区太阳宫乡芍药居村甲3号院内第三幢楼一层102-105门,电话：010-57620028,
北京天保堂医药有限公司康益药店,地址：北京市大兴区黄村镇观音寺小区双河南巷26号,电话：010-69251276,
北京天保堂医药有限公司思益药店,地址：北京市丰台区金家村1号院8号楼底商,电话：010-52858308,
北京天保堂医药有限公司恒德康大药房,地址：北京市大兴区西红门月苑小区,电话：010-80259960,
北京市利君堂大药房连锁有限公司和平里分店,地址：北京市东城区花园东区7号楼1层,电话：010-84250504,
北京天保堂医药有限公司车公庄店,地址：北京市海淀区车公庄大街2号,电话：010-68367155,
北京天保堂医药有限公司陶然亭店,地址：北京市西城区陶然亭路16号1层102室,电话：010-63550749,
北京天保堂医药有限公司西坝河店,地址：北京市朝阳区西坝河东里3号楼底商,电话：010-64666951,
北京市利君堂大药房连锁有限公司蒋宅口分店,地址：北京市东城区安外甘水桥16-2号底商,电话：010-64264212,
北京天保堂医药有限公司联想桥店,地址：北京市海淀区皂君庙14号院1号楼1层105室,电话：010-62114086,
北京天保堂医药有限公司房芳群园店,地址：北京市丰台区方庄芳群园4区19号楼3号（平房）,电话：010-67690788,
北京市利君堂大药房连锁有限公司北河沿分店,地址：北京市东城区北河沿大街81-2号,电话：010-64036331,
北京鼎好恒康大药房,地址：北京市丰台区王佐镇南宫综合市场南街1、2号,电话：010-83319246,
北京鼎好康盛大药房,地址：北京市丰台区长辛店镇太子峪村紫峪嘉园一号楼一层,电话：010-83848497,
北京市利君堂大药房连锁有限公司太平街分店,地址：北京市西城区太平街5号,电话：010-63533049,
北京鼎好平安大药房,地址：北京市丰台区王佐镇东王佐村东大灰场路北,电话：010- 83391805,
北京益景康泰药店,地址：北京市石景山区古城西路甲8号-3,电话：010-68863817,
北京天通苑润竹药店有限公司第七分店,地址：北京市朝阳区朝新嘉园东里五区18号楼1至2层106,电话：010-53368301,
北京天保堂医药有限公司立昌药店,地址：北京市昌平区东小口镇立汤路北方明珠大厦一层,电话：010-58608303,
北京瑞福康华大药房有限责任公司,地址：北京市丰台区南宫迎宾路33号院10号,电话：010-83634785,
北京天天好大药房有限公司远大路店,地址：北京市海淀区蓝靛厂金夕园甲一号2段 一层西侧第一间,电话：010-88456782,
北京天保堂医药有限公司回龙观店,地址：北京市昌平区回龙观回龙园东北门,电话：010-81715590,
北京天通苑润竹药店第八分店,地址：北京市朝阳区崔各庄乡奶西村887号A1-01、02、03,电话：010-53368301,
北京天保堂医药有限公司房角门店,地址：北京市丰台区角门路14号院15号楼,电话：010-67509817,
北京朱家坟医圣堂大药房,地址：北京市丰台区长辛店朱家坟第二粮店,电话：010- 83841412,
北京天通苑润竹药店有限公司虹桥分店,地址：北京市昌平区东小口镇白坊村东北京利康玉苑珠宝市场有限公司西北排001、002号,电话：010-53368301,
北京养生堂药店有限公司霍营店,地址：北京市昌平区8号线地铁霍营E出口20米,电话：无,
北京市利君堂大药房连锁有限公司宽街分店,地址：北京市东城区张自忠路10号,电话：010-64046689,
北京养生堂药店有限公司北京站店,地址：北京市东城区建国门内大街18号,电话：无,
北京天通苑润竹药店有限公司南七家二分店,地址：北京市昌平区北七家镇南七家庄村606号,电话：010-53368301,
北京市利君堂大药房连锁有限公司新街口分店,地址：北京市西城区新街口北大街55号,电话：010-62237903,
北京养生堂药店有限公司新店公益西桥店,地址：北京市丰台区地铁四号线公益西桥站,电话：无,
北京天通苑润竹药店有限公司南七家一分店,地址：北京市昌平区北七家镇南七家庄村306号,电话：010-53368301,
北京市利君堂大药房连锁有限公司,地址：北京市丰台区刘家村甲1号,电话：010-64036331,
北京城关华福药店,地址：北京市房山区城关镇南斜街永乐园三里城关小学南100米,电话：无,
北京大地阳光医药经营有限公司,地址：北京市朝阳区延静里中街甲18号5号楼商铺19,电话：无,
北京养天和科贸有限公司养天和北苑大药房分公司,地址：北京市朝阳区水岸庄园1010号楼201-2 ,电话：010-84203668,
北京天通苑润竹药店白坊分店,地址：北京市昌平区东小口镇白坊村东侧门面房D排3、4、5号,电话：010-53368301,
北京鼎好百年大药房有限责任公司,地址：北京市丰台区王佐镇长青路87号院2号商业楼一层西侧一号,电话：010-83634695,
北京市天天祥瑞大药房有限公司,地址：北京市通州区宋庄镇北刘村委会东北50米,电话：010-53359918,
北京养生堂药店有限公司酒仙桥店,地址：北京市朝阳区京密路广顺南大街万红西街,电话：无,
北京养生堂药店有限公司清河店,地址：北京市朝阳区清河永泰庄北路惠邻超市,电话：无,
北京世纪本草大药房连锁有限责任公司回龙观西大街店,地址：北京市昌平区回龙观西大街19号,电话：400-6621-398,
北京世纪本草大药房连锁有限责任公司光彩店,地址：北京市丰台区光彩路贾家花园3号院19号楼01层,电话：400-6621-398,
北京世纪本草大药房连锁有限责任公司西什库店,地址：北京市西城区西什库大街31号顺天府综合超市 ,电话：400-6621-398,
北京世纪本草大药房连锁有限责任公司万芝堂店,地址：北京市石景山区鲁谷大街东侧永辉超市二层B010,电话：400-6621-398,
北京世纪本草大药房（连锁）有限责任公司玉林南路店,地址：北京市丰台区右安门外花园170号,电话：400-6621398,
北京世纪本草大药房连锁有限责任公司西安门店,地址：北京市西城区西安门大街197号1号 ,电话：400-6621-398,
北京世纪本草大药房连锁有限责任公司立水桥店,地址：北京市昌平区东小口镇东辰小区,电话：400-6621-398,
北京棘津堂医药有限责任公司北京翠微路药店,地址：北京市海淀区翠微路26号 3号平房,电话：010-68256621,
北京世纪本草大药房连锁有限责任公司金宝街店,地址：北京市东城区朝阳门南小街16-1-1 ,电话：400-6621-398,
北京世纪本草大药房连锁有限责任公司北兴路店,地址：北京市大兴区西红门镇北兴路光辉伟业市场西50米物美超市,电话：无,
北京世纪本草大药房连锁有限责任公司右安门店,地址：北京市丰台区右安门外东二条53号 ,电话：400-6621-398,
北京养生堂药店有限公司半壁店店,地址：北京市海淀区田村路天下城市场二层,电话：无,
北京养生堂药店有限公司南沙滩店,地址：北京市朝阳区京藏高速辅路西侧万家灯火灯具城,电话：无,
北京世纪本草大药房连锁有限责任公司百荣店,地址：北京市东城区永定门外大街101-1号楼负一层,电话：400-6621-398,
北京世纪本草大药房连锁有限责任公司石门店,地址：北京是顺义区顺西北路乙22号1幢物美超市内1006号,电话：400-6621-398,
北京世纪本草大药房连锁有限责任公司左家庄店,地址：北京市朝阳区静安里19号丙楼1层19丙-2内04,电话：400-6621-398,
北京养生堂药店有限公司慈云寺店,地址：北京市朝阳区东四环慈云寺桥西北角家乐福超市地下一层,电话：无,
北京养生堂药店有限公司采石路,地址：北京市海淀区北太平路玉泉东市场南门铁印宾馆一层,电话：无,
北京世纪本草大药房连锁有限责任公司亦庄店,地址：北京市大兴区亦庄镇泰河园一里一区14号楼（2F-A01）,电话：400-6621-398,
北京世纪本草大药房连锁有限责任公司大屯店,地址：北京市朝阳区安慧北里逸园甲11号楼102号,电话：400-6621-398,
北京养生堂药店有限公司管庄店,地址：北京市朝阳区管庄路京客隆超市二层,电话：无,
北京养生堂药店有限公司大钟寺店,地址：北京市海淀区北三环大钟寺家乐福超市地下二层,电话：无,
北京美信康年大药房有限责任公司,地址：北京市大兴区经济技术开发区西环北路23号1层,电话：010-67888761,
北京世纪本草大药房连锁有限责任公司大成路店,地址：北京市丰台区大成路6号院1号楼2层2-01,电话：400-6621-398,
北京世纪本草大药房连锁有限责任公司天秀店,地址：北京市海淀区肖家河正黄旗8号 ,电话：400-6621-398,
北京养生堂药店有限公司北辰店,地址：北京市朝阳区安贞西里二区甲5号,电话：无,
北京养生堂药店有限公司呼家楼店,地址：北京市朝阳区朝阳北路京龙大厦一层,电话：无,
北京同仁堂博塔医药有限责任公司,地址：北京市海淀区太阳园小区13号楼1层1-7 ,电话：010-82121966,
北京世纪本草大药房连锁有限责任公司金利康店,地址：北京市丰台区五里店南里17号楼,电话：400-6621-398,
北京世纪本草大药房连锁有限责任公司百旺店,地址：北京市海淀区圆明园西路2号农大商场一层 ,电话：400-6621-398,
北京养生堂药店有限公司东花市店,地址：北京市东城区广渠门内大街家乐福超市,电话：无,
北京养生堂药店有限公司北沙滩店,地址：北京市海淀区北沙滩6号院,电话：无,
北京同仁堂博塔医药有限责任公司王府井药店,地址： 北京市东城区王府井大街255号王府井百货大楼地下一层,电话：010-85115191,
北京世纪本草大药房连锁有限责任公司望园店,地址：北京市丰台区望园西里17号楼,电话：400-6621-398,
北京世纪本草大药房连锁有限责任公司白纸坊店,地址：北京市西城区鸭子桥南里45号B03-06号,电话：无,
北京养生堂药店有限公司二里庄店,地址：北京市海淀区志新西路14号,电话：无,
北京养生堂药店有限公司马家堡店,地址：北京市丰台区南三环右安南桥东南角马家堡家乐福超市地下一层,电话：无,
北京世纪本草大药房连锁有限责任公司京施康店,地址：北京市西城区广安门外红居街朗琴园2座底商2-3号 ,电话：无,
北京沐林润竹药店,地址：北京市昌平区东小口镇天通东苑二区4号楼6单元1-1号,电话：010-53368301 ,
北京养生堂药店有限公司马家堡东路店,地址：北京市丰台区马家堡东路106号2号楼永辉超市三层,电话：无,
北京养生堂药店有限公司学院路店,地址：北京市海淀区学清路甲8号,电话：无,
北京谢安堂大药房,地址：北京市海淀区西钓鱼台嘉园9号楼104室,电话：010-68249086,
北京养生堂药店有限公司魏公村店,地址：北京市海淀区魏公村韦伯豪家园,电话：无,
北京养生堂药店有限公司马连道店,地址：北京市西城区马连道家乐福超市二层,电话：无,
北京养生堂药店有限公司民族园店,地址：北京市朝阳区民族园路一号,电话：无,
北京养生堂药店有限公司石景山店,地址：北京市石景山区万达广场家乐福超市B1层,电话：无,
北京养生堂药店有限公司万寿路店,地址：北京市海淀区万寿路地铁口,电话：无,
北京养生堂药店有限公司五孔桥店,地址：北京市海淀区西四环定慧北桥家乐福,电话：010-52963519,
北京养生堂药店有限公司小西天店,地址：北京市海淀区小西天牌楼往西150米路南志强园8号楼一层,电话：无,
北京养生堂药店有限公司蓟门桥店,地址：北京市海淀区蓟门里社区,电话：无,
北京养生堂药店有限公司紫竹店,地址：北京市海淀区西三环紫竹桥东南,电话：无,
北京养生堂药店有限公司联想桥店,地址：北京市海淀区北三环联想桥东北角金五星服装市场,电话：无,
康佰馨二十九分公司店,地址：北京市海淀区民族大学西路66号院1号楼1层A04,电话：010-68937566,
康佰馨二十七分公司店,地址：北京市海淀区北洼路,电话：010-68404939,
康佰馨十八分公司店,地址：北京市朝阳区东大桥路8号SOHO尚都1101号 ,电话：010-59009487,
北京养生堂药店有限公司北土城店,地址：北京市海淀区北土城西路塔院小区南门西侧,电话：无,
北京养生堂药店有限公司黄土店店,地址：北京市昌平区回龙观黄平路龙旗广场永辉超市一层,电话：无,
康佰馨十七分公司店,地址：北京市朝阳区永安西里10号16号平房,电话：010-65663020,
北京养生堂药店有限公司中关村店,地址：北京市海淀区中关村南路21号,电话：无,
康佰馨二十六分公司店,地址：北京市朝阳区定福庄西街6号楼一层,电话：010-65722377,
北京养生堂药店有限公司北苑店,地址：北京市朝阳区立汤路龙德广场家乐福三层,电话：无,
康佰馨十五分公司店,地址：北京市西城区西四南大街76号,电话：010-66069786,
北京养生堂药店有限公司香槟路店,地址：北京市朝阳区北五环广顺桥西北角欧尚超市地下一层特力屋对面,电话：无,
北京养生堂药店有限公司广渠路店,地址：北京市朝阳区东三环中路22号楼地下二层SJB2-12A号场地,电话：无,
康佰馨二十五分公司店,地址：北京市海淀区大慧寺12号,电话：010-62136623,
北京养生堂药店有限公司府学路店,地址：北京市昌平区府学路16号金五星服装百货城一层东侧,电话：无,
北京养生堂药店有限公司十里河店,地址：北京市朝阳区十里河桥东弘燕南一路山水文园御景园南侧永辉超市一层,电话：无,
北京德泰康好药师大药房,地址：北京市西城区德外新风街3号天秀市场1号厅,电话：010-62027199,
北京京海康佰馨医药有限责任公司二十四分公司,地址：北京市通州区张家湾镇里二泗村186号,电话：无,
康佰馨十四分公司店,地址：北京市通州区张家湾镇上店村511号,电话：无,
北京好药师大药房马连道店,地址：北京市西城区马连道路2号,电话：010-63468994,
北京养生堂药店有限公司文华东路店,地址：北京市海淀区回龙观镇文华东路32号,电话：无,
北京养生堂药店有限公司垡头店,地址：北京市朝阳区垡头翠城馨园甲401号楼永辉超市一层,电话：无,
康佰馨二十三分公司店,地址：北京市朝阳区北苑路186号4号楼6号,电话：010-64304713,
康佰馨十三分公司店,地址：北京市东城区南河沿大街103号-4,电话：010-65123975,
北京昊民好药师大药房,地址：北京市顺义区顺通路平各庄段东侧(粮库),电话：13126853423 ,
北京养生堂药店有限公司回龙观西大街店,地址：北京市昌平区八达岭高速回龙观北郊农场桥东南角永辉超市二层,电话：无,
北京养生堂药店有限公司双井店,地址：北京市朝阳区广渠路31号,电话：无,
康佰馨二十二分公司店,地址：北京市东城区隆福寺前街1号一层,电话：010-84038855,
康佰馨七分公司店,地址：北京市朝阳区高家园小区311号中部,电话：010-64372259,
康佰馨十二分公司店,地址：北京市朝阳区建外大街18号1号楼一层105,电话：010-65157226,
北京养生堂,地址：北京市,电话：400-000-0000,
北京养生堂药店有限公司回龙观华联店,地址：北京市昌平区回龙观北京华联同成街购物中心三层,电话：无,
康佰馨二十一分公司店,地址：北京市朝阳区慈云寺北里207号楼1层125号、126号、127号,电话：010-85790929,
康佰馨六分公司店,地址：北京市朝阳区麦子店西路九号,电话：010-64689649,
康佰馨十一分公司店,地址：北京市海淀区紫金数码园4号楼1层0110,电话：010-62415002,
康佰馨三十分公司店,地址：北京市朝阳区青年路29号院23号楼1层23-5 ,电话：010-58777499,
康佰馨二十分公司店,地址：北京市朝阳区光华路北3号楼1层3-2,电话：010-65000110,
北京市福源好药师大药房,地址：北京市顺义区后沙峪镇铁匠营村铁十字街1号,电话：无,
康佰馨十分公司店,地址：北京市朝阳区建国门外光华里1号楼一层,电话：010-65923661,
北京京海康佰馨医药有限责任公司九分公司,地址：北京市朝阳区东八里庄38号,电话：010-59630615,
康佰馨五分公司店,地址：北京市朝阳区大屯里小区115号楼103室,电话：010-84806906,
北京京海康佰馨医药有限责任公司八分公司,地址：北京市朝阳区安苑北里14号楼,电话：010-64812273,
康佰馨四分公司店,地址：北京市朝阳区南湖西里小区北侧A1、A2、A3、A4号,电话：010-64753702,
北京丰源祥好药师药房,地址：北京市石景山区八大处二区11号楼一层9号,电话：无,
北京邢各庄药店,地址：北京市大兴区黄村镇邢各庄村农贸市场5号,电话：010-61262788,
康佰馨三分公司店,地址：北京市朝阳区望京花园东区西门1号,电话：010-64700356,
北京好药师大药房怀柔青春路店,地址：北京市怀柔区湖光小区33号院梅苑8号楼4号-2,电话：010-69683114,
北京圣水堂医药有限公司,地址：北京市顺义区仁和镇平各庄村村委会北侧380米,电话：无,
北京嘉事堂昌泰康药店,地址：北京市昌平区东小口镇天通苑6区24楼,电话：010-84816514,
北京市保民康九州通大药房,地址：北京市海淀区永定路105号,电话：010-68226155,
北京嘉事堂金顶街西口药店,地址：北京市石景山区金顶街,电话：010-88725181,
北京嘉事堂古城药店,地址：北京市石景山区古城南路1号楼1层,电话：010-68875474,
北京分钟寺好药师大药房,地址：北京市丰台区枣林街甲89号,电话：010-87698603,
康佰馨二分公司店,地址：北京市朝阳区百子湾路甲16号2号楼S-106室,电话：010-87745922,
北京嘉事堂苹果园药店,地址：北京市石景山区苹果园邮局南侧,电话：010-68840064,
北京航天城好药师大药房,地址：北京市海淀区西北旺镇唐家岭路8号,电话：010-82771672 ,
北京泰瑞堂大药房有限公司,地址：北京市西城区广外南街47号一层 ,电话：010-63314533,
北京嘉事堂五里坨药店,地址：北京市石景山区五里坨,电话：010-88903222,
北京嘉事堂模北药店,地址：北京市石景山区模式口北里40号,电话：010-88748297,
北京泰芝堂好药师大药房,地址：北京市丰台区岳家楼桥南西郊苗圃2号院,电话：010-51805262,
北京嘉事堂八大处药店,地址：北京市石景山区西下庄商业楼一层,电话：010-88969586,
北京红门好药师大药房,地址：北京市丰台区南苑乡果园村果园煤场,电话：010-87205259,
康佰馨一分公司店,地址：北京市朝阳区利泽西园114号楼109、110、111室,电话：010-84729157,
北京嘉事堂模式口药店,地址：北京市石景山区模式口西里商贸楼一层,电话：010-88722468,
北京嘉事堂石景山药店,地址：北京市石景山区石景山路45号,电话：010-68860540,
北京田村好药师大药房,地址：北京市海淀区田村山南路9好田村山庄1号楼,电话：010-68216718,
北京百福康堂好药师大药房,地址：北京市丰台区西四环中路140号岳各庄批发市场综合楼一层,电话：010-51101855,
北京嘉事堂万泉庄药店,地址：北京市海淀区巴沟村南路汇通花园11楼103号,电话：010-82571362,
北京嘉事堂杨庄药店,地址：北京市石景山区杨庄中区16号楼底商08号,电话：010-68869184,
北京嘉事堂世纪众康药店,地址：北京市海淀区昆明湖南路11号楼一层101号,电话：010-88435244,
北京嘉事堂鲁谷药店,地址：北京市石景山区鲁谷东区72号一层北平房,电话：010-68652154,
北京益普好药师大药房,地址：北京市丰台区南顶路281号,电话：010-87877638,
北京康和盛世好药师大药房,地址：北京市海淀区双榆树北路甲4号西平房北起8号,电话：010-82111170,
北京广伟堂好药师大药房,地址：北京市丰台区五里店小区南莱市场,电话：010-83652838,
北京嘉事堂永乐药店,地址：北京市石景山区永乐西小区,电话：010-68650740,
北京嘉事堂八角北里药店,地址：北京市石景山区八角北路甲18号一层,电话：010-68861519,
北京嘉事堂中关村店,地址：北京市海淀区海淀通惠寺3号68号楼一层,电话：010-62524353,
北京畅鑫堂好药师大药房,地址：北京市海淀区二里庄小区第四干休所,电话：010-62311676,
北京万祥堂好药师大药房,地址：北京市丰台区首经贸北路8号院1号楼A段110号,电话：010-83677289,
北京嘉事堂北辛安药店,地址：北京市石景山区北辛安大街77号,电话：010-68872424,
北京嘉事堂玉泉路药店,地址：北京市海淀区复兴路48号一层,电话：010-68150618,
北京马家堡好药师大药房,地址：北京市丰台区马家堡西里31号楼南商业用房,电话：010-67529794,
北京华霖堂医药有限公司,地址：北京市通州区马驹桥镇景盛北一街16号珠江逸景家园207-04号 ,电话：010-57123983,
北京嘉事堂八角药店,地址：北京市石景山区八角南路1号,电话：010-68840570,
北京嘉事堂上庄药店,地址：北京市海淀区上庄乡政府东侧,电话：010-82479168,
北京嘉事堂温阳路药店,地址：北京市海淀区温泉乡北京分析仪器厂宿舍区,电话：010-62489149,
北京嘉事堂玉泉北路药店,地址：北京市石景山区玉泉北路甲1号 ,电话：010-88257428,
北京嘉事堂惠康药店,地址：北京市海淀区温泉路千禧百旺超市北侧,电话：010-62400870,
北京嘉事堂聂各庄药店,地址：北京市海淀区聂各庄路24号,电话：010-62400896,
北京嘉事堂红旗村药店,地址：北京市海淀区香山红旗村,电话：010-82598755,
北京嘉事堂西小营药店,地址：北京市海淀区苏家镇西小营村温阳路东平房,电话：010-62489628,
北京嘉事堂连锁药店有限责任公司垂虹园店,地址：北京市海淀区世纪城蓝靛厂居住区垂虹园甲3号B段,电话：010-88866780,
北京康之林好药师大药房,地址：北京市丰台区槐房村槐房钓鱼公园北门面房3号,电话：010-67916465,
北京嘉事堂连锁药店有限责任公司魏公村店,地址：北京市海淀区中关村南大街12号[超市发超市内],电话：010-62111520,
北京嘉事堂北新家园药店,地址：北京市海淀区西三旗物业公司一号楼,电话：010-82920113,
北京嘉事堂连锁药店有限责任公司蓝润店,地址：北京市海淀区中关村南大街12号,电话：010-82621567,
北京嘉事堂公主坟路药店,地址：北京市海淀区西三环中路19号-1,电话：010-63942989,
北京嘉事堂西三旗药店,地址：北京市海淀区西三旗新都路1号,电话：010-82902249,
北京嘉事堂蓝靛厂药店,地址：北京市海淀区蓝靛厂居住区（世纪城三期）时雨园2号楼21单元,电话：010-88861402,
北京嘉事堂小营药店,地址：北京市海淀区清河小营环岛建材城六厅1号,电话：010-62949460,
北京嘉事堂西翠路药店,地址：北京市海淀区万寿路1号院4号平房,电话：010-68165540,
北京好药师大药房第一分店,地址：北京市丰台区长辛店杜家坎18号,电话：010-83842646 ,
北京嘉事堂皂甲屯药店,地址：北京市海淀区上庄镇上庄村上庄中心小学旁平房,电话：010-82475463,
北京嘉事堂仁康药店,地址：北京市丰台区卢沟桥晓月中路2号,电话：010-83896740,
北京好药师大药房第六分店,地址：北京市丰台区花乡银地家园2期1号楼8号底商,电话：无,
北京嘉事堂厢红旗药店,地址：北京市海淀区厢红旗三号院35楼1-16-20,电话：010-62866305,
北京嘉事堂普惠桥药店,地址：北京市海淀区普惠北里18号,电话：010-88614568,
北京嘉事堂楚康药店,地址：北京市丰台区卢沟桥晓月苑垂虹街7号,电话：010-83218314,
北京鹏鸿堂好药师大药房,地址：北京市丰台区靛厂路302医院家属住宅楼底商,电话：010-88246585,
北京嘉事堂翠微路药店,地址：北京市海淀区复兴路20号东南铺面房,电话：010-68211986,
北京嘉事堂温泉药店,地址：北京市海淀区温泉镇太舟坞物美超市29号,电话：010-62485944,
北京嘉事堂永丰药店,地址：北京市海淀区上庄商业楼一层,电话：010-82475317,
北京嘉事堂朱家坟药店,地址：北京市丰台区朱家坟五里二号院,电话：010-83853998,
北京嘉事堂甘家口药店,地址：北京市海淀区甘家口三里河路17号甘家口大厦B1,电话：010-88392569,
北京嘉事堂牡丹园药店,地址：北京市海淀区花园北路25号,电话：010-62051419,
北京嘉事堂广通苑药店,地址：北京市海淀区广通苑小区四号楼,电话：010-62251609,
北京好药师大药房芳菲路店,地址：北京市丰台区芳菲路90号1层02房,电话：无,
北京嘉事堂百朗园药店,地址：北京市海淀区永定路西里2号楼一层,电话：010-68275694,
北京嘉事堂知春里药店,地址：北京市海淀区知春里甲23号,电话：010-62554412,
北京好药师大药房第三分店,地址：北京市丰台区万泉寺梆子井37号,电话：010-63331923,
北京嘉事堂长安街药店,地址：北京市海淀区万寿路乙65号,电话：010-68210912,
北京嘉事堂西寿山堂药店,地址：北京市丰台区长辛店陈庄大街19号,电话：010-83876519,
北京嘉事堂蓟门里药店,地址：北京市海淀区蓟门小区南10号楼南侧1-1号,电话：010-82081897,
北京德笑堂好药师大药房,地址：北京市丰台区大红门西路16--15号,电话：010-87505952,
北京嘉事堂连锁药店有限责任公司北蜂窝店,地址：北京市海淀区北蜂窝路16号,电话：010-63983571,
北京嘉事堂北天和永药店,地址：北京市丰台区长辛店大街150号,电话：010-83876137,
北京嘉事堂永德康正药店,地址：北京市海淀区温泉街138号一区6号平房,电话：无,
北京好药师怡海大药房,地址：北京市丰台区丰台科学城恒富中街2号院一号楼1288号,电话：010-63785315,
北京嘉事堂海淀五棵松药店,地址：北京市海淀区复兴路丙65号临五,电话：010-68211695,
北京好药师大药房第二分店,地址：北京市丰台区看丹村438号,电话：010-63750948,
北京嘉事堂骑和楼药店,地址：北京市东城区骑河楼街24号,电话：010-85175132,
北京好药师大药房方庄店,地址：北京市丰台区方庄芳城园一区11号楼,电话：无,
北京永泰安好药师大药房,地址：北京市丰台区大红门东后街184号,电话：010-67275539,
北京嘉事堂恩济庄药店,地址：北京市海淀区恩济里96号,电话：010-88117278,
北京嘉事堂草桥药店,地址：北京市丰台区草桥东路14号楼商用房1G,电话：010-67505608,
北京嘉事堂望远路药店,地址：北京市丰台区小井润园二区,电话：010-63838928,
北京嘉事堂半壁店药店,地址：北京市海淀区田村路39号4号楼,电话：010-88622596,
北京嘉事堂裕丰大药房,地址：北京市丰台区文体路7号东平房,电话：010-63804330,
北京嘉事堂东高地药店,地址：北京市丰台区东高地六营门梅园小区44号楼104号,电话：010-67065805,
北京嘉事堂春盛堂药店,地址：北京市丰台区朱家坟西里煤厂1号门,电话：010-83864256,
北京嘉事堂和义药店,地址：北京市丰台区南苑路116号,电话：010-67990724,
北京嘉事堂东草药店,地址：北京市丰台区东高地南街3号,电话：010-67985676,
北京好药师大药房东花市店,地址：北京市东城区东花市大街2号院3号楼1层,电话：010-51005299,
北京同济安康好药师大药房,地址：北京市大兴区青云店镇南大红门,电话：010-80212039 ,
北京嘉事堂五里店药店,地址：北京市丰台区五里店270号,电话：010-63840952,
北京嘉事堂刘家窑药店,地址：北京市丰台区永外定安里11楼,电话：010-67225448,
北京京润堂好药师大药房,地址：北京市朝阳区西坝河北里7号院,电话：010-64281201,
北京同笑堂九州通大药房,地址：北京市朝阳区六里屯东里9号楼,电话：010-65935082 ,
北京林兴堂好药师大药房,地址：北京市大兴区旧宫镇旧忠路9栋4号,电话：010-87916693,
北京嘉事堂南开地药店,地址：北京市丰台区丰台镇桥南看丹路30号,电话：010-63712096,
北京民康好药师大药房,地址：北京市朝阳区朝阳路十里堡(北京印染厂南院)73号平房,电话：010-65562849,
北京嘉事堂三里药店,地址：北京市房山区良乡行宫园小区三里10号楼2单元101号,电话：010-89351034,
北京嘉事堂仙仁堂药店,地址：北京市丰台区西罗园八区商业楼,电话：010-87277254,
北京嘉事堂怡海康药店,地址：北京市丰台区科学城邻枫路3号院1号楼底商,电话：010-63733349,
北京嘉事堂房山药店,地址：北京市房山区良乡镇明源路2—3号门,电话：010-69372033,
北京嘉事堂张坊药店,地址：北京市房山区张坊镇张坊村南欣街1号,电话：010-61339899,
北京嘉事堂幸福村药店,地址：北京市朝阳区幸福中路G座G段,电话：010-64132436,
北京嘉事堂保和堂药店,地址：北京市丰台区蒲黄榆二里,电话：010-67612305,
北京恒生泰好药师大药房,地址：北京市朝阳区十里堡甲3号院内南侧10-12号,电话：010-65586510,
北京好药师大药房大洋坊路店,地址：北京市朝阳区十八里店乡大洋坊路横街子村232号,电话：010-87303570,
北京嘉事堂长顺药店,地址：北京市房山区长沟镇长沟大街,电话：010-61363105,
北京顺源好药师大药房,地址：北京市昌平区沙河镇沙阳路9号院8号,电话：010-80704076,
北京博鹏好药师大药房,地址：北京市大兴区黄村镇三间房开发区5号,电话：010-61268083,
北京嘉事堂盛年堂药店,地址：北京市丰台区西幸福街1号楼底商1-10,电话：010-63823493,
北京好药师大药房定辛庄店,地址：北京市朝阳区黑庄户乡定辛庄村甲3号,电话：010-85375093,
北京嘉事堂阎村药店,地址：北京市房山区阎村镇大董村路口,电话：010-89318298,
北京嘉事堂劲松桥药店,地址：北京市朝阳区东三环南路富顿中心C105,电话：010-58672109,
北京嘉事堂南山堂药店,地址：北京市丰台区南苑东头道街29号,电话：010-67991232,
北京嘉事堂看丹桥药店,地址：北京市丰台区新华街五里十一号楼平房,电话：010-63753035,
北京嘉事堂新镇药店,地址：北京市房山区阎村镇南坊村,电话：010-60389724,
北京瑞祺康乐好药师大药房,地址：北京市昌平区阳坊镇阳坊村(原器材厂院外),电话：010-80704076,
北京南口好药师大药房,地址：北京市昌平区南口镇马房村南马路路南,电话：010-89792996 ,
北京同华路好药师大药房,地址：北京市大兴区大兴区西红门镇四村同华路8号,电话：无,
北京嘉事堂洋桥药店,地址：北京市丰台区大红门西路19号,电话：010-67226101,
北京嘉事堂北潞园药店,地址：北京市良乡北潞园小区北潞春E7楼,电话：010-89361094,
北京嘉事堂月华药店,地址：北京市房山区良乡拱辰北大街19号,电话：010-69353507,
北京万家瑞大药房连锁有限公司康平店,地址：北京市平谷区平谷镇新平北路63号院1号楼4单元2号,电话：010-58554913,
北京嘉事堂圣草堂药店,地址：北京市丰台区东大街6号,电话：010-63812046,
北京庆林好药师大药房,地址：北京市朝阳区上辛堡939总站3号,电话：010-51274086,
北京好药师大药房望花路店,地址：北京市朝阳区望花路西里小区23号楼,电话：无,
北京嘉事堂圣福兴药店,地址：北京市房山区房山城关北大街6号,电话：010-69319474,
北京嘉事堂松榆里药店,地址：北京市朝阳区松榆里17号楼,电话：010-67306001,
北京嘉事堂河北镇药店,地址：北京市房山区河北镇河南村,电话：010-60371292,
北京好药师大药房朝阳路店,地址：北京市朝阳区朝阳路67号10号楼139号.140号,电话：010-85763077,
北京嘉事堂兴月平安药店,地址：北京市房山兴房大街6号,电话：010-89324535,
北京嘉事堂万客隆酒仙桥店,地址：北京市朝阳区酒仙桥路12号,电话：010-84569049,
北京嘉事堂十渡药店,地址：北京市房山区十渡镇十渡村,电话：010-61348091,
北京嘉事堂东辛店二店,地址：北京市朝阳区崔各庄乡东辛店村217号,电话：无,
北京嘉事堂新源里药店,地址：北京市朝阳区左家庄新源街24号京源商场一层,电话：010-64671079,
北京嘉事堂东辛店药店,地址：北京市朝阳区崔各庄乡（南皋）东辛店村191号,电话：无,
北京万家瑞大药房连锁有限公司兴平店,地址：北京市平谷区平谷镇乐园东小区1号楼1单元2号,电话：010-69973861,
北京嘉事堂连锁药店有限责任公司双桥第二药店,地址：北京市朝阳区双桥火车站站兴商场北侧,电话：010-65400295,
北京万家瑞大药房连锁有限公司马坊供销社店,地址：北京市平谷区马坊镇西大街西路15号,电话：010-60999164,
北京万家瑞大药房连锁有限公司峪口供销社店,地址：北京市平谷区峪口镇峪口村西大街1号,电话：010-61902581,
北京万家瑞大药房连锁有限公司天寿春二店,地址：北京市平谷区文化南街区工会底商楼3号,电话：010-61993812,
北京鸿福堂好药师大药房,地址：北京市昌平区回龙观镇南店村新都家园会所12号楼底商一层,电话：010-82954764,
北京万家瑞大药房连锁有限公司前吉山店,地址：北京市平谷区刘家店镇前吉山村46号,电话：010-89973318,
北京万家瑞大药房连锁有限公司东辛撞店,地址：北京市平谷区大华山镇东辛撞东路102号,电话：010-89973381,
北京万家瑞大药房连锁有限公司镇罗营供销社店,地址：北京市平谷区镇罗营镇上营村西城路41号,电话：010-61960855,
北京嘉事堂永安里药店,地址：北京市朝阳区朝外东大桥路18号,电话：010-65024210,
北京嘉事堂劲松药店,地址：北京市朝阳区劲松五区512楼一层524号 ,电话：010-67730076,
北京市平谷区国医堂中医门诊部,地址：北京市平谷区金乡西小区三层底商东8号,电话：010-61995959,
北京嘉事堂连锁药店有限责任公司垡头店,地址：北京市朝阳区垡头西里11号楼一层,电话：010-67385263,
北京嘉事堂樱花园东街药店,地址：北京市朝阳区樱花园东街1号,电话：010-64415257,
北京万家瑞大药房连锁有限公司北杨桥店,地址：北京市平谷区峪口镇北杨家桥村北杨家桥中路45号,电话：010-61912218,
北京嘉事堂西坝河药店,地址：北京市朝阳区西坝河东里83号楼一层,电话：010-64664340,
北京医保中洋大药房有限公司小河屯店,地址：北京市延庆镇城关镇小河屯村南中洋大药房,电话：010-81179258,
北京万家瑞大药房连锁有限公司小峪子店,地址：北京市平谷区大华山镇小峪子村峪华路55号,电话：010-89973382,
北京万家瑞大药房连锁有限公司马昌营店,地址：北京市平谷区马昌营镇马昌营村南路西侧66号,电话：010-61987581,
北京嘉事堂顺源里药店,地址：北京市朝阳区左家庄顺源里13楼一层,电话：010-64670470,
北京嘉事堂垂杨柳药店,地址：北京市朝阳区劲松三区304楼-3,电话：010-67730302,
北京医保中洋大药房有限公司延庆分店,地址：北京市延庆镇高塔街27号恒生市场南中洋大药房,电话：010-61123269,
北京万家瑞大药房连锁有限公司天寿春一店,地址：北京市平谷区平谷镇金乡西小区新平北路57号一单元,电话：010-61993628,
北京嘉事堂康静里药店,地址：北京市朝阳区康静里小区20号楼,电话：010-65496400,
北京万家瑞大药房连锁有限公司北土门店,地址：北京市平谷区熊儿寨乡北土门村后街44号,电话：010-89973380,
北京医保中洋大药房有限公司向阳街店,地址：北京市平谷区向阳街南路10号,电话：010-89997715,
北京市大华山供销合作社医药经营部,地址：北京市平谷区大华山镇大华山大街124号,电话：010-61948944,
北京嘉事堂团结湖药店,地址：北京市朝阳区团结湖中路34号,电话：010-85980023,
北京万家瑞大药房连锁有限公司建设街店,地址：北京市平谷区平谷镇建设街甲5号楼-2,电话：010-89995016,
北京嘉事堂呼家楼药店,地址：北京市朝阳区呼家楼北街乙4号楼一层,电话：010-65010875,
北京医保中洋大药房有限公司建设西街店,地址：北京市平谷区平谷镇建设西街22号林荫家园19-11-101、102,电话：010-89997124,
北京嘉事堂西坝河南里药店,地址：北京市朝阳区西坝河南里21号楼一层,电话：010-64666137,
北京万家瑞大药房连锁有限公司天寿春四店,地址：北京市平谷区平谷镇北二环路太平街路口（太安街35号）,电话：010-89979638,
北京万家瑞大药房连锁有限公司贾各庄店,地址：北京市平谷区王辛庄镇贾各庄村南街2号-3,电话：010-69952658,
北京嘉事堂工体路药店,地址：北京市朝阳区工体西里6号楼一层,电话：010-65520352,
北京医保中洋大药房有限公司林荫分店,地址：北京市平谷区平谷镇林荫南街3-38号,电话：010-89988327,
北京同仁堂博塔医药有限责任公司金街药店,地址：北京市东城区王府井大街301号B2层MB211号,电话：010-65280211,
北京嘉事堂首都机场药店,地址：北京市朝阳区小天竺路4号-1,电话：010-64564314,
北京万家瑞大药房连锁有限公司后北宫店,地址：北京市平谷区大华山镇后北宫路23号,电话：无,
北京嘉事堂甘露园药店,地址：北京市朝阳区甘露园南二区六楼一层,电话：010-85781099,
北京医保中洋大药房有限公司彩俸分店,地址：北京市顺义区采俸北区5号4门,电话：010-89477684,
北京云芝堂大药房有限公司,地址：北京市丰台区造甲村造甲南里11号宝丰大厦底商1层2——4 ,电话：无,
北京嘉事堂酒仙桥路药店,地址：北京市朝阳区酒仙桥路27号,电话：010-64364256,
北京万家瑞大药房连锁有限公司,地址：北京市平谷区平谷镇西寺渠村底商楼一层,电话：010-89995766,
北京医保中洋大药房有限公司张镇分店,地址：北京市顺义区张镇张各庄中洋大药房,电话：010-61488938,
北京医保中洋大药房有限公司孟庄分店,地址：北京市延庆镇城关镇孟庄村南（中洋大药房延庆分店南门）,电话：010-61122494,
北京嘉事堂高家园药店,地址：北京市朝阳区高家园小区106楼一层,电话：010-64370173,
北京医保中洋大药房有限公司格兰山水店,地址：北京市延庆镇格兰山水小区临1-1,电话：010-61123391,
北京医保中洋大药房有限公司白浮分店,地址：北京市昌平区马池口镇白浮村,电话：010-60772975,
北京医保中洋大药房有限公司东屯分店,地址：北京市延庆镇城关镇东屯村东头路南中洋东屯分店,电话：010-61112618,
北京医保中洋大药房有限公司老牛湾店,地址：北京市昌平区沙河镇沙阳路北京钨钼材料厂宿舍A栋1楼3号,电话：010-80722597,
北京医保中洋大药房有限公司南口分店,地址：北京市昌平区交通街1号西厂商住楼4单元7－8号,电话：010-80191554,
北京医保中洋大药房有限公司彩虹分店,地址：北京市密云县果园南区2号北户,电话：010-69062081,
北京医保中洋大药房有限公司季庄分店,地址：北京市密云县季庄小区50楼6单元,电话：010-69050433,
北京医保中洋大药房有限公司前八家店,地址：北京市海淀区双清路22号,电话：010-62321003,
北京医保中洋大药房有限公司增光路店,地址：北京市海淀区增光路27-4号,电话：010-68475065,
北京国大药房连锁有限公司蓝堡华贸连锁店,地址：北京市朝阳区西大望路3号蓝堡国际公寓S112,电话：010-85999588,
北京医保中洋大药房有限公司八大处店,地址：北京市石景山区香山南路168号楼底商3-103,电话：010-88789548,
北京医保中洋大药房有限公司开古庄店,地址：北京市房山区闫村镇开古庄村3里83号,电话：010-81305629,
北京医保中洋大药房有限公司永定路店,地址：北京市海淀区永定路31号,电话：010-68271508,
北京普安法玛西医药有限公司文慧园路路药房,地址：北京市海淀区西直门北大街32号枫蓝购物中心3号楼1层102-8,电话：010-62210749,
北京普安法玛西医药有限公司海淀大药房,地址：北京市海淀区海淀大街44号蓝格赛商业楼1层6号,电话：010-82676717,
北京医保中洋大药房有限公司燕山分店,地址：北京市房山区燕山迎风南路甲6号楼5号,电话：010-80344066,
北京医保中洋大药房有限公司丰桥路店,地址：北京市丰台区葛家村西里一号三环新城36号楼1层22号,电话：010-64950679,
北京普安法玛西医药有限公司王府井药房,地址：北京市东城区王府井大街301号新燕莎金街购物广场B2MB221,电话：010-65273261,
北京普安法玛西医药有限公司广顺北大街大药房,地址：北京市朝阳区望京商业街B13a,电话：010-64720548,
北京国大药房连锁有限公司胜古苑连锁店,地址：北京市朝阳区安外胜古苑西庄48号3号楼E座,电话：010-64429664,
北京医保中洋大药房有限公司良乡分店,地址：北京市房山区良乡拱辰南大街91号,电话：010-69375433,
北京普安法玛西医药有限公司小营桥药房,地址：北京市海淀区清河中街68号华润五彩城购物中心二期L362号,电话：010-82816211,
北京医保中洋大药房有限公司新宫西店,地址：北京市丰台区新宫村北侧商业房46－51,电话：010-67927908,
北京普安法玛西医药有限公司关东店大药房,地址： 北京市朝阳区关东8-1（世纪财富中心对面）,电话：010-65088897 ,
北京国大药房连锁有限公司金沟河连锁店,地址：北京市海淀区金沟河路10号院1号楼,电话：010-68187069,
北京医保中洋大药房有限公司新桥分店,地址：北京市门头沟区惠民家园二区26号,电话：010-69822621,
北京普安法玛西医药有限公司万寿路药房,地址：北京市海淀区复兴路51号凯德晶品－1层B-02 ,电话：010-68260770,
北京医保中洋大药房有限公司新宫分店,地址：北京市丰台区新宫东侧商业房第25－29号,电话：010-67910558,
北京国大药房连锁有限公司丰益连锁店,地址：北京市丰台区丰管路甲52号院1号楼103号,电话：010-63857659,
北京国大药房连锁有限公司绒线胡同连锁店,地址：北京市西城区西绒线胡同6号楼1-104,电话：010-63134870,
北京医保中洋大药房有限公司石泉分店,地址：北京市门头沟区龙泉镇龙门新区二区B4地段商铺1号楼底商7门,电话：010-52739181,
北京医保中洋大药房有限公司华源里店,地址：北京市丰台区华源三里9号楼,电话：010-63371358,
北京普安法玛西医药有限公司远大路药房,地址：北京市海淀区远大路1号金源新燕莎mall4层4073号,电话：010-88875579,
北京普安法玛西医药有限公司高米店药房,地址：北京市大兴区黄村镇郁花园三里15号楼物美大卖场一层A-001,电话：无,
北京国大药房连锁有限公司东方盛鑫连锁店,地址：北京市朝阳区曙光西里甲6号院9号楼107,电话：010-64650638,
北京医保中洋大药房有限公司军庄分店,地址：北京市门头沟区军庄镇供销社,电话：010-60814097,
北京万森康泰医药有限公司,地址：北京市通州区马驹桥镇二街村委会对面,电话：010-52356284,
北京医保中洋大药房有限公司六里桥店,地址：北京市丰台区华源街华源一里5号楼,电话：010-63333752,
北京国大药房连锁有限公司宏嘉丽园连锁店,地址：北京市海淀区罗庄宏嘉丽苑第三幢首层北8号,电话：010-82058937,
北京国大药房连锁有限公司朝阳南湖中园连锁店,地址：北京市朝阳区南湖南路15号院甲5号楼1层102,电话：010-64799226,
北京医保中洋大药房有限公司田村分店,地址：北京市海淀区田村路圣华园6号楼底商22号,电话：010-59810827,
北京恒仁康大药房有限公司,地址：北京市通州区富河园12号楼一层12-1,电话：无,
北京普安法玛西医药有限公司复兴门药房,地址：北京市西城区金融大街37号百盛北楼夹层1号,电话：010-66535765,
北京普安法玛西医药有限公司工体北路药房,地址：北京市朝阳区工人体育场北路21号北京屯三里购物中心B1层B1-32,电话：010-58010588,
北京普安法玛西医药有限公司南环路药房,地址：北京市昌平区南环路10号院1号楼金隅万科广场地下一层B1014B,电话：010-60749935,
北京普安法玛西医药有限公司回龙观药房,地址：北京市昌平区龙域中路5号院6号楼104号,电话：010-56946143,
北京国大药房连锁有限公司新和平街连锁店,地址：北京市朝阳区和平西苑20号楼C101号,电话：010-84276496,
北京国大药房连锁有限公司南线阁连锁店,地址：北京市西城区枣林北里2号楼,电话：010-83537847,
北京和瑞堂大药房有限公司,地址：北京市顺义区怡馨家园39号楼39-9,电话：010-81491126,
北京国大药房连锁有限公司大运村连锁店,地址：北京市海淀区知春路17号,电话：010-82319421,
北京国大药房连锁有限公司翠微连锁店,地址：北京市海淀区翠微路甲3号,电话：010-68242026,
北京国大药房连锁有限公司陶然亭连锁店,地址：北京市西城区陶然亭路47号,电话：010-83547928,
北京普安法玛西医药有限公司第一分店,地址： 北京市朝阳区望京利泽西圆望馨园小区106号,电话：010-64786280,
北京国大药房连锁有限公司永定门连锁店,地址：北京市东城区永外三元西巷甲12号一层,电话：010-87267687,
北京国大药房连锁有限公司陶然亭东连锁店,地址：北京市西城区陶然亭路2号9号楼,电话：010-83953348,
北京国大药房连锁有限公司林萃路连锁店,地址：北京市海淀区宝盛里芳清园8号楼1层商业02,电话：010-82738860,
北京普安法玛西医药有限公司北苑药房,地址：北京市朝阳区清河营南街7号院华贸城7号楼1层C-001,电话：010-84369938,
北京国大药房连锁有限公司北土城连锁店,地址：北京市朝阳区元大都城遗址公司内东侧 北京利天弘商城二楼3035号,电话：010-84298059,
北京国大药房连锁有限公司宝盛里连锁店,地址：北京市海淀区宝盛里37号楼,电话：010-62993004,
北京普安法玛西医药有限公司巴沟路药房,地址：北京市海淀区巴沟路2号(北京华联万柳购物中心B139号）,电话：010-82589676,
北京国大药房连锁有限公司东方四环连锁店,地址：北京市朝阳区南磨房乡楼梓庄世纪东方家园4号楼4-10 ,电话：010-87356548,
北京国大药房连锁有限公司芍药居北里连锁店,地址：北京市朝阳区芍药居北里117号楼首层,电话：010-84610558 ,
北京国大药房连锁有限公司城南嘉园连锁店,地址：北京市丰台区城南嘉园11号楼2单元103号,电话：010-67521095,
北京国大药房连锁有限公司广渠门连锁店,地址：北京市东城区广渠门北里55号,电话：010-67109756,
北京普安法玛西医药有限公司大望路大药房,地址：北京市朝阳区建国路93号CBD万达国际广场6-1-11底商(沃尔玛对面),电话：010-58205209,
北京国大药房连锁有限公司崇文连锁店,地址：北京市东城区都市馨园8号楼1层,电话：010-67028458,
北京国大药房连锁有限公司育方园连锁店,地址：北京市丰台区花乡育芳园22号,电话：010-83619107,
北京国大药房连锁有限公司南湖西园连锁店,地址：北京市朝阳区南湖西园126号,电话：010-64757920,
北京佰灵大药房有限公司,地址：北京市朝阳区左家庄中街6号院9号楼1层112、2层206 ,电话：010-84604059,
北京国大药房连锁有限公司永外连锁店,地址：北京市东城区沙子口路48号,电话：010-67282567,
北京国大药房连锁有限公司长辛店连锁店,地址：北京市丰台区长云路2号院19号楼一层03号,电话：010-83860040,
北京国大药房连锁有限公司左家庄连锁店,地址：北京市朝阳区左家庄西街甲12号,电话：010-84483687,
北京国大药房连锁有限公司东苇路连锁店,地址：北京市朝阳区常营乡常营居住区一期一区119僮E号,电话：010-65437984,
北京芙蓉路万芝堂医药有限责任公司,地址：北京市通州区芙蓉路芙蓉园310-9号,电话：010-89536122,
北京国大药房连锁有限公司太月园连锁店,地址：北京市海淀区罗庄西里13号楼1层,电话：010-82350969,
北京国大药房连锁有限公司域清街连锁店,地址：北京市朝阳区林萃西里43号楼1层01商业4、2层0208,电话：010-82725748,
北京国大药房连锁有限公司和平里连锁店,地址：北京市东城区和平里三区5号楼,电话：010-84220082,
北京国大药房连锁有限公司定福庄连锁店,地址：北京市朝阳区美然动力街区A3-9D幢4-204号,电话：010-65409533,
北京国大药房连锁有限公司新源里连锁店,地址：北京市朝阳区新源里西里甲5号,电话：010-64645829,
北京国大药房连锁有限公司六里桥连锁店,地址：北京市丰台区太平桥西里甲1号塔楼东,电话：010-63469528,
北京金禾堂医药有限公司翟里店,地址：北京市通州区宋庄镇翟里村205号 ,电话：无,
北京新景万芝堂医药有限责任公司,地址：北京市东城区西花市南里西区12号楼2单元底商,电话：010-67111937,
北京国大药房连锁有限公司常营连锁店,地址：北京市朝阳区万象新天411B3号,电话：010-65436642,
北京国大药房连锁有限公司芍药居连锁店,地址：北京市朝阳区芍药居北里小区317号楼1层6单元317—1,电话：010-84610558,
北京国大药房连锁有限公司博大路连锁店,地址：北京市朝阳区博大路25号院小红门新村一期28幢一层S02B室,电话：010-58616720,
北京金禾堂医药有限公司师姑庄店,地址：北京市通州区宋庄镇师姑庄村村委会东60米 ,电话：010-51452362,
北京国大药房连锁有限公司华严连锁店,地址：北京市朝阳区华严北里10号楼,电话：010-82850691,
北京泰中万芝堂医药有限责任公司,地址：北京市大兴区工业开发区广茂大街5号,电话：010-60215656,
北京国大药房连锁有限公司劲松连锁店,地址：北京市朝阳区广渠路66号院甲10号楼105号,电话：010-87734436,
北京国大药房连锁有限公司回龙观连锁店,地址：北京市昌平区回龙观龙腾园6区,电话：010-81733227,
北京金禾堂医药有限公司肖家林店,地址：北京市通州区西集镇肖家林村260号 ,电话：010-61516070,
北京时嘉万芝堂医药有限责任公司,地址：北京市丰台区六里桥北里8号,电话：010-63272186,
北京国大药房连锁有限公司建华路连锁店,地址：北京市朝阳区建华南路17号,电话：010-65662789,
北京国大药房连锁有限公司营慧寺连锁店,地址：北京市海淀区五棵松路20号美丽园（一期）4号楼,电话：010-88592957,
北京金禾堂医药有限公司小务店,地址：北京市通州区永乐店镇小务村364号 ,电话：010-69592033,
北京莲怡万芝堂医药有限责任公司,地址：北京市丰台区莲怡园二区1号楼,电话：010-63250484,
北京国大药房连锁有限公司水星园连锁店,地址：北京市朝阳区太阳宫夏家园第21幢3011号,电话：010-84410748,
北京金禾堂医药有限公司西直河店,地址：北京市朝阳区十八里店乡西直河村天工3号院 ,电话：010-87335098,
北京福寿万芝堂医药有限责任公司,地址：北京市东城区永定门东街中里3号-4号,电话：010-67059118,
北京金禾堂医药有限公司金蝉北路店,地址：北京市朝阳区金蝉北里6号楼6-3 ,电话：010-67365873,
北京金禾堂医药有限公司七店,地址：北京市通州区于家务回族乡于家务村委会北200米 ,电话：010-61521029,
北京金禾堂医药有限公司六店,地址：北京市通州区宋庄镇徐辛庄村村委会西100米 ,电话：010-89541030,
北京金禾堂医药有限公司五店,地址：北京市通州区宋庄镇宋庄村委会南100米 ,电话：010-69592033,
北京黄村祥泰大药房,地址：北京市大兴区黄村镇李村,电话：无,
北京金禾堂医药有限公司三店,地址：北京市通州区通胡路加华印象街A座一层商 ,电话：010-51070075,
北京六和鼎盛医药有限责任公司第四药店,地址：北京市大兴区西红门镇福兴路1号 ,电话：13718290328 ,
北京诚安堂医药有限公司方庄店,地址：北京市丰台区方庄芳古园一区15号楼1层,电话：010-67677161,
北京金禾堂医药有限公司二店,地址：北京市通州区帅府园45号楼商-6 ,电话：010-69556221,
北京纪家庙万寿堂大药房责任有限公司,地址：北京市丰台区纪家庙168号,电话：无,
北京诚安堂医药有限公司青塔店,地址：北京市丰台区大成里居民区芳园9号楼,电话：010-68672207,
北京力致康大药房,地址：北京市东城区净土胡同15号,电话：010-69276450,
北京金禾堂医药有限公司一店,地址：北京市通州区云景南大街62号院甲9楼711-712 ,电话：010-60525733,
北京关家坑万寿堂大药房责任有限公司,地址：北京市丰台区分钟寺关家坑49号,电话：010-67687778,
北京海顺堂大药房,地址：北京市顺义区北小营镇北小营村府前西街20号,电话：无,
北京诚安堂医药有限公司五芳园店,地址：北京市石景山区五芳园小区15号楼1层邮局西侧,电话：010-68626445,
北京海升堂大药房有限责任公司,地址：北京市密云县长安东区4号楼14门市 ,电话：010-69048466,
北京金禾堂医药有限公司,地址：北京市通州区于家务回族乡于家务村商业街16号 ,电话：010-80533651,
北京分钟寺万寿堂大药房,地址：北京市丰台区分钟寺639号大门口以东 ,电话：010-67602516,
北京百姓阳光大药房有限公司白纸坊店,地址： 北京市西城区白纸坊西街22号,电话：010-63520013,
北京诚安堂医药有限公司金顶街店,地址：北京市石景山区金顶街三区2008商业街,电话：010-88732388,
新龙药业集团京芝堂（北京）医药连锁有限公司大郊亭店,地址： 北京市朝阳区广渠路21号3号楼1层02,电话：010-58200790,
北京百姓阳光大药房有限公司,地址：北京市西城区平原里小区20号楼20-4,电话：010-83558545 ,
新龙药业集团京芝堂（北京）医药连锁有限公司上地店,地址：北京市海淀区上地三街9号B座底商,电话：010-62975370 ,
北京诚安堂医药有限公司八角北里店,地址：北京市石景山区八角北里实验小学西门对面,电话：010-68863463,
新龙药业集团京芝堂（北京）医药连锁有限公司朝阳三间房店,地址：北京市朝阳区新房路3号院2号楼1层128 ,电话：010-56113726,
天通苑润竹药店,地址：北京市昌平区东小口镇天通苑西一区46号楼5单元102号,电话：010-60740575,
北京百姓阳光大药房有限公司花香店,地址：北京市丰台区纪家庙1号院,电话：010-83615466 ,
北京市京芝堂大药房有限公司密云店,地址：北京市密云县鼓楼西区 7号—6号楼之间商社,电话：010-69056688,
北京诚安堂医药有限公司杨庄店,地址：北京市石景山区杨庄大街85-2号,电话：010-68861488,
新龙药业集团京芝堂（北京）医药连锁有限公司朝阳朝外店,地址：北京市朝阳区 吉庆里6号楼103室,电话：010-65537077,
北京药妆大药房,地址：北京市西城区京畿道小区5号楼5-4号,电话：010-66020306,
北京百姓阳光大药房有限公司方庄店,地址：北京市丰台区方庄路1号,电话：010-67636252,
新龙药业集团京芝堂（北京）医药连锁有限公司交道口店,地址：北京市东城区交道口东大街8号楼地4.1层4号,电话：010-64054068,
北京诚安堂医药有限公司模式口店,地址：北京市石景山区模式口大街78号,电话：010-88720630,
新龙药业集团京芝堂（北京）医药连锁有限公司百子湾店,地址：北京市朝阳区百子湾西里101号楼1层商业H,电话：010-87950248 ,
北京市裕龙鑫顺医药有限公司,地址：北京市顺义区裕龙花园四区17号楼03-04号,电话：010-89409938,
北京耀蕾药店,地址：北京市朝阳区东坝乡东坝大街 甲1号 ,电话：010-84318100 ,
北京诚安堂医药有限公司十万平店,地址：北京市石景山区老古城首钢设计院对面十万平小区,电话：010-88912815,
新龙药业集团京芝堂（北京）医药连锁有限公司海淀厢黄旗店,地址：北京市海淀区厢黄旗七彩华园16号楼1层4单元0102,电话：010-82794926 ,
北京诚安堂医药有限公司丰葆路店,地址：北京市丰台区丰葆路总部基地富锦嘉园2区9号综合服务楼,电话：010-83624312,
北京诚安堂医药有限公司,地址：北京市石景山区老山东里29楼前,电话：010-88973788-603,
北京荣德堂医药有限责任公司,地址：北京市海淀区阜石路9号院荣德堂药店,电话：010-88629901,
北京香君利民商贸有限公司幸福双兴大药房,地址：北京市顺义区仁和镇双兴东区甲1号楼1单元104,电话：010-69422305 ,
北京万寿堂大药房,地址：北京市丰台区分钟寺682号,电话：010-67633167,
新龙药业集团京芝堂（北京）医药连锁有限公司高碑店分店,地址：北京市朝阳区高碑店乡高碑店村1338号 ,电话：010-85756318,
北京天天康悦大药房,地址：北京市通州区宋庄镇噇里二区50号,电话：010-89518557,
新龙药业集团京芝堂（北京）医药连锁有限公司大兴店,地址：北京市大兴区黄村镇兴华北路（二段）78号院151号1至2层,电话：010-69239040,
北京天天康盛医药有限责任公司,地址：北京市通州区宋庄镇葛渠村197号 ,电话：无,
北京瑞民堂医药中心,地址：北京市通州区宋庄镇北窑上村57号,电话：010-52900894,
北京全益堂金康大药房,地址：北京市顺义区北小营镇北小营村委会北1000米,电话：010-60489169 ,
北京平之堂药房有限公司,地址：北京市顺义区仁和镇临河村何家巷街11号,电话：无,
北京厚生堂医药经营有限责任公司西三旗店,地址：北京市昌平区回龙观镇西三旗东路18号,电话：010-82905840,
北京吉祥堂医药有限公司,地址：北京市通州区宋庄镇小堡村村委会,电话：010-69597597,
北京博丰堂医药有限公司,地址：北京市昌平区新城东区南环路回迁小区1号楼106号,电话：010-60732515,
北京普安法玛西医药有限公司双井大药房,地址：北京市朝阳区广渠门外大街一号院9号楼商业6号商铺,电话：010-58768038,
北京康健悦生大药房,地址：北京市海淀区太平路46号院康健悦生大药房,电话：010-88628160,
北京宏旭堂大药房,地址：北京市大兴区西红门镇宏旭路227号,电话：13601165418 ,
北京普安法玛西医药有限公司三元桥大药房,地址：北京市朝阳区三元桥第三置业B座9号底商(中旅大厦对面) ,电话：010-58220265,
北京吉德仁康医药有限责任公司,地址：北京市海淀区西翠路17号院紫金长安家园1号楼商铺二号,电话：010-68240367,
北京康鑫仁和大药房,地址：北京市通州区于家务乡于家务村五街62号 （村委会斜对面）,电话：无,
北京康和园大药房,地址：北京市大兴区康和园162 号楼1层162-2,电话：010-60238411 ,
北京万民阳光大药房有限公司朝内分店,地址：北京市东城区朝内南小街菜市场二层,电话：010-65278699,
北京普安法玛西医药有限公司青年路药房,地址：北京市朝阳区青年路西里2号院6号楼底商,电话：010-52069095,
北京顺健安康大药房,地址：北京市顺义区仁和镇河南村安定路68号,电话：010-89493477,
北京普安法玛西医药有限公司立水桥普安药房,地址：北京市朝阳区立水桥北苑家园八区10号一层40号,电话：010-64187560,
北京普安法玛西医药有限公司建外药房,地址：北京市朝阳区建外SOHO12号楼1-2层SH-1207号,电话：010-58692791,
北京永兴堂药店,地址：北京市大兴区黄村镇丽源路58号,电话：010-69206884,
北京民康平堂大药房有限责任公司,地址：北京市东城区东交民巷九号一层西侧,电话：010-65271550,
北京市靖灵康大药房有限公司,地址：北京市顺义区北石槽镇下西市村世纪联华对面,电话：无,
北京健安同德医药有限公司第一分公司,地址：北京市昌平区回龙观镇冠庭中心10号楼1A北侧底商 ,电话：010-81746128 ,
北京普安法玛西医药有限公司阜成门大药,地址：北京市西城区阜成门外南大街9号楼-6号底商,电话：010-68050549,
北京天通苑本味堂医药有限公司,地址：北京市昌平区东小口镇东路400号一号楼1层1-21,电话：010-64126302,
恒泰力源(北京）医药有限公司,地址：北京市东城区王府井校尉胡同3号,电话：010-65122933,
北京靖兰康大药房,地址：北京市顺义区北石槽镇北石槽村南长街11号,电话：无,
北京颐丰仁泰大药房有限责任公司,地址：北京市朝阳区青年路纺易城3号楼115 ,电话：010-59294533,
北京百峰堂大药房,地址：北京市昌平区天通苑东三区56号楼9门,电话：010-81772663 ,
北京薛营乐民药店,地址：北京市大兴区庞各庄镇薛营村薛赵北路4号,电话：无,
北京潞汇康大药房有限公司第一分店,地址：北京市通州区次渠大街玉江苑小区东门8号底商,电话：010-52462903,
北京普安法玛西医药有限公司姚家园路药房,地址：北京市朝阳区青年路29号院19号楼1层19-9,电话：010-58779135,
北京弘仁慧康药店有限公司,地址：北京市海淀区北太平庄文慧园路18号,电话：010-62257914,
北京万民阳光大药房有限公司望京店,地址：北京市朝阳区望京西路53号,电话：010-64790996,
北京潞汇康大药房有限公司,地址：北京市通州区台湖镇政府大街湖光家园底商六号312,电话：010-61538680,
北京普安法玛西医药有限公司万柳药房,地址： 北京市海淀区万泉庄碧水云天颐园 6号楼底商 ,电话：010-82566742 ,
北京颐丰仁泰大药房有限责任公司朝阳第一分店,地址：北京市朝阳区三里屯SOHO大厦5号楼102 ,电话：010-85270440,
北京济龙春大药房,地址：北京市顺义区李桥镇南半壁店村,电话：010-81462155,
北京万民阳光大药房有限公司双井分店,地址：北京市朝阳区垂杨柳北里39号楼东,电话：010-67757665,
北京厚生堂医药经营有限责任公司,地址：北京市西城区西四东大街甲6 号,电话：010-66081858,
北京好得快医药有限公司第二十六大药房,地址：北京市朝阳区安慧北里雅园5号楼一层02,电话：010-84468580 ,
北京万民阳光大药房有限公司,地址：北京市西城区南新华街临7号,电话：010-63011556,
北京好得快医药有限公司第二十五大药房,地址：北京市通州区怡乐北街甲80号18号楼1层,电话：010-51271068,
北京万民阳光大药房有限公司朝阳路店,地址：北京市朝阳区定福庄北里1号院17号楼1层101 ,电话：010-65799670,
北京皓盛堂医药有限公司,地址：北京市通州区梨园镇九棵树西路西小马庄村南部商业楼底商西三号,电话：无,
北京福字号医药有限公司一分店,地址：北京市通州区梨园镇小稿村村委会南侧,电话：010-61581861,
北京福字号医药有限公司八店,地址：北京市通州区梨园北街326号商业 (华业东方玫瑰小区）,电话：010-60554095,
北京好得快医药有限公司第二十三大药房,地址：北京市西城区护国寺街137号 ,电话：010-83228609 ,
北京好得快医药有限公司第十大药房,地址：北京市昌平区鼓楼南大街24号（新世纪商场对面）,电话：010-69721384,
北京鸿业康健医药有限公司分店,地址：北京市丰台区南三环郑王坟南6号龙威广场E座101号,电话：无,
北京好得快医药有限公司第二十一大药房,地址：北京市朝阳区左三区7号楼院10号楼一层,电话：010-64615753,
北京好得快医药有限公司,地址：北京市通州区玉带河大街46号,电话：010-80887283,
北京好得快医药有限公司第二十大药房,地址：北京市海淀区圆明园西路5号 ,电话：010-62226277,
北京采育秀英医药商店,地址：北京市大兴区采育镇育林路,电话：010-80270855,
北京好得快医药有限公司第八大药房,地址：北京市通州区通朝大街309号,电话：010-52107288,
北京好得快医药有限公司第十八大药房,地址：北京市朝阳区王四营乡官庄村垡头商业街天旺商城一层,电话：010-67363951,
北京福字号医药有限公司,地址： 北京市通州区潞苑南大街153号。,电话：010-53639358,
北京安和健医药有限公司,地址：北京市通州区九棵树中路998号-商3,电话：无,
北京长店迎松堂医药有限责任公司朝阳第一分店,地址：北京市朝阳区常营民族家园N区96号楼底商西侧甲一号 ,电话：无,
北京丰金堂大药房有限公司,地址：北京市丰台区南窑村100号,电话：010-67629359,
北京好得快医药有限公司第六大药房,地址：北京市西城区阜成门北大街15号楼-2,电话：010-88389322,
北京福字号医药有限公司七店,地址：北京市通州区怡乐中路288号,电话：无,
北京长店迎松堂医药有限责任公司朝阳第三分店,地址：北京市朝阳区定福家园南里一号院一号楼底商1-2 ,电话：13301053495 ,
北京永济堂医药科技有限责任公司大窦路,地址：北京市房山区窦店镇腾龙家园五区3号-101 ,电话：010-63849265 ,
北京好得快医药有限公司第五大药房,地址：北京市朝阳区北三环东路19号蓝星大厦,电话：010-64419701,
北京好得快医药有限公司第十七大药房,地址：北京市海淀区西直门北大街47号院2号楼 ,电话：010-62226786,
北京天佑民康大药房,地址：北京市房山区琉璃河镇二街村,电话：010-89381201,
北京中泽雅园大药房有限公司,地址：北京市通州区梨园镇大稿新村中泽雅园大药房 ,电话：010-60546954 ,
北京百姓一州医药有限公司,地址：北京市大兴区黄村镇康庄路35号,电话：010-69223233,
北京好得快医药有限公司第四大药房,地址：北京市朝阳区东三环南路1号联合国际大厦A座,电话：010-87665878 ,
北京好得快医药有限公司第十六大药房,地址：北京市西城区北三环中路18号（马甸桥东南角辅路） ,电话：010-62360758,
北京福源御馨大药房,地址：北京市通州区永顺镇乔庄商业街6号,电话：010-81592374 ,
北京天润康医药科技有限公司,地址：北京市海淀区双榆树北路甲2号知春里中学南门 ,电话：010-82117724,
北京好得快医药有限公司第十三大药房,地址：北京市宣武区马连道南街1号（更香茶叶城对面）,电话：010-63341838,
北京好得快医药有限公司第一大药房,地址：北京市海淀区西直门北大街甲一号（明光桥西南角）,电话：010-62226277,
北京博华堂医药有限公司月坛北街店,地址：北京市西城区月坛北街16号楼下甲1号,电话：010-68045165,
北京百草堂大药房,地址：北京市通州区潞苑南大街90号（北京工业大学通州分校对面）,电话：010-89519840,
北京信康堂四惠大药房有限公司,地址：北京市朝阳区四惠桥东北侧住宅及公建项目用地1A#商业1层121,电话：010-85723448,
北京好得快医药有限公司第十一大药房,地址： 北京市丰台区西四环丰台路口岳各庄南桥往南双盛楼1层,电话：010-63837312,
北京京通加州大药房,地址：北京市通州区群芳中二路DBC加州小镇B区北门,电话：010-81576193,
北京百草堂大药房一分店,地址：北京市通州区通胡大街80号（通州运河公园东行100米）。,电话：010-59434165,
北京永济堂大药房有限公司,地址：北京市西城区展览馆路新九龙一楼,电话：010-68324680,
北京安益康大药房,地址：北京市朝阳区十八里店乡周庄嘉园底商B1B2 ,电话：010-56184552,
北京晟丰健安药店,地址：北京市大兴区瀛海镇玉璟园底商2-4,电话：无,
北京本味堂大药房,地址：北京市昌平区北七家镇王府街32号西数第五间,电话：无,
北京兴优堂医药有限公司,地址：北京市大兴区黄村镇利民西巷兴丰家园北侧,电话：010-69231198,
北京同仁堂连锁药店有限责任公司光彩路药店,地址： 北京市丰台区石榴庄西街光彩路66院一区6号楼3号 ,电话：010-87808846,
北京市京隆堂医药有限公司第三分店,地址：北京市朝阳区朝外大街19号华普大厦1层,电话：010-65801929,
北京永济堂医药科技有限责任公司西北旺店,地址：北京市海淀区茉莉园37号楼1层110,电话：010-82403045,
北京天佑民康大药房琉璃河店,地址：北京市房山区琉璃河镇刘李店村中原大街28号,电话：010-80300491,
北京永济堂医药科技有限责任公司石景山店,地址：北京市石景山区八宝山南路复兴园甲2号楼一层101,电话：010-88685854,
北京市京芝堂聚元大药房有限公司,地址：北京市丰台区玉泉营草桥西路甲1号,电话：010-87566562,
北京恒信百姓大药房,地址：北京市石景山区金顶北路20号院19栋一成102室,电话：010-88778870 ,
北京恒和百姓大药房,地址：北京市石景山区金顶北路18号院6栋1成102,电话：010-88778850 ,
北京康泰济仁大药房有限公司,地址：北京市通州区马驹桥镇杨秀店村西南300米,电话：无,
北京林生堂医药有限公司云景店,地址：北京市通州区云景北里44号楼44-3,电话：010-81511656,
北京名吉堂大药房,地址：北京市大兴区西红门镇兴海家园月苑4号楼底商1层宏盛路282号,电话：010-60235065,
北京康泰诚信医药有限公司第一分公司,地址：北京市通州区潞苑南里1号院26号楼1层26-103,电话：010-89596321,
北京林生堂医药有限公司杨庄店,地址：北京市通州区杨庄北街一号4号楼102,电话：010-80575282,
北京百姓康利大药房红庙店,地址：北京市朝阳区朝阳路英家坟6号6号楼一层,电话：010-65916715,
北京林生堂医药有限公司普济店,地址：北京市朝阳区北苑路170号4号楼1层102,电话：010-58235006,
北京康泰诚信医药有限公司第五分公司,地址：北京市通州区宋庄镇平家疃村4区170号,电话：010-80859886,
北京济民康泰大药房有限责任公司永定路分店,地址：北京市海淀区永定路85号1区416-1(住宅）,电话：010-68212832,
北京翠轩堂大药房有限公司,地址：北京市丰台区丰葆路168号御康正门 ,电话：010-83612160 ,
北京济民康泰大药房有限责任公司,地址：北京市海淀区建西苑南里10号楼1层4单元01商业8,电话：010-58973438,
北京康泰诚信医药有限公司第十一分公司,地址：北京市通州区怡乐中街怡乐园三区2号楼商330号 ,电话：010-58013550,
北京福瑞安康大药房有限公司,地址：北京市大兴区经济技术开发区泰和园五里18号楼1层1002,电话：010-87926293,
北京九世堂医药科技发展有限公司奥来明苑店,地址：北京市朝阳区白庙路甲1号3门101 ,电话：010-64868097,
北京林生堂医药有限公司梨园店,地址：北京市通州区梨园镇云景东路349号楼E座03号底商,电话：010-53612997,
北京百姓康利大药房,地址：北京市朝阳区十里堡南区6号楼一层,电话：010-85822790,
北京康泰诚信医药有限公司第三分公司,地址：北京市通州区台湖镇府东苑小区38号楼商2,电话：无,
北京嘉德圣和医药有限公司张家庄店,地址：北京市顺义区牛栏山镇张家庄村2号,电话：010-60439535,
北京林生堂医药有限公司,地址：北京市通州区云景东路8号3号楼3-17号 ,电话：010-60521962,
北京万春堂大药房有限公司,地址：北京市西城区裕民中路东来顺旁8号2幢1层,电话：010-62015416,
北京瑞祥康健医药有限公司,地址：北京市通州区宋庄镇宋庄村村委会东500米,电话：010-69599662,
北京康泰诚信医药有限公司第六分公司,地址：北京市通州区宋庄镇白庙镇村委会西1500米,电话：010-89516034,
北京济民康泰大药房有限责任公司朝阳店,地址：北京市朝阳区武圣东里54号楼01层54-1号,电话：010-67761368,
北京康泰源生医药有限公司,地址：北京市通州区梨园镇葛布店东里47号楼3号底商,电话：010-81511622,
北京金世平安大药房,地址：北京市海淀区田村龚村96号,电话：无,
北京五洲全新旧宫东路长春堂药店,地址：北京市大兴区旧宫东路东口47号,电话：010-87966278,
北京康泰诚信医药有限公司,地址：北京市通州区台湖镇府东苑小区33号楼商6,电话：010-81507551,
北京济民康泰大药房有限责任公司朝阳第八分店,地址：北京市朝阳区清河营东路1号院4号楼1层105,电话：010-64134270,
北京康泰济仁大药房有限公司周营分店,地址：北京市通州区马驹桥镇周营村委会东20米,电话：010-52881909,
北京玉泉平安金象大药房有限公司,地址：北京市丰台区小屯路甲6号濠镜大楼一层,电话：010-68676402,
北京康泰诚信医药有限公司第八分公司,地址：北京市通州区宋庄镇疃里一区北门综合楼 ,电话：无,
北京济民康泰大药房有限责任公司朝阳第九分店,地址：北京市朝阳区来广营乡朝来绿色家园赢秋苑18号楼底商2号,电话：010-84943825,
北京康泰济仁大药房有限公司小张湾店,地址：北京市通州区马驹桥镇小张湾村村委会东200米,电话：18001297494 ,
北京济民康泰大药房有限责任公司朝阳团结湖店,地址：北京市朝阳区慈云寺43号楼01层43-1,电话：010-65012762,
北京德寿堂医药有限公司,地址：北京市西城区珠市口西大街175号德寿堂药店,电话：010-63032093,
北京济民康泰大药房有限责任公司朝阳分店,地址：北京市朝阳区金台里25号楼01层25-1,电话：010-85993986,
北京八千夫医药有限公司,地址：北京市海淀区中关村大街18号DB206,电话：无,
北京恒生安泰大药房有限公司,地址：北京市朝阳区成寿寺地铁A口对面97号,电话：010-67634269,
北京济民康泰大药房有限责任公司海淀文慧园南路店,地址：北京市海淀区文慧园南路甲4号平房,电话：010-62241496,
北京嘉润康大药房,地址：北京市东城区板厂南里2号楼底商,电话：010-67100018,
北京百信众康大药房,地址：北京市丰台区大成南里一区22号楼2-2,2-3,2-5号,电话：010-51225523,
北京同悦康药房有限责任公司,地址：北京市海淀区翠微北里3号楼1门1号,电话：无,
北京天下康大药房中心,地址：北京市海淀区清河强佑新城4号楼底商,电话：010-53599627,
北京济民康泰药店,地址：北京市朝阳区高碑店乡方家村2号楼底层,电话：010-61994713,
北京永济堂医药科技有限公司槐房店,地址：北京市丰台区南苑槐房路175号B102,电话：010-67917090,
北京永济堂医药科技有限责任公司成寿寺中路店,地址：北京市丰台区成寿寺中路18号7号楼1层109.110,电话：010-67686760,
北京市弘济药店有限公司第二分店,地址：北京市石景山区杨庄北区金鼎园大学生公寓北侧配套用房弘济药店 ,电话：010-51941534 ,
北京和平永康大药房有限公司,地址：北京市朝阳区和平街十四区3号楼北平房,电话：无,
北京市弘济药店有限公司,地址：北京市石景山区杨庄北路弘济药店 ,电话：010-68814794,
北京兴事堂药房有限公司,地址：北京市丰台区华源四里8号楼8127号（西客站南路向南1000米首科商务酒店北侧）,电话：010-51285736,
北京锦安堂诊所有限公司,地址：北京市石景山区鲁谷小区五芳园18号,电话：010-68629250 ,
北京市弘济药店有限公司益德堂分店,地址：北京市石景山区苹果园南路128号 ,电话：010-68842624 ,
贝美森药房（北京）有限公司,地址：北京市东城区广渠门内大街2号1-9,电话：010-51296910,
北京济生平安药店,地址：北京市海淀区永定路东街4号（北京丰豪 宾馆一层左侧）,电话：010-52420693,
北京市弘济药店有限公司广安门分店,地址：北京市宣武区广安门外南街55号楼一层 ,电话：010-63281982 ,
北京弘济康宁药店,地址：北京市石景山区杨庄东路丁字路口弘济药店,电话：010-88996997 ,
北京仁修堂大药房有限责任公司,地址：北京市海淀区马连洼竹园31号楼1层112室,电话：010-62739566,
北京市弘济药店有限公司第三分店,地址：北京市石景山区杨庄北区52-8弘济药店 ,电话：010-88956061,
北京春苒堂医药有限公司,地址：北京市东城区东直门外香河圆街23号楼1层,电话：010-64676563,
北京兴事堂医药有限公司,地址：北京市东城区南二环陶然亭桥向东三百米永定门西滨河路中海紫御公馆底商 ,电话：010-51289635 ,
北京康寿安医药销售有限责任公司,地址： 北京市海淀区香山路88号 ,电话：010-62887936,
北京兴事堂兴海大药房,地址：北京市大兴区西红门镇福益路2号,电话：010-51289636,
北京百信德康医药有限公司平乐园店,地址：北京市朝阳区南磨房路29号旭捷大厦一层,电话：010-52051171 ,
北京昌民安康医药有限责任公司,地址：北京市丰台区南方庄甲70号1-4,电话：010-68410793,
北京市弘济药店有限公司第九分店,地址：北京市门头沟区龙泉镇龙门新区二区西侧平方商铺3门,电话：010-52739256 ,
北京顺安堂大药房有限公司,地址：北京市石景山区八宝山南路重兴嘉园4号楼101,电话：010-88681264,
北京广建亨医药有限公司,地址：北京海淀区安河桥北裕祺隆园小区1号楼由南向北第八、九号底商,电话：010-62501661,
北京时珍堂金鹿大药房有限公司,地址：北京市石景山区玉泉路65号（平房）,电话：010-68637019 ,
北京兴事堂,地址：北京市,电话：400-000-0000,
北京福济堂大药房,地址：北京市海淀区长智路5号底商,电话：010-88588683,
北京金象复星医药股份有限公司白塔寺店,地址：北京市西城区阜内大街165号 ,电话：010-66160165 ,
北京市福庆余堂大药房有限责任公司,地址：北京市朝阳区孙河乡沙子营村17号,电话：010-87633359 ,
北京平安百姓大药房有限公司,地址：北京市石景山区八宝山南路29号院7号楼,电话：010-88681503,
北京兴事堂医药科技有限公司,地址：北京朝阳区通惠家园惠泽园13号楼底商1-4,电话：010-56296829,
