吉林省中东健康万家医药连锁有限公司开工店,地址：吉林省长春市朝阳区开运街开工胡同内，南街超市边,电话：0431-85943411,
吉林省中东健康万家医药连锁有限公司星宇小区店,地址：吉林省长春市绿园区皓月大路星宇小区启明园1号数,电话：无,
吉林省中东健康万家医药连锁有限公司青年路店,地址：吉林省长春市绿园区青年路1359号,电话：无,
吉林省中东健康万家医药连锁有限公司樱花苑店,地址：吉林省长春市二道区亚泰花园樱花苑第13栋1单元101号,电话：0431-84883723,
吉林省中东健康万家医药连锁有限公司福安街店,地址：吉林省长春市二道区亚泰樱花苑38、39栋下105号门市,电话：0431-84883646,
吉林省中东健康万家医药连锁有限公司净月大街店,地址：吉林省长春市净月大街与金屏街交汇南街超市内,电话：无,
吉林省中东健康万家医药连锁有限公司欧亚卖场店,地址：吉林省长春市开运街5178号 欧亚卖场10号门，生活超市入口处,电话：0431-85536772,
吉林省中东健康万家医药连锁有限公司新天地店,地址：吉林省长春市亚泰大街1138号，新天地购物公园负一层,电话：0431-88766507,
吉林省中东健康万家医药连锁有限公司湖西路店,地址：吉林省长春市中东七彩城负一层湖西路与泰来街交汇处,电话：0431-88715665,
吉林省中东健康万家医药连锁有限公司大市场店,地址：吉林省长春市经济开发区自由大路6738号,电话：0431-84631320,
吉林省中东健康万家医药连锁有限公司通化路店,地址：吉林省长春市南关区通化路37号,电话：0431-88918020,
长春同康药业连锁柳影家园店,地址：吉林省长春市宽城区柳影家园1期10栋10-1室,电话：0431-81619361,
长春同康药业连锁前进大街店,地址：吉林省长春市高新技术开发区筑业阳光二期商住2号,电话：0431-81619361,
长春同康药业连锁文化惠康店,地址：吉林省长春市宽城区利国街美印雅苑A区5栋102室,电话：0431-81619361,
长春同康药业连锁高新北区店,地址：吉林省长春市高新区雅苑西街,电话：0431-81619361,
长春同康药业连锁金恒店,地址：吉林省长春市经开区海口路7号,电话：0431-81619361,
长春同康药业连锁小南街店,地址：吉林省长春市宽城区小南街华大天朗国际B45-106号,电话：0431-81619361,
长春同康药业连锁凯旋路店,地址：吉林省长春市宽城区凯旋路36号,电话：0431-81619361,
长春同康药业连锁仁和堂店,地址：吉林省长春市高新区富强C区3单元108室,电话：0431-81619361,
长春同康药业连锁金钱路店,地址：吉林省长春市力旺康城,电话：0431-81619361,
长春同康药业连锁宽府路店,地址：吉林省长春市九台路以东吴中印象A区第13栋107号房,电话：0431-81619361,
长春同康药业连锁兆丰店,地址：吉林省长春市长江路北兴路以南、丙十路以东，兆丰凯旋明珠金街2栋111室,电话：0431-81619361,
长春同康药业连锁吉康大药房,地址：吉林省长春市净月经济开发区新园小区39栋102室,电话：0431-81619361,
长春同康药业连锁和顺街店,地址：吉林省长春市劳动公园北门,电话：0431-81619361,
长春同康药业连锁长新街店,地址：吉林省长春市包豪斯国际社区10-11栋1单元B111号,电话：0431-81619361,
长春同康药业连锁威海路店,地址：吉林省长春市经济开发区福林家园小区43栋104室,电话：0431-81619361,
长春同康药业连锁吉盛店,地址：吉林省长春市二道区吉盛小区二区2-35栋,电话：0431-81619361,
长春同康药业连锁美景天城店,地址：吉林省长春市宽城区富丰家园5栋118号,电话：0431-81619361,
长春同康药业连锁北湾新城店,地址：吉林省长春市高新开发区丙三十六路中天北湾新城16栋120门市,电话：0431-81619361,
长春同康药业连锁南航店,地址：吉林省长春市经开区南航世纪苑12栋116号,电话：0431-81619361,
长春同康药业连锁爱心药店,地址：吉林省长春市二道区阜丰嘉居小区11号楼,电话：0431-81619361,
长春同康药业连锁汇仁店,地址：吉林省长春市经开区临河风景北海路C3区S09号,电话：0431-81619361,
长春同康药业连锁文化富民店,地址：吉林省长春市远达大街59号富民花园15栋,电话：0431-81619361,
长春同康药业连锁泰和店,地址：吉林省长春市二道区远达大街1459号,电话：0431-81619361,
长春同康药业连锁文化店,地址：吉林省长春市二道区迁安路12号,电话：0431-81619361,
长春同康药业连锁康盛堂店,地址：吉林省长春市朝阳区卫明街738号,电话：0431-81619361,
长春同康药业连锁同济店,地址：吉林省长春市二道区经纬南路27号楼118室,电话：0431-81619361,
长春同康药业连锁乐山店,地址：吉林省长春市长春市朝阳区乐山镇街道22-4号,电话：0431-81619361,
长春同康药业连锁瑞康大药房,地址：吉林省长春市朝阳区义和路永昌综合市场,电话：0431-81619361,
长春同康药业连锁华洋店,地址：吉林省长春市朝阳区红旗街同德路5-2号,电话：0431-81619361,
长春同康药业连锁盈家店,地址：吉林省长春市绿园区新竹路盈家瑞景花园小区110号,电话：0431-81619361,
长春同康药业连锁济民店,地址：吉林省长春市城西镇杨家村虹桥花园红楼32楼110号,电话：0431-81619361,
长春同康药业连锁福安堂大药房,地址：吉林省长春市二道区经纬路与福安路交汇,电话：0431-81619361,
长春同康药业连锁儿童医院店,地址：吉林省长春市朝阳区北安小区111号,电话：0431-81619361,
长春同康药业连锁同泰店,地址：吉林省长春市绿园区同心路同泰花园6A103号,电话：0431-81619361,
长春同康药业连锁普济堂大药房,地址：吉林省长春市长春市绿园区宏阳街-21号,电话：0431-81619361,
长春同康药业连锁济鑫堂大药房,地址：吉林省长春市朝阳区开运街欧亚宜家小区,电话：0431-81619361,
长春同康药业连锁仁康大药房,地址：吉林省长春市景阳大路5号景阳小区1号门市房,电话：0431-81619361,
长春同康药业连锁康旗店,地址：吉林省长春市朝阳区清河街27号,电话：0431-81619361,
长春同康药业连锁天康大药房,地址：吉林省长春市弘海小区1栋1门101室外门市房,电话：0431-81619361,
长春同康药业连锁一健堂店,地址：吉林省长春市二道区吉盛小区1-36栋20号,电话：0431-81619361,
长春同康药业连锁民康店,地址：吉林省长春市绿园区春辉路93号,电话：0431-81619361,
长春同康药业连锁康郡分店,地址：吉林省长春市绿园区吉粮康郡50栋3单元109号,电话：0431-81619361,
长春同康药业连锁卓展店,地址：吉林省长春市朝阳区重庆路1255号,电话：0431-81619361,
长春同康药业连锁义仁堂店,地址：吉林省长春市绿园区春城大街52号,电话：0431-81619361,
长春同康药业连锁华强店,地址：吉林省长春市绿园区正阳街31号,电话：0431-81619361,
长春同康药业连锁一汽恒康店,地址：吉林省长春市绿园区创业大街越野路1号,电话：0431-81619361,
长春同康药业连锁润泽堂分店,地址：吉林省长春市绿园区翔运街74号,电话：0431-81619361,
长春同康药业连锁铭泽堂大药房,地址：吉林省长春市绿园区城西镇跃进村马忠屯,电话：0431-81619361,
长春同康药业连锁雁鸣湖分店,地址：吉林省长春市雁鸣湖以东，西环城路以西中东首座29幢5单元110号,电话：0431-81619361,
长春同康药业连锁东岭北街店,地址：吉林省长春市南关区东岭北街和自由大路,电话：0431-81619361,
长春同康药业连锁乐亭街店,地址：吉林省长春市南关区亚泰大街中环11区7座,电话：0431-81619361,
长春同康药业连锁鸿盛店,地址：吉林省长春市南关区曙光路20号,电话：0431-81619361,
长春同康药业连锁一健堂桃源大药房,地址：吉林省长春市南关区桃源春晓小区11栋101号,电话：0431-81619361,
长春同康药业连锁一健堂平阳店,地址：吉林省长春市南关区平阳街与通化路交会处,电话：0431-81619361,
长春同康药业连锁万寿堂店,地址：吉林省长春市南关区平泉路24号,电话：0431-81619361,
长春同康药业连锁同康大药房,地址：吉林省长春市南关区东四马路516号,电话：0431-81619361,
德仁堂大药房驼靖线店,地址：吉林省通化市柳河县驼靖线附近,电话：0435-7577885,
德仁堂药店双朝线店,地址：吉林省吉林市磐石市双朝线附近,电话：无,
德仁堂大药房Y137店,地址：吉林省吉林市舒兰市Y137附近,电话：无,
吉林大药房四川街连锁店,地址：吉林省吉林市昌邑区四川街格林印象b2号楼1号网点,电话：无,
吉林大药房鲁辉国际城连锁店,地址：吉林省长春市二道区鲁辉国际成第5区荷兰小镇30栋106室,电话：无,
通榆益寿堂医药乌兰花分店,地址：吉林省白城市通榆县乌兰花镇红光村,电话：0436-4630007,
通榆益寿堂医药瞻榆分店,地址：吉林省白城市通榆县瞻榆镇二区二段（瞻榆二院500米处）,电话：0436-5001088,
通榆益寿堂医药富强分店,地址：吉林省白城市通榆县开通镇向海路（国储库门市2号门）,电话：无,
通榆益寿堂医药众康分店,地址：吉林省白城市通榆县开通镇建设街开通路四号门市楼,电话：0436-5002200,
通榆益寿堂医药兴东分店,地址：吉林省白城市通榆县开通镇繁荣区富强路兴东小区4号门市楼,电话：无,
通榆益寿堂医药合心分店,地址：吉林省白城市通榆县开通镇建设街长青路棚户区二期门市楼,电话：无,
通榆益寿堂医药开发区分店,地址：吉林省白城市通榆县开通镇新发街育才路（碧水东城12号楼8号门市楼）,电话：无,
通榆益寿堂医药小城花园分店,地址：吉林省白城市通榆县开通镇建设街育才路（小诚花园四期门市南数四门）,电话：0436-5001212,
通榆益寿堂医药兴隆分店,地址：吉林省白城市通榆县隆山镇长胜村（兴隆山法院住宅楼）,电话：0436-4778672,
通榆益寿堂医药长白分店,地址：吉林省白城市通榆县开通镇水利局楼下,电话：0436-5004499,
通榆益寿堂医药长青分店,地址：吉林省白城市通榆县开通镇长青（县政府北侧）,电话：0436-5002255,
通榆益寿堂医药为民分店,地址：吉林省白城市通榆县开通镇长白路东开通大路北（商业城东）,电话：无,
通榆益寿堂医药开通分店,地址：吉林省白城市通榆县开通镇开通大路（县医院对过）,电话：0436-5001133,
白山康达大药房有限公司江源五店,地址：吉林省白山市江源区明珠小区西门南侧副楼（孙家堡子一委07）101门市,电话：0439-3829979,
通榆益寿堂医药育才分店,地址：吉林省白城市通榆县开通镇兴华街育才路（老法院家属楼一楼）,电话：0436-5002266,
通榆益寿堂医药百草分店,地址：吉林省白城市通榆县开通镇繁荣街文明路（原农机三厂）,电话：0436-5001099,
白山康达大药房有限公司三十店,地址：吉林省白山市浑江区新华路18-8号（一楼南侧）,电话：0439-3247988,
白山康达大药房有限公司江源四店,地址：吉林省白山市江源区三岔镇森工街42号楼1层104号,电话：0439-3826882,
通榆益寿堂医药站前分店,地址：吉林省白城市通榆县开通镇开通大路（火车站东200米）,电话：0436-5002211,
白山康达大药房有限公司二十八店,地址：吉林省白山市浑江区红旗街祥达富苑12号楼101门市,电话：0439-3262121,
白山康达大药房有限公司江源三店,地址：吉林省白山市江源区福泰路滨江花园小区117号,电话：0439-3826501,
白山康达大药房有限公司二十六店,地址：吉林省白山市浑江区浑江大街343-8号（国检站对面）,电话：0439-3365143,
通榆益寿堂医药宏都分店,地址：吉林省白城市通榆县开通镇繁荣街文明路（原碧野剧场门市楼）,电话：无,
白山康达大药房有限公司江源二店,地址：吉林省白山市江源区三岔镇兴民小区4栋门市,电话：0439-3821828,
白山康达大药房有限公司二十五店,地址：吉林省白山市浑江区红旗街132-133号通江小区1号楼101号门市,电话：0439-3291858,
白山康达大药房有限公司江源一店,地址：吉林省白山市江源区金鼎盛世购物广场一楼,电话：0439-3670038,
白山康达大药房有限公司二十四店,地址：吉林省白山市浑江区浑江大街向阳花园D座109门市,电话：0439-3239858,
白山康达大药房有限公司二十三店,地址：吉林省白山市浑江区民中街怡滨花园9号楼106门市,电话：0439-3221881,
白山康达大药房有限公司十五店,地址：吉林省白山市浑江区健民街时代商厦122号门市,电话：0439-7928098,
白山康达大药房有限公司二十二店,地址：吉林省白山市浑江区长白山大街水岸家城小区2号楼第12门市（开发区）,电话：0439-3286792,
白山康达大药房有限公司十七店,地址：吉林省白山市通沟街中天馨苑B2区4号楼108室,电话：0439-3252699,
白山康达大药房有限公司七店,地址：吉林省白山市浑江区文良街南岭佳园小区16号楼104门市,电话：0439-8640109,
白山康达大药房有限公司十二店,地址：吉林省白山市浑江区东兴街铁路小区通房48号1单元101号（雷锋小学对面）,电话：0439-3338010,
白山康达大药房有限公司六店,地址：吉林省白山市浑江区向阳路向阳佳园3号楼1营业室,电话：0439-3268388,
白山康达大药房有限公司二十一店,地址：吉林省白山市浑江区达山路向阳佳园三期31号楼3单元102室,电话：0439-3235812,
白山康达大药房有限公司十一店,地址：吉林省白山市浑江区红旗街12-5号（惠民小区）,电话：0439-3370556,
白山康达大药房有限公司二十店,地址：吉林省白山市银河小区13号楼1号门市,电话：0439-3332086,
白山康达大药房有限公司五店,地址：吉林省白山市浑江区通江路22号（市医院对面）,电话：0439-3257811,
白山康达大药房有限公司四店,地址：吉林省白山市浑江区江北怡园小区3号楼1层9号,电话：0439-3253828,
白山康达大药房有限公司十店,地址：吉林省白山市浑江区长白山大街启明路春江花园A区商铺A营业房118号（开发区）,电话：0439-7929089,
白山康达大药房有限公司十九店,地址：吉林省白山市浑江区浑江大街金河小区71-1号门市,电话：0439-3548877,
白山康达大药房有限公司三店,地址：吉林省白山市浑江区江北新区3号楼3单元103室（开发区）,电话：0439-3289889,
白山康达大药房有限公司九店,地址：吉林省白山市浑江区星泰花园10号楼裙房107门市,电话：0439-3316881,
白山康达大药房有限公司十八店,地址：吉林省白山市浑江区东岗街金河花园8号楼6单元102门市,电话：0439-3398799,
白山康达大药房有限公司二店,地址：吉林省白山市浑江区建设街78——1号（601道口）,电话：0439-3229118,
白山康达大药房有限公司十六店,地址：吉林省白山市浑江区健民街怡滨小区6号楼1单元102门市,电话：0439-7927666,
白山康达大药房有限公司总店,地址：吉林省白山市浑江区浑江大街122-8号(一楼西侧）,电话：0439-3248098,
白山康达大药房有限公司八店,地址：吉林省白山市浑江区红旗街86号创业大厦107室,电话：0439-5112769,
吉林大药房玉山路连锁店,地址：吉林省吉林市丰满区玉山路7号楼3号网点,电话：无,
吉林大药房通化新站连锁店,地址：吉林省通化新站路\/2-4号,电话：0435-6103088,
吉林大药房浦东新城连锁店,地址：吉林省长春市经济开发区浦东路与仙台大街交汇105号,电话：无,
吉林大药房通化火车站连锁店,地址：吉林省通化市建设大街957号,电话：0435-6115596,
吉林大药房德惠和平连锁店,地址：吉林省长春市德惠市胜利办事处钢化委十二区1156栋1层1号,电话：无,
吉林大药房吉地华府连锁店,地址：吉林省长春市德惠市和惠小区A区3号楼12门,电话：无,
吉林大药房人民街连锁店,地址：吉林省长春市德惠市建设街办事处红星委十委316栋1-2层18号,电话：无,
吉林大药房飞跃路连锁店,地址：吉林省长春市汽车产业开发区飞跃路612栋,电话：无,
吉林大药房德惠新惠路连锁店,地址：吉林省长春市德惠市新惠路与西光明街锦绣世家小区Ａ１－２区１－２号楼２４门,电话：无,
吉林大药房迎新街连锁店,地址：吉林省长春市德惠市锦绣世家小区第15号楼23门（市医院对过）,电话：无,
吉林大药房南部新城连锁店,地址：吉林省长春市南关区南部新城小区E区1栋105号1楼,电话：无,
吉林大药房白城市药业有限责任公司华一家园连锁店,地址：吉林省白城市幸福大街56号楼一层东侧北1-5号,电话：0436-3366121,
吉林大药房东华路连锁店,地址：吉林省通化市二道江区东华路1-1号,电话：0435-6132411,
吉林大药房通化兴昌路连锁店,地址：吉林省通化市东昌区兴昌路新胜胡同17号,电话：0435-6171660,
吉林大药房三亚路连锁店,地址：吉林省吉林市高新区厦门街44#-（1-2）层-12号网点,电话：无,
吉林大药房建昌街连锁店,地址：吉林省长春市朝阳区湖西路67-1239号,电话：0431-85075355,
吉林大药房蓝天连锁店,地址：吉林省长春市德惠市西五道街苏宁电器对面,电话：无,
吉林大药房通化光明路连锁店,地址：吉林省通化市东昌区200-935\/116-411号,电话：无,
吉林大药房民族路连锁店,地址：吉林省长春市德惠市民族路3号,电话：无,
吉林大药房解放东路连锁店,地址：吉林省吉林市昌邑区解放东路446号青津综合楼4号网点,电话：无,
吉林大药房杏花苑连锁店,地址：吉林省长春市二道区亚泰花园杏花苑1号21-26栋,电话：0431-85075352,
吉林大药房通化新华大街连锁店,地址：吉林省通化市新华大街201号,电话：0435-6139399,
吉林大药房尚东城连锁店,地址：吉林省长春市德惠市港丰润泽苑小区第6号楼101室,电话：无,
吉林大药房建设路连锁店,地址：吉林省长春市德惠市阳光三区富裕花园九号楼五门市,电话：无,
吉林大药房通化新区连锁店,地址：吉林省通化市东昌区沿江路888号,电话：0435-3500119,
吉林大药房通化大街连锁店,地址：吉林省通化市二道江区东通化大街265-030\/630-140,电话：0435-6139116,
吉林大药房福民小区连锁店,地址：吉林省四平市铁东区七马路街长虹委福民小区1#楼3单元,电话：无,
吉林大药房凯虹市场连锁店,地址：吉林省四平市铁西区英雄街棉纺委科院小区B#楼38幢号一层,电话：0434-3672800,
吉林大药房四平九马路连锁店,地址：吉林省四平市铁东区四马路接10委1组51幢1层,电话：无,
吉林大药房南湖大路连锁店,地址：吉林省四平市铁西区站前街新开委南湖花园小区1号楼27\/486幢105号1层,电话：无,
吉林大药房四平师大连锁店,地址：吉林省四平市阳光兴海花园1-4号楼42\/424B幢114号,电话：无,
吉林大药房健康路连锁店,地址：吉林省延边延吉市局子街1558-12号,电话：0433-2528709,
吉林大药房仁兴街连锁店,地址：吉林省四平市铁西区仁兴街纬南委二组62栋1层,电话：无,
吉林大药房敖东大街连锁店,地址：吉林省延边敦化市民主街富民委26组,电话：0433-6440078,
吉林大药房锦绣华府连锁店,地址：吉林省延边敦化市民主街锦绣华府大厦104号,电话：0433-6487205,
吉林大药房爱丹路连锁店,地址：吉林省延边延吉市爱丹路296-1号1单元101室,电话：0433-4315551,
吉林大药房翰章大街连锁店,地址：吉林省延边敦化市翰章大街新华书店旁,电话：0433-6210510,
吉林大药房恒达小区连锁店,地址：吉林省延边延吉市延吉街1106号4号楼1008室,电话：0433-4363322,
吉林大药房延吉市进学街连锁店,地址：吉林省延边延吉市进学街555号,电话：无,
吉林大药房吉光路连锁店,地址：吉林省辽源市富源花园第一幢110号、210号,电话：0437-3335581,
吉林大药房药业股份有限公司农安世纪华城连锁店,地址：吉林省长春市农安县农安镇文昌路世纪华城二期1栋6门商铺,电话：无,
吉林大药房局子街连锁店,地址：吉林省延边延吉市延弘大厦1楼4号,电话：0433-5013088,
吉林大药房药业股份有限公司农安站前连锁店,地址：吉林省长春市农安县农安镇农安大路客运站东侧,电话：无,
吉林大药房丰寿路连锁店,地址：吉林省辽源市我的家园一期2号楼101 102室,电话：0437-3611172,
吉林大药房康平街连锁店,地址：吉林省长春市西安大路1192号,电话：0431-85075149,
吉林大药房万宝连锁店,地址：吉林省长春市朝阳区西朝阳路10号（万宝胡同与西朝阳路交汇）,电话：无,
吉林大药房药业股份有限公司农安一品华城连锁店,地址：吉林省长春市农安县农安镇兴隆路一品华城29幢6号门,电话：无,
吉林大药房慈光路连锁店,地址：吉林省长春市朝阳区安达街36号一楼（安达街与慈光路交汇东北方向）,电话：无,
吉林大药房光明街连锁店,地址：吉林省延边延吉市光明街1166号,电话：0433-5088639,
吉林大药房同建小区连锁店,地址：吉林省长春市朝阳区建政路773号,电话：0431-81912682,
吉林大药房康宁大街连锁店,地址：吉林省辽源市龙山区东方新城第AC座116号（东方家居广场楼下）,电话：0437-6667778,
吉林大药房平治连锁店,地址：吉林省南关区至善路平治小区2号楼106室,电话：0431-85070155,
吉林大药房东吉大路连锁店,地址：吉林省辽源市东艺春城10号楼101号,电话：0437-6155007,
吉林大药房建政路连锁店,地址：吉林省长春市朝阳区建政路22号6号、7号房,电话：0431-81912662,
吉林大药房东朝阳路连锁店,地址：吉林省长春市朝阳区同志街626号,电话：0431-85075918,
吉林大药房东瑞春城连锁店,地址：吉林省辽源市东吉大路东艺春城2号楼102室,电话：0437-3290630,
吉林大药房药业股份有限公司农安富苑连锁店,地址：吉林省长春市农安县农安镇宝塔街富苑小区综合楼10栋22号门市,电话：无,
吉林大药房长白山路连锁店,地址：吉林省延边延吉市长白山路威远城小区第91栋1008号,电话：0433-8347776,
吉林大药房龙山大街店,地址：吉林省辽源市龙山区东吉街吉光路50号,电话：0437-3250279,
吉林大药房福寿路连锁店,地址：吉林省辽源市南康街09-016号门市,电话：0437-3231518,
吉林大药房卫星广场连锁店,地址：吉林省长春市朝阳区人民大街207号卫星广场民航花园小区1-1号楼105号 ,电话：0431-8507620,
吉林大药房中金名筑连锁店,地址：吉林省长春市南关区亚泰大街3766号中金花园1\/2幢108号,电话：0431-81851311,
吉林大药房辽源辽河半岛连锁店,地址：吉林省辽源市龙山区辽河半岛小区二期E4103、104号,电话：0437-3728931,
吉林大药房药业股份有限公司农安黄龙连锁店,地址：吉林省长春市农安县农安镇黄龙路城建局综合门市房,电话：无,
吉林大药房药业股份有限公司建民街连锁店,地址：吉林省长春市我的家园38号楼,电话：0431-85075147,
吉林大药房药业股份有限公司钻石名城,地址：吉林省辽源市钻石名城小区12号楼1单元106号,电话：无,
吉林大药房西民主大街连锁店,地址：吉林省长春市朝阳区西民主大街21号,电话：无,
吉林大药房卫星路连锁店,地址：吉林省长春市南关区幸福街21号,电话：0431-85076022,
吉林大药房永安桥连锁店,地址：吉林省长春市南关区大经路151号,电话：0431-85075942,
吉林大药房白城市药业有限责任公司丰元连锁店,地址：吉林省白城市锅炉厂胡同4号楼一层门市东一户,电话：0436-3339968,
吉林大药房中海水岸春城连锁店,地址：吉林省长春市净月开发区临河街7477号107号房,电话：0431-81912591,
吉林大药房白城市药业有限责任公司瑞光街连锁店,地址：吉林省白城市洮安西路10号楼16-2号,电话：0436-3521722,
吉林大药房警官公寓连锁店,地址：吉林省长春市南关区人民大街西街以西南环城路以北省公安厅警官公寓第2幢1-102-,电话：0431-82912638,
吉林大药房白城市药业有限责任公司光明街街连锁店,地址：吉林省白城市海明西路三二一医院东200米处,电话：0436-3339688,
吉林大药房白城市药业有限责任公司福源小区连锁店,地址：吉林省白城市青年街福源小区7号楼第3户门市,电话：0436-3222553,
吉林大药房白城市药业有限责任公司万兴家园连锁店,地址：吉林省白城市长庆北街31-1号,电话：0436-3369981,
吉林大药房长春飞虹路连锁店,地址：吉林省长春市中信城浅山17栋商铺107,电话：0431-81890858,
吉林大药房中海御峰连锁店,地址：吉林省长春市南关区彩霞中海御峰DG120号,电话：0431-81890856,
吉林大药房白城市药业有限责任公司鹤城丽都连锁店,地址：吉林省白城市新华西大路,电话：0436-3516690,
吉林大药房药业股份有限公司白城洮安路连锁店,地址：吉林省白城市和平街26号,电话：无,
吉林大药房钻石礼都连锁店,地址：吉林省长春市宽城区天光路钻石礼都第B10幢2单元106号房,电话：无,
吉林大药房园丁花园店,地址：吉林省长春市境遇开发区88-78,电话：0431-85076325,
吉林大药房万科惠斯勒连锁店,地址：吉林省长春万科惠斯勒小镇M-6幢商业1单元103室,电话：无,
吉林大药房繁荣路连锁店,地址：吉林省长春市南关区繁荣路万龙原色3号楼105室,电话：无,
吉林大药房白城市药业有限责任公司新华广场连锁店,地址：吉林省白城市青年南大街29-1号,电话：无,
吉林大药房扶贫市场连锁店,地址：吉林省长春市宽城区长新街满客隆超市入口左侧及客服中心左侧,电话：无,
吉林大药房银湖柳苑连锁店,地址：吉林省长春市净月开发区逯瓦房商住区临河街柳苑小区3号楼129号,电话：无,
吉林大药房白城市药业有限责任公司明仁南街连锁店,地址：吉林省白城市明仁南街34号广益大楼一楼南侧,电话：0436-3222980,
吉林大药房白城市药业有限责任公司店,地址：吉林省白城市辽北路53号楼A区北数3户,电话：无,
吉林大药房温馨花园连锁店,地址：吉林省长春市宽城区天光路31号温馨花园5栋133号,电话：0431-81912615,
吉林大药房药业股份有限责任公司白城和平连锁店,地址：吉林省白城市和平街2-6号,电话：无,
吉林大药房豪园连锁店,地址：吉林省长春市卫星路1号豪园小区第3栋108号门市,电话：0431-81912585,
吉林大药房长春明珠连锁店,地址：吉林省长春市南关区人民大街198号长春明珠D3C1,电话：无,
吉林大药房凤凰城连锁店,地址：吉林省长春市彩云街瀚邦凤凰城第18幢南侧起第二间门市,电话：无,
吉林大药房药业股份有限责任公司白城海明路连锁店,地址：吉林省白城市海明东路69号,电话：无,
吉林大药房铁北二路连锁店,地址：吉林省长春市宽城区兴业街4号,电话：无,
吉林大药房中海国际连锁店,地址：吉林省长春市南关区临河街中海国际社区小区H3栋106号,电话：无,
吉林大药房富奥连锁店,地址：吉林省长春净月开发区富奥花园A9栋105门市,电话：0431-85075141,
吉林大药房白城市药业有限责任公司青年街街连锁店,地址：吉林省白城市青年南大街9号,电话：无,
吉林大药房美印雅苑连锁店,地址：吉林省长春市美印雅苑A区第五栋1单元103号,电话：0431-85076321,
吉林大药房药业股份有限公司白城文化东路连锁店,地址：吉林省白城市文化东路15号楼15号,电话：无,
吉林大药房中信城连锁店,地址：吉林省长春市净月区中信城枫丹白露1期25栋103室,电话：无,
吉林大药房白城市药业有限责任公司金辉小区连锁店,地址：吉林省白城市长庆街29号,电话：0436-3525117,
吉林大药房药业股份有限责任公司白城保胜路连锁店,地址：吉林省白城市幸福花园13栋保胜路143号二单元,电话：无,
吉林大药房药业股份有限责任公司白城中兴西路连锁店,地址：吉林省白城市中兴西大路7号9-7号,电话：无,
吉林大药房上和小区连锁店,地址：吉林省长春市双阳区上和城小区34栋109室,电话：无,
吉林大药房白城市药业有限责任公司塞哥维亚连锁店,地址：吉林省白城市中兴西大路57号-1,电话：0436-3511068,
吉林大药房绿地中央公馆连锁店,地址：吉林省长春市南关区南湖中街以东、南环路以南幸福街新里.中央公馆c-5幢3-106,电话：0431-81912573,
吉林大药房森杨路连锁店,地址：吉林省长春市净月开发区净月大街以东、空地以西净月5号公馆B幢102号,电话：无,
吉林大药房地铁名典连锁店,地址：吉林省长春市地铁名典小区D2-1-102,电话：0431-81178251,
吉林大药房凯旋花园连锁店,地址：吉林省长春市宽城区凯旋路48号19Ｂ幢一层１１９号房,电话：无,
吉林大药房药业股份有限公司白城玫瑰苑连锁店,地址：吉林省白城市洮北区麻纺路附9号楼东6户,电话：无,
吉林大药房复地哥德堡连锁店,地址：吉林省长春市净月开发区博学路复地康桥5#108室,电话：无,
吉林大药房药业股份有限责任公司白城长庆街连锁店,地址：吉林省白城市长庆街43号,电话：无,
吉林大药房兴业街连锁店,地址：吉林省长春市宽城区兴业街62号,电话：0431-85076311,
吉林大药房药业股份有限责任公司白城幸福大街连锁店,地址：吉林省白城市幸福南大街23栋1-2层23-5号,电话：无,
吉林大药房一匡街连锁店,地址：吉林省长春市宽城区康泰花园二期C3栋106号,电话：0431-85076317,
吉林大药房亚泰小区连锁店,地址：吉林省长春市双阳区亚泰水泥小区一号楼门市,电话：0431-81912552,
吉林大药房育新连锁店,地址：吉林省长春市宽城区黑水路7区3栋1-6轴,电话：0431-82868477,
吉林大药房长山路连锁店,地址：吉林省长春市双阳区长山路东13-1号（石油公司楼下108号）,电话：0431-85075125,
吉林大药房城市嘉园连锁店,地址：吉林省长春市双阳区鼎鹿广场以东沿河小区C区第7幢1单元169号,电话：0431-81890823,
吉林大药房常欣家园连锁店,地址：吉林省长春市宽城区常欣回迁小区1区20栋101号,电话：0431-81890818,
吉林大药房双阳上东小区连锁店,地址：吉林省长春市双阳区东双阳大街领袖阳城3幢0单元114号,电话：无,
吉林大药房滨河路连锁店,地址：吉林省长春市双阳区建龙上东国际4栋106室,电话：无,
吉林大药房华山路连锁店,地址：吉林省吉林市丰满区华山路780号吉林医药学院附属医院住宅楼01幢0001012室,电话：无,
吉林大药房双阳大街连锁店,地址：吉林省长春市双阳天力时尚百货A11号,电话：无,
吉林大药房烽火街连锁店,地址：吉林省吉林市丰满区西环江路送配电住宅小区9号楼3号网点,电话：无,
吉林大药房华大城连锁店,地址：吉林省长春市宽城区小南街华大城第9幢3单元107号房,电话：0431-81890825,
吉林大药房华大天朗连锁店,地址：吉林省长春市宽城区小南街华大天朗B-4\/5\/6-64幢2单元108号,电话：0431-81912632,
吉林大药房保利林语连锁店,地址：吉林省长春市南关区前进大街以西，保利前进大街小区F1幢107室,电话：0431-81890831,
吉林大药房兴隆街连锁店,地址：吉林省吉林市高新区前锋新村h号楼3号网点,电话：无,
吉林大药房上台花园连锁店,地址：吉林省长春市宽城区上台花园B4栋1单元109,电话：0431-81912602,
吉林大药房九台路连锁店,地址：吉林省长春市宽城区一匡街家和超市部分房屋,电话：0431-81912654,
吉林大药房长江街连锁店,地址：吉林省吉林市高新区长江街光明小区7号楼1-2号网点,电话：无,
吉林大药房天津街连锁店,地址：吉林省吉林市昌邑区文庙街兰天小区10号楼192-5号网店,电话：无,
吉林大药房上海路连锁店,地址：吉林省吉林市昌邑区上海路20号,电话：无,
吉林大药房宽府路连锁店,地址：吉林省长春市宽城区北亚泰大街证大光明城2期24幢2单元104室,电话：无,
吉林大药房万科路连锁店,地址：吉林省吉林市高新区滨江南路99号万科城一期9-14号楼10幢0001001室,电话：无,
吉林大药房修正路连锁店,地址：吉林省长春市高新区修正路阳光城七彩6号楼2号商铺,电话：0431-86076218,
吉林大药房大通连锁店,地址：吉林省长春市朝阳区繁荣路17号门市,电话：无,
吉林大药房伊利花园连锁店,地址：吉林省吉林市丰满区宜山路伊利花园1号楼2号网点,电话：无,
吉林大药房双阳仿古楼连锁店,地址：吉林省长春市双阳区苏瓦延街北,电话：无,
吉林大药房团山小区连锁店,地址：吉林省长春市宽城区团山小区4.5栋119室,电话：无,
吉林大药房湖光路连锁店,地址：吉林省长春市朝阳区湖光科技新村一号楼101室,电话：0431-85076023,
吉林大药房湘潭街连锁店,地址：吉林省吉林市龙潭区湘潭街东方新村5号楼8号网点,电话：无,
吉林大药房融创上城连锁店,地址：吉林省长春市开发区硅谷大街1877号融创上城四期第62-99商业栋105,电话：无,
吉林大药房御景壹号连锁店,地址：吉林省长春市双阳区崇山路东侧御景壹号小区1栋3单元105号,电话：无,
吉林大药房太原街连锁店,地址：吉林省吉林市昌邑区太原街,电话：无,
吉林大药房吉林恒山西路连锁店,地址：吉林省吉林市高新区科贸商城一区1-2层A03-04号网点,电话：无,
吉林大药房剑桥园连锁店,地址：吉林省长春市高新开发区剑桥园1\/10栋119号,电话：0431-81912697,
吉林大药房汉阳街连锁店,地址：吉林省吉林市龙潭区汉阳街阳城家园1号楼1层4号网点,电话：无,
吉林大药房颐和雅苑连锁店,地址：吉林省长春市双阳区北疆颐和雅苑A1-1号楼101室,电话：无,
吉林大药房公安小区连锁店,地址：吉林省吉林市昌邑区欣昌街公安小区南3楼栋门市单元一层,电话：无,
吉林大药房文婷雅苑连锁店,地址：吉林省长春市朝阳区繁荣路文婷雅苑小区39栋105号,电话：0431-85076077,
吉林大药房遵义东路连锁店,地址：吉林省吉林市龙潭区遵义东路71-23号,电话：无,
吉林大药房名仕花园连锁店,地址：吉林省长春市朝阳区西开运街4666号,电话：0431-85075937,
吉林大药房双阳温馨家园连锁店,地址：吉林省长春市双阳区通阳路温馨家园第二幢3单元106、206号,电话：无,
吉林大药房北亚泰大街连锁店,地址：吉林省长春市宽城区北亚泰大街大街与长新街交汇处,电话：0431-81912632,
吉林大药房辉南街连锁店,地址：吉林省长春市朝阳区辉南街29号,电话：0431-85075993,
吉林大药房领秀朝阳连锁店,地址：吉林省长春市朝阳区吉油.领秀朝阳.上院第A-16幢0单元112号房,电话：0431-81912549,
吉林大药房松江二厅连锁店,地址：吉林省吉林市昌邑区中兴街116号,电话：无,
吉林大药房南湖中街连锁店,地址：吉林省长春市南湖中街与繁荣路交汇大禹城邦小区吉林大药房,电话：0431-81890859,
吉林大药房吉林青年路连锁店,地址：吉林省吉林市昌邑区青华园小区1号楼一层15号网点,电话：无,
吉林大药房北园市场连锁店,地址：吉林省吉林市龙潭区汉阳街南段龙潭区政府4号楼8号网点,电话：无,
吉林大药房南湖新村锁店,地址：吉林省长春市朝阳区南湖大路8号,电话：0431-85076005,
吉林大药房前进大街连锁店,地址：吉林省长春市朝阳区前进大街19号,电话：0431-85075996,
吉林大药房绿锦国际连锁店,地址：吉林省长春市成涛绿锦国际小区2号楼北侧耳房 ,电话：无,
吉林鸿博景园连锁店,地址：吉林省吉林大药房药业股份有限公司吉林市鸿博景园小区连锁店,电话：无,
吉林大药房光谷大街连锁店,地址：吉林省长春市朝阳区轻铁金郡湾50号楼106号,电话：无,
吉林大药房融合嘉苑连锁店,地址：吉林省长春市锦阳路18号吉林油田长化职工住宅小区15\/16幢3单元108号,电话：0431-81912509,
吉林大药房吉达花园连锁店,地址：吉林省长春市绿园区普阳街44号吉达花园四期32\/33幢2单元105号,电话：无,
吉林大药房翡翠湾连锁店,地址：吉林省长春市绿园区翟家棚户区改造项目二期52-2、G7-2、P2幢1单元102,电话：0431-81912647,
吉林大药房建设街连锁店,地址：吉林省长春市朝阳区建设街46号家属楼宿舍临街1楼（建设街1598号）,电话：0431-85075133,
吉林大药房普阳街连锁店,地址：吉林省长春市绿园区普阳街27号,电话：无,
吉林大药房东兰路连锁店,地址：吉林省吉林市昌邑区东兰路冶建小区7号楼9-10号网点,电话：无,
吉林大药房星宇小区连锁店,地址：吉林省长春市绿园区翔运街街B幢101号,电话：0431-81912672,
吉林大药房万福街连锁店,地址：吉林省长春市绿园区万福街54号,电话：0431-85076362,
吉林大药房百菊连锁店,地址：吉林省长春市朝阳区建设街65号,电话：0431-85075898,
吉林大药房春城大街连锁店,地址：吉林省长春市绿园区春城大街3号,电话：无,
吉林大药房黄旗街连锁店,地址：吉林省吉林市船营区紫晶城88号20-22网点,电话：无,
吉林大药房锦西路连锁店,地址：吉林省长春市绿园区西郊路北春城大街西，锦西路南，绿化街东万鑫花园105号,电话：无,
吉林大药房通潭街连锁店,地址：吉林省吉林省吉林市昌邑区通潭大路3号经贸花园小区3号楼8、9号网点,电话：无,
吉林大药房吉林长春路连锁店,地址：吉林省吉林市船营区长春路临江小区9号楼1号网点,电话：无,
吉林大药房万盛理想国连锁店,地址：吉林省长春市万盛理想国第D3幢2单元105号,电话：0431-81851312,
吉林大药房青岛街连锁店,地址：吉林省吉林市青岛街旭日10号楼7号网点,电话：无,
吉林大药房春城锦江连锁店,地址：吉林省长春市绿园区春城大街与景阳大路交汇处锦江花园二区17幢y106号房,电话：无,
吉林大药房长白路连锁店,地址：吉林省长春市宽城区长白路368号,电话：0431-85076368,
吉林大药房春城皓月连锁店,地址：吉林省长春市绿园区皓月大路2519号,电话：无,
吉林大药房鸿博锦绣连锁店,地址：吉林省吉林市船营区农林街第51幢1-2层13号网点,电话：无,
吉林大药房吉兴路连锁店,地址：吉林省吉林市船营区鸿博锦绣花园6号楼7.8号网点,电话：无,
吉林大药房西郊路连锁店,地址：吉林省长春市绿园区皓月大路3072号,电话：0431-85075139,
吉林大药房火车站连锁店,地址：吉林省长春市宽城区辽宁路10-1号,电话：无,
吉林大药房莲山路连锁店,地址：吉林省吉林市船营区厚德广厦小区5-1号楼6号网点,电话：无,
吉林大药房吉林市药业有限责任公司解放西路连锁店,地址：吉林省吉林市船营区乐园小区综合楼7号网点,电话：无,
吉林大药房锦江二区连锁店,地址：吉林省长春市绿园区和平大路锦江花园二区6栋102号,电话：0431-85075983,
吉林大药房四平路连锁店,地址：吉林省长春市宽城区四平路浙四小区5号楼E区6-11轴,电话：无,
吉林大药房吉林朝阳街连锁店,地址：吉林省吉林市船营区南京街朝阳街2号,电话：无,
吉林大药房吉林长春路雅苑小区连锁店,地址：吉林省吉林市船营区长春路36号临江雅苑1号楼6号网点,电话：无,
吉林大药房翔运街连锁店,地址：吉林省长春市绿园区翔运街1368号,电话：0431-85075117,
吉林大药房南宁路连锁店,地址：吉林省吉林市龙潭区南宁路22号1成12号网点,电话：无,
吉林大药房汉口大街连锁店,地址：吉林省长春市宽城区汉口大街2号,电话：无,
吉林大药房吉林中凯梦之城店,地址：吉林省吉林市船营区中东路6号中凯梦之城20号住宅20幢00011004室,电话：无,
吉林大药房依山小筑连锁店,地址：吉林省吉林市船营区依山小筑5号楼13号网点,电话：无,
吉林大药房新奥蓝城连锁店,地址：吉林省长春市绿园区新南阳路奥蓝城小区21栋,电话：0431-85075936,
吉林大药房创业大市场连锁店,地址：吉林省吉林市龙潭区汉阳街95号创业大市场,电话：无,
吉林大药房莲花街连锁店,地址：吉林省吉林市昌邑区莲花二区街坊9号楼1-2层8号网点,电话：无,
吉林大药房河南街连锁店,地址：吉林省吉林市船营区大东街珲春街9#号,电话：无,
吉林大药房东广场连锁店,地址：吉林省长春市宽城区中环6区14-17号楼,电话：无,
吉林大药房朝阳桥连锁店,地址：吉林省长春市绿园区西郊路星宇小区1号楼,电话：0431-85075136,
吉林大药房通江路连锁店,地址：吉林省吉林市通江路29-8号,电话：无,
吉林大药房桃园广场连锁店,地址：吉林省吉林市昌邑区吉林大街352号,电话：无,
吉林大药房珲春街连锁店,地址：吉林省吉林市船营区青岛街珲春街4#楼,电话：无,
吉林大药房金川街连锁店,地址：吉林省长春市经济开发区金川街60号省自考办对面,电话：无,
吉林大药房新发街连锁店,地址：吉林省吉林市昌邑区通江路吉炭小区19栋3号,电话：无,
吉林大药房吉林冯家屯连锁店,地址：吉林省吉林市船营区新生街鑫兴馨苑1号楼1层15、16号网点,电话：无,
吉林大药房世光路连锁店,地址：吉林省长春市净月开发区世光路富奥D区21栋10号,电话：0431-85075143,
吉林大药房德胜路店连锁店,地址：吉林省吉林市船营区德胜路人民广场小区6号楼6号网点,电话：无,
吉林大药房泰山路连锁店,地址：吉林省长春市经济开发区泰山路六区25栋,电话：0431-85076328,
吉林大药房北海路连锁店,地址：吉林省长春市经济开发区珠江路临河风景1栋102号,电话：0431-85075146,
吉林大药房尊誉东方连锁店,地址：吉林省长春市东环城路以西珠海路以北枫林家园东区三期第6栋103号房,电话：0431-81912547,
吉林大药房芙蓉路连锁店,地址：吉林省长春市宽城区西三条757号,电话：无,
吉林大药房爱琴海连锁店,地址：吉林省长春市二道区广德街以西万晟爱琴海D5幢113.114号房,电话：无,
吉林大药房西安桥连锁店,地址：吉林省长春市朝阳区建设街91号,电话：0431-85075159,
吉林大药房春天花园连锁店,地址：吉林省长春市绿园区台北大街春天花园3号楼104-105号,电话：0431-85076319,
吉林大药房经开四区连锁店,地址：吉林省长春市经济开发区临河街四区29栋门市房4号,电话：无,
吉林大药房天富家园连锁店,地址：吉林省长春市二道区公平路天富花园小区3栋107号门市,电话：0431-85075093,
吉林大药房武汉路连锁店,地址：吉林省长春市经济技术开发区东皇先锋北区1号楼103门市,电话：无,
吉林大药房扶余路连锁店,地址：吉林省长春市宽城区扶余路美景天城3期第一幢0单元105号,电话：无,
吉林大药房北方连锁店,地址：吉林省长春市经济开发区金洲街西侧宏泰宾馆一楼,电话：0431-85075095,
吉林大药房自由大路连锁店,地址：吉林省长春市自由大路6777号,电话：无,
吉林大药房东方万达城连锁店,地址：吉林省长春市经开区会展大街与珠海路交汇东方万达城2幢106室,电话：0431-85075952,
吉林大药房延寿街连锁店,地址：吉林省长春市西安大路208医院对面中新花园28栋111,电话：无,
吉林大药房万龙名城连锁店,地址：吉林省长春市二道区和顺街万龙名城D8101室,电话：无,
吉林大药房经开七区连锁店,地址：吉林省长春市经济技术开发区七区36栋门市,电话：0431-85076372,
吉林大药房乐群街连锁店,地址：吉林省长春市二道区岭东路5-75号,电话：0431-85075165,
吉林大药房临河风景连锁店,地址：吉林省长春市经济技术开发区金川街临河风景小区D3区S11号,电话：无,
吉林大药房蓝天花园连锁店,地址：吉林省长春市绿园区西安大路2800号,电话：无,
吉林大药房新竹路连锁店,地址：吉林省长春市绿园区青年了83号第C幢一层114号房,电话：0431-81912506,
吉林大药房铁西街连锁店,地址：吉林省长春市绿园区铁西街道58号,电话：0431-85075132,
吉林大药房万科上东区连锁店,地址：吉林省长春市二道区经纬南路709号,电话：0431-81890826,
吉林大药民丰街连锁店,地址：吉林省长春市二道区杏花苑9栋,电话：无,
吉林大药房天嘉连锁店,地址：吉林省长春市绿园区新竹路天嘉水晶城59栋120号,电话：0431-87058454,
吉林大药房阳光华尔兹连锁店,地址：吉林省长春市二道区乐群街阳光华尔兹小区A11-A13号楼1层104室,电话：无,
吉林大药房威海路连锁店,地址：吉林省长春市经济开发区东环城路以西、珠海路以北、威海路以西南福临家园东区一期,电话：无,
吉林大药房福安街连锁店,地址：吉林省长春市二道区公平路阳光华尔兹小区B1号楼112号,电话：0431-85075168,
吉林大药房香水湾连锁店,地址：吉林省长春市二道区远达大街同康路香水湾D1栋109号,电话：0431-81928153,
吉林大药房深圳街连锁店,地址：吉林省长春市开发区深圳街3号111室,电话：无,
吉林大药房富民小区连锁店,地址：吉林省长春市二道区远达大街富民小区2栋3门,电话：0431-85076312,
吉林大药房风华新苑连锁店,地址：吉林省长春市绿园区风华新苑C区10-11栋103室,电话：0431-81912679,
吉林大药房客车厂连锁店,地址：吉林省长春市绿园区春阳街33-1号,电话：无,
吉林大药房柳影路连锁店,地址：吉林省长春市宽城区农安南街万龙第五城2栋107室,电话：0431-85076323,
吉林大药房洋浦花园连锁店,地址：吉林省长春市开发区洋浦大街3666号万科洋浦花园第二幢1单元101号房,电话：0431-81912562,
吉林大药房浦东明珠连锁店,地址：吉林省长春经济技术开发区万龙浦东明珠公寓B幢1单元101号,电话：无,
吉林大药房金玉良园连锁店,地址：吉林省长春市宽城区凯旋路7号金玉良园小区103号,电话：0431-85076361,
吉林大药房百合香湾连锁店,地址：吉林省长春市保利远达大街小区3（c)、4（D)区第D9栋4单元104号,电话：无,
吉林大药房澳海东方一号连锁店,地址：吉林省长春市经济技术开发区澳海东方一号门市第36栋3单元107号,电话：无,
吉林大药房公平路连锁店,地址：吉林省长春市二道区民丰大街民丰家园4栋101号,电话：0431-85075350,
吉林大药房临河街连锁店,地址：吉林省长春市经济技术开发区临河街与珠海路交汇处,电话：无,
吉林大药房南京大街连锁店,地址：吉林省长春市宽城区南京大街45-61号,电话：无,
吉林大药房柳影家园连锁店,地址：吉林省长春市宽城区柳影家园一期9号楼110室,电话：无,
吉林大药房万龙北斗星城连锁店,地址：吉林省长春市宽城区农安南街以西、扶余路以北万龙北斗星城C-5栋5单元110号,电话：0431-81912637,
吉林大药房城市之光连锁店,地址：吉林省长春市二道区东盛大街2811号上东街区四期40幢101号房,电话：无,
吉林大药房青林路连锁店,地址：吉林省长春市绿园区青年路西2号楼103,104号房,电话：0431-85075127,
吉林大药松苑名邸连锁店,地址：吉林省长春市经济开发区东环城路与岭东路交汇松苑名邸9号楼,电话：无,
吉林大药房阜丰路连锁店,地址：吉林省长春市二道区柴油机厂综合楼1楼6号门市,电话：无,
吉林大药房塞纳阳光连锁店,地址：吉林省长春市宽城区菜市北街赛纳阳光C04栋0单元111号,电话：无,
吉林大药房东田青年城连锁店,地址：吉林省长春市宽城区东田青年城B区12号,电话：0431-85076625,
吉林大药房檀香苑连锁店,地址：吉林省长春市宽城区基隆北街与柳江路交汇处三合屯地块棚户区改造项目第64幢102号,电话：无,
吉林大药房新城大街连锁店,地址：吉林省长春市净月区新城大街2888号农大商贸中心A区一楼,电话：0431-81912696,
吉林大药房青年路连锁店,地址：吉林省长春市绿园区青年路花园小区36-1号,电话：0431-85075120,
吉林大药房东盛大街连锁店,地址：吉林省长春市东盛大街2366号万通花园A1-3栋1楼,电话：无,
吉林大药房西安大路连锁店,地址：吉林省长春市绿园区西安大路169号,电话：0431-85075138,
吉林大药房万嘉连锁店,地址：吉林省长春市基隆街与台北大街交汇处路西“万嘉花园小区二期”22公建门市107号,电话：无,
吉林大药房太和街连锁店,地址：吉林省长春市二道区东荣家园E区45栋,电话：无,
吉林大药房和顺街连锁店,地址：吉林省长春市二道区和顺街通安新居17号门市,电话：无,
吉林大药房梧桐公馆连锁店,地址：吉林省长春市二道区吉林大路梧桐公馆1期16、17栋113号,电话：无,
吉林大药房新月小区连锁店,地址：吉林省长春市宽城区青年路新月花园小区2栋,电话：0431-85076310,
吉林大药房东岭南街店,地址：吉林省长春市南关区东岭南街卉香花园21栋107室,电话：0431-85075646,
吉林大药房长庆街连锁店,地址：吉林省长春市朝阳区桂林路5号214号门市房,电话：0431-85075048,
吉林大药房安乐路连锁店,地址：吉林省长春市二道区福安街与安乐路交汇桂花苑27栋117号,电话：0431-85076629,
吉林大药房博硕路连锁店,地址：吉林省长春市净月旅游经济开发区吉林农大北四路2号房,电话：0431-81912675,
吉林大药房博学路连锁店,地址：吉林省长春市南关区净月镇新城大街1988号,电话：0431-81912569,
吉林大药房新星宇和源连锁店,地址：吉林省长春市高新区新星宇和源A5A23栋0单元106室,电话：0431-81890821,
吉林大药房南岭连锁店,地址：吉林省长春市南关区亚泰大街中环4栋,电话：0431-85075945,
吉林大药房东环城路连锁店,地址：吉林省长春市经济技术开发区东方之珠小区15号楼108房,电话：无,
吉林大药房乐东村连锁店,地址：吉林省长春市经济开发区乐东新区2号楼140号,电话：无,
吉林大药房经纬南路连锁店,地址：吉林省长春市二道区经纬南路27号楼117室,电话：无,
吉林大药房百屹连锁店,地址：吉林省长春市南关区东岭南街939号临街北侧2号门市,电话：无,
吉林大药房龙翔苑连锁店,地址：吉林省长春市西新经济开发区东方之珠龙翔苑第12幢117号房,电话：无,
吉林大药房乐园路连锁店,地址：吉林省长春市绿园区乐园路226号,电话：0431-85075978,
吉林大药房磐石路连锁店,地址：吉林省长春市南关区磐石路与亚泰大街交汇审苑小区3号楼104室,电话：0431-85076360,
吉林大药房新疆街连锁店,地址：吉林省长春市朝阳区新疆街111号,电话：0431-85075062,
吉林大药房一汽家园连锁店,地址：吉林省长春市绿园区一起家园小区A5区1栋103室1层,电话：0431-81912603,
吉林大药房富锋连锁店,地址：吉林省长春市朝阳区经济开发区扶风清华园二期商业门市6楼118号,电话：无,
吉林大药房紫盈花城连锁店,地址：吉林省长春市二道区长电紫盈花城1期15栋112号门市,电话：无,
吉林大药房乾安路连锁店,地址：吉林省长春市二道区乾安路荷兰小镇2栋102室,电话：无,
吉林大药房荣光路连锁店,地址：吉林省长春市二道区荣光路滨河小区714栋,电话：0431-1530430,
吉林大药房牡丹街连锁店,地址：吉林省长春市朝阳区牡丹街28号,电话：0431-85075070,
吉林大药房东岭北街连锁店,地址：吉林省长春市南关区东岭街自由大路小区4栋118号,电话：0431-85075073,
吉林大药房榆树南街连锁店,地址：吉林省长春市宽城区柳影路1567号,电话：0431-85076621,
吉林大药房亚泰大街连锁店,地址：吉林省长春市亚泰大街5333号楼1号门市,电话：0431-81851316,
吉林大药房南湖一号连锁店,地址：吉林省长春市朝阳区工农大路3522号,电话：0431-85075072,
吉林大药房解放花园连锁店,地址：吉林省长春市解放花园94号门市,电话：0431-85075940,
吉林大药房怡众名城连锁店,地址：吉林省长春市高新开发区华光街777号,电话：0431-85076359,
吉林大药房晨宇小区连锁店,地址：吉林省长春市二道区东盛大街以东吉林大路以北晨宇小区一栋零单元112号一、二楼,电话：无,
吉林大药房万通连锁店,地址：吉林省长春市二道区民丰大街75号,电话：无,
吉林大药房桃花苑连锁店,地址：吉林省长春市二道区桃花苑G栋104号,电话：无,
吉林大药房桂林路连锁店,地址：吉林省长春市朝阳区同志街74号,电话：无,
吉林大房四分局连锁店,地址：吉林省长春市朝阳区同志街1398号,电话：0431-85075150,
吉林大药房公平桥连锁店,地址：吉林省长春市南关区碧泉山庄小区34号楼一楼102西侧,电话：无,
吉林大药房百汇街连锁店,地址：吉林省长春市朝阳区永昌小区7号楼,电话：0431-85075958,
吉林大药房三佳新村连锁店,地址：吉林省长春市高新开发区硅谷大街3355号，超达创业园14栋1122房,电话：无,
吉林大药房金色欧城连锁店,地址：吉林省长春市金色欧城小区c6栋101室,电话：无,
吉林大药房兴顺花园连锁店,地址：吉林省长春市汽车产业开发区兴顺路1111号,电话：0431-81912657,
吉林大药房曙光路连锁店,地址：吉林省长春市南关区曙光路22号,电话：0431-85075158,
吉林大药房药业股份有限公司汽车厂三区连锁店,地址：吉林省长春市绿园区汽车厂47街区35栋一楼,电话：0431-85075925,
吉林大药房梧桐花园连锁店,地址：吉林省长春市汽车产业开发区支农大路3355号中轴东侧第四号门市,电话：无,
吉林大药房伟业星城连锁店,地址：吉林省长春市高新开发区飞跃路伟业星城住宅小区3期83栋0单元101号,电话：无,
吉林大药房佳园路连锁店,地址：吉林省长春市高新区佳园路高新怡众名城第5栋103号,电话：0431-85076359,
吉林大药房景阳广场连锁店,地址：吉林省长春市绿园区正阳街2389号,电话：0431-86170145,
吉林大药房拉洛小区连锁店,地址：吉林省长春市高新技术开发区拉洛小区4栋108室,电话：0431-81912609,
吉林大药东湾半岛连锁店,地址：吉林省长春市南关区东莱南街211号,电话：0431-81912561,
吉林大药房力旺康景连锁店,地址：吉林省长春市汽车产业开发区长沈路力旺康景商住小区2栋107号房,电话：0431-81890809,
吉林大药房八道街连锁店,地址：吉林省长春市二道区吉盛小区2-18号,电话：0431-81912570,
吉林大药房东大桥连锁店,地址：吉林省长春市二道区鲁辉国际成第5区荷兰小镇30栋106室,电话：无,
吉林大药房迎春路连锁店,地址：吉林省长春市汽开区昆仑二路与迎春路交汇,电话：无,
吉林大药房中环小区连锁店,地址：吉林省长春市南关区中环小区6栋2单元113号,电话：0431-85075951,
吉林大药劳动公园连锁店,地址：吉林省长春市南关区西三道街龙泰富苑3栋102号二道区岭东路465号,电话：0431-85075080,
吉林大药房自强连锁店,地址：吉林省长春市南关区平治街34号,电话：0431-85075949,
吉林大药房格林春天连锁店,地址：吉林省长春市力旺格林春天小区6栋4单元110号,电话：无,
吉林大药房品格小区连锁店,地址：吉林省长春市二道区品格小区2号楼136室,电话：0431-85075096,
吉林大药房吉盛小区连锁店,地址：吉林省长春市南关区西三道街龙泰富苑3栋102号二道区吉盛小区2177号,电话：无,
吉林大药房华亿红府连锁店,地址：吉林省长春市朝阳区红旗街765号华亿红府小区14栋,电话：无,
吉林大药房西四道街连锁店,地址：吉林省长春市南关区西四道街56号1层,电话：无,
吉林大药房汽车厂四区连锁店,地址：吉林省长春市绿园区支农大街50街区综合市场左侧3门,电话：无,
吉林大药房四道街连锁店,地址：吉林省长春市南关区西三四小区9号楼,电话：无,
吉林大药房红旗商城连锁店,地址：吉林省长春市朝阳区红旗街3号,电话：无,
吉林大药房大马路连锁店,地址：吉林省长春市南关区中环12区59栋,电话：无,
吉林大药房建和街连锁店,地址：吉林省长春市朝阳区建和街132号,电话：0431-81912683,
吉林大药房长春丽水湾连锁店,地址：吉林省长春市高新开发区超凡大街万龙丽水湾（一期）49幢107号,电话：无,
吉林大药房高格蓝湾连锁店,地址：吉林省长春市伊通河以东、吉林大路以南、临河街以西伊水名苑高格蓝湾）38幢105号,电话：0431-81912676,
吉林大药房五马路连锁店,地址：吉林省长春市南关区西三道街龙泰富苑3栋102号南关区大经路鸿金商厦14-1号,电话：0431-85075897,
吉林大药房昌平街连锁店,地址：吉林省长春市昌平街与西中华路交汇,电话：0431-85075071,
吉林大药房清明街连锁店,地址：吉林省长春市南关区北安路465号老边饺子西侧部分分割,电话：无,
吉林大药房永春路连锁店,地址：吉林省长春市南关区西五马路31号,电话：无,
吉林大药房东五马路连锁店,地址：吉林省长春市南关区中环10区1栋101号,电话：0431-85075356,
吉林大药房人民大街连锁店,地址：吉林省长春市南关区人民大街2076号,电话：无,
吉林大药房二三小区连锁店,地址：吉林省长春市南关区西四道街158号一楼门市房,电话：0431-85076365,
吉林大药房德昌路连锁店,地址：吉林省长春市朝阳区红旗街德昌路25号,电话：0431-81912558,
吉林大药房碧水云天连锁店,地址：吉林省长春市绿园区南阳路与洛阳街交汇碧水云天16栋114号,电话：无,
吉林大药房东天街连锁店,地址：吉林省长春市南关区伊通河中段西二区211栋群房,电话：0431-85075130,
吉林大药房民康路连锁店,地址：吉林省长春市南关区民康路45号,电话：无,
吉林大药房宽平大路连锁店,地址：吉林省长春市朝阳区红旗街54号,电话：0431-85076627,
吉林大药房亚泰金育连锁店,地址：吉林省长春市南关区人民大街以东民安路以西吉林亚泰富苑购物中心富苑金育一层,电话：无,
吉林大药房四马路连锁店,地址：吉林省长春市南关区西四马路8号一层,电话：无,
吉林大药桃源春晓连锁店,地址：吉林省长春市南关区桃源春晓11栋106室,电话：0431-81912645,
吉林大药房圈楼连锁店,地址：吉林省长春市南关区近埠街251号,电话：无,
吉林大药房崇智连锁店,地址：吉林省长春市朝阳区万达购物广场首层36号,电话：无,
吉林大药房开运街连锁店,地址：吉林省长春市朝阳区开运街开运小区2号楼112室,电话：0431-85075061,
吉林大药房陕西路连锁店,地址：吉林省长春市南关区西三道街龙泰富苑3栋102号宽城区陕西路3号楼一区门市,电话：0431-85075953,
吉林大药房吉大二院连锁店,地址：吉林省长春市南关区平治街7号,电话：0431-85075887,
吉林大药房北安路连锁店,地址：吉林省长春市朝阳区北安家园小区1栋104号,电话：0431-81912646,
吉林大药房富锦路连锁店,地址：吉林省长春市朝阳区富锦小区9栋,电话：0431-85075057,
吉林大药房三道街连锁店,地址：吉林省长春市南关区西三道街龙泰富苑3栋102号,电话：0431-85076369,
吉林大药房工农大路连锁店,地址：吉林省长春市朝阳区工农大路1690号,电话：0431-85075880,
吉林大药房西朝阳连锁店,地址：吉林省长春市朝阳区朝阳市场工程3-1厅,电话：0431-81890811,
吉林大药房富锦小区连锁店,地址：吉林省长春市朝阳区红旗街与富锦路交汇556号,电话：无,
吉林大药房时代家园连锁店,地址：吉林省长春市红旗街西三胡同297号,电话：0431-85075065,
吉林大药房长久路连锁店,地址：吉林省长春市红旗街42号一层门市,电话：0431-81912631,
吉林大药房正阳街连锁店,地址：吉林省长春市绿园区普阳街与正阳街交汇,电话：0431-85075991,
吉林大药房朝阳公园连锁店,地址：吉林省长春市朝阳区万宝街24号,电话：无,
吉林大药房车城名仕连锁店,地址：吉林省长春市一汽52B街区门市,电话：0431-85075929,
吉林大药房绿地上海城连锁店,地址：吉林省长春市绿地上海城B区43栋2单元103号,电话：无,
吉林大药房上海城连锁店,地址：吉林省长春市绿园区西环城路7255号,电话：无,
吉林大药房三站连锁店,地址：吉林省长春市绿园区东风大街51号,电话：0431-85075923,
吉林大药房45街区连锁店,地址：吉林省长春市汽开区一汽四十五街区6栋2单元113号,电话：0431-85075935,
吉林大药房日新路连锁店,地址：吉林省长春市绿园区东风大街238栋门市,电话：0431-85075931,
吉林大药房重庆路连锁店,地址：吉林省长春市朝阳区重庆路1019号,电话：0431-85075886,
吉林大药房北京路连锁店,地址：吉林省吉林市船营区北京路4号长城大厦1层6、7号门市,电话：无,
吉林大药房汽车厂二区连锁店,地址：吉林省长春市锦程大街76-1号,电话：0431-85075927,
吉林大药房越野路连锁店,地址：吉林省长春市绿园区天茂泊林丽郡14栋127号,电话：0431-85075939,
吉林大药房至善路连锁店,地址：吉林省长春市南关区至善路吉顺小区12号楼,电话：0431-85075156,
吉林大药房长影连锁店,地址：吉林省长春市朝阳区湖西路35号,电话：无,
吉林大药房盛世名城连锁店,地址：吉林省长春市绿园区普阳街2366号,电话：无,
吉林大药房德惠路连锁店,地址：吉林省长春市朝阳区西昌小区227-1栋,电话：0431-85075957,
吉林大药房卖场二店连锁店,地址：吉林省长春市开运街5178号长春欧亚卖场有限责任公司一层13-1号,电话：0431-81890807,
吉林大药房红旗街连锁店,地址：吉林省长春市朝阳区红旗街5号,电话：无,
吉林大药房锦水路连锁店,地址：吉林省长春市朝阳区同志街5号,电话：0431-81960925,
吉林大药房文明路连锁店,地址：吉林省长春市绿园区汽车厂天茂中央30栋108室,电话：0431-81912693,
吉林大药房文化广场连锁店,地址：吉林省长春市西民主大街与解放大路交汇3729号,电话：无,
吉林大药房同志街连锁店,地址：吉林省长春市朝阳区同志街路65号,电话：0431-85075047,
吉林大药房湖西路连锁店,地址：吉林省长春市朝阳区进化街1号,电话：0431-85076010,
吉林大药房长纺连锁店,地址：吉林省长春市绿园区春城大街68号,电话：无,
吉林大药房青怡坊连锁店,地址：吉林省长春市南关区通化路7号,电话：0431-85075948,
吉林大药房欧亚卖场连锁店,地址：吉林省长春市开运街5178号长春欧亚卖场一层10号门,电话：0431-81912546,
吉林大药房天一家源连锁店,地址：吉林省长春市汽车产业开发区西环城路以东天一家源1953第8幢104号,电话：无,
吉林大药房解放大路连锁店,地址：吉林省长春市南关区解放大路65号4号楼,电话：0431-85075160,
吉林大药房大世界连锁店,地址：吉林省长春市南关区大经路72号,电话：无,
吉林大药房二道连锁店,地址：吉林省长春市二道区吉林大路188号亚泰超市内,电话：无,
吉林大药房安达街连锁店,地址：吉林省长春市朝阳区安达街188号,电话：0431-85075157,
修正堂大药房大岭店,地址：吉林省长春市榆树县大岭镇街道,电话：无,
修正堂大药房繁荣小区店,地址：吉林省松原市江北区繁荣小区,电话：无,
修正堂大药房兴隆店,地址：吉林省四平市双辽市兴隆镇街道,电话：无,
修正堂大药房幸福连锁店,地址：吉林省吉林市昌邑区骏景花园小区,电话：无,
修正堂大药房新华店,地址：吉林省长春市德惠市西三道街党校对过,电话：无,
修正堂大药房大坡店,地址：吉林省长春市榆树县大坡镇街道,电话：无,
修正堂大药房头道店,地址：吉林省通化市集安市头道镇,电话：无,
修正堂大药房万宝店,地址：吉林省长春市德惠市万宝镇万宝大街641号,电话：0431-87322221,
修正堂大药房榆树李合店,地址：吉林省长春市榆树县李合镇街道,电话：0431-83011061,
修正堂大药房团结店,地址：吉林省通化市集安市头道镇团结村,电话：无,
修正堂大药房和平路店,地址：吉林省长春市德惠市东五道街和平路4号楼1楼,电话：0431-86866114,
修正堂大药房财源店,地址：吉林省通化市集安市财源镇（属于通化）,电话：无,
修正堂大药房公主岭朝阳坡店,地址：吉林省四平市公主岭市朝阳坡镇街道,电话：无,
修正堂大药房大榆树店,地址：吉林省四平市公主岭市大榆树镇街道,电话：0434-6392335,
修正堂大药房大青咀绿野店,地址：吉林省长春市德惠市大青咀镇街道,电话：无,
修正堂大药房公主岭铁北店,地址：吉林省四平市公主岭市河南大街技术监督局楼下一层商网三门,电话：0434-6282837,
修正堂大药房榆树向阳店,地址：吉林省长春市榆树县向阳镇街道,电话：无,
修正堂大药房昊石店,地址：吉林省吉林市通化路电业小区,电话：无,
修正堂大药房永泉连锁店,地址：吉林省四平市公主岭市大榆树镇永兴村,电话：无,
修正堂大药房公主岭玻璃城子店,地址：吉林省四平市公主岭市玻璃城子镇街道,电话：0434-6655000,
修正堂大药房城发店,地址：吉林省长春市榆树县城发乡街道,电话：无,
修正堂大药房北大街店,地址：吉林省吉林市船营区北大街7-8号,电话：无,
修正堂大药房旺起益馨堂店,地址：吉林省吉林市丰满区旺起镇内,电话：无,
修正堂大药房宝泉连锁店,地址：吉林省四平市公主岭市宝泉乡镇街里,电话：无,
修正堂大药房范家屯店,地址：吉林省四平市公主岭市范家屯镇医药综合楼138幢1层,电话：无,
修正堂大药房水洞村店,地址：吉林省通化市通化县大安镇水洞村,电话：无,
修正堂大药房江甸店,地址：吉林省通化市通化县江甸镇,电话：无,
修正堂大药房公主岭十屋农场店,地址：吉林省四平市公主岭十屋农场街道,电话：0434-6472586,
修正堂大药房车岭背店,地址：吉林省通化市通化县四棚乡车岭背村,电话：0435-5879684,
修正堂大药房孤家子诚信店,地址：吉林省四平市辽河农垦管理区孤家子镇西文明街四委三组,电话：无,
修正堂大药房兴林店,地址：吉林省通化市通化县兴林乡,电话：无,
修正堂大药房果松店,地址：吉林省通化市通化县果松镇,电话：无,
修正堂大药房梨树小城子店,地址：吉林省四平市梨树县小城子镇街内,电话：无,
修正堂大药房光华店,地址：吉林省通化市光华镇,电话：无,
修正堂大药房大泉源店,地址：吉林省通化市通化县大泉源乡大泉源村,电话：无,
修正堂大药房梨树双河店,地址：吉林省四平市梨树县双河乡,电话：无,
修正堂大药房清真寺店,地址：吉林省通化市清真路1号,电话：0435-3912188,
修正堂大药房朝阳店,地址：吉林省通化市通化县兴林镇朝阳村,电话：0435-5766299,
修正堂大药房英额布店,地址：吉林省通化市通化县英额布镇,电话：无,
修正堂大药房三棵榆树店,地址：吉林省通化市通化县三棵榆树镇,电话：无,
修正堂大药房干沟店,地址：吉林省通化市通化县干沟乡,电话：无,
修正堂大药房四棚店,地址：吉林省通化市通化县四棚乡,电话：无,
修正堂大药房五道江店,地址：吉林省通化市二道江区五道江镇,电话：0435-3733382,
修正堂大药房伊通分公司,地址：吉林省四平市伊通县人民大路3636号,电话：无,
修正堂大药房合心连锁店,地址：吉林省长春市绿园区合心镇街道,电话：无,
修正堂大药房大川店,地址：吉林省通化市通化县大川乡,电话：无,
修正堂大药房柳条沟店,地址：吉林省通化市通化市东昌区环通乡柳条沟村,电话：0435-3216114,
修正堂大药房伊通靠山店,地址：吉林省四平市伊通满族自治县靠山镇街道（）,电话：0434-4571533,
修正堂大药房湖西路店,地址：吉林省长春市朝阳区湖西路14-3号,电话：0431-81097871,
修正堂大药房大连川店,地址：吉林省通化市通化县二密大连川村,电话：0435-5716994,
修正堂大药房快大一店,地址：吉林省通化市通化县快大镇团结广场18号,电话：无,
修正堂大药房伊通新兴龙华店,地址：吉林省四平市伊通满族自治县新兴乡街内（四平市）,电话：无,
修正堂大药房化工委店,地址：吉林省通化市通化县二密镇化肥厂住宅区,电话：无,
修正堂大药房前进店,地址：吉林省长春市朝阳区前进大街112,电话：无,
修正堂大药房腾飞店,地址：吉林省长春市绿园区青石路风华新苑小区33栋102室,电话：无,
修正堂大药房华泰店,地址：吉林省长春市宽城区榆树北街华泰世纪新城二期16栋101.102门市,电话：无,
修正堂大药房青林路店,地址：吉林省长春市绿园区青年路风华新苑26栋110号,电话：无,
修正堂大药房富锋镇店,地址：吉林省长春市朝阳区大屯镇七委三十六组,电话：无,
修正堂大药房乐山兴雨店,地址：吉林省长春市乐山镇长红村西双亩屯,电话：无,
修正堂大药房春晖店,地址：吉林省长春市绿园区春晖路7号4号门市,电话：无,
修正堂大药房泉眼店,地址：吉林省长春市二道区英俊真泉眼村西社,电话：无,
修正堂大药房天邦店,地址：吉林省长春市宽城区团山街111号,电话：0431-86148161,
修正堂大药房经开店,地址：吉林省长春市净月经济开发区富奥A区2栋111号,电话：无,
修正堂大药房蔡家店,地址：吉林省长春市宽城区兰家镇蔡家村,电话：无,
修正堂大药房众康店,地址：吉林省长春市绿园区西安大路174号,电话：无,
修正堂大药房公平路店,地址：吉林省长春市东盛大街2752号,电话：无,
修正堂大药房蓝调倾城店,地址：吉林省长春市绿园区自立西街蓝调倾城小区36栋104室,电话：无,
修正堂大药房萧山路连锁店,地址：吉林省长春市经济开发区萧山街462号,电话：无,
修正堂大药房吉顺店,地址：吉林省长春市体北路吉顺康城204门市,电话：0431-88653966,
修正堂大药房和平店,地址：吉林省长春市西安大路与青年路交汇处金安城4幢106号,电话：无,
修正堂大药房大厦连锁店,地址：吉林省长春市修正路858号,电话：0431-89228177,
修正堂大药房富强店,地址：吉林省长春市高新区富强B区12栋101门市,电话：无,
修正堂大药房南部新城店,地址：吉林省长春市南部新城B区6栋103室一楼门市,电话：无,
修正堂大药房福兴店,地址：吉林省长春市高新北区盛世北湖春天项目D区36栋3603号,电话：无,
修正堂大药房繁荣店,地址：吉林省长春市南关区亚泰大街7720号东南阳光购物广场地上一层A042-A043,电话：无,
修正堂大药房青年城店,地址：吉林省长春市宽城区青年路西青年城C-3幢108门市,电话：无,
修正堂大药房龙翔苑店,地址：吉林省长春市长春汽车经济技术开发区龙翔苑13栋106号门市,电话：无,
修正堂大药房长江花园店,地址：吉林省长春市二道区和顺街46号长江花园10幢125号房,电话：无,
修正堂大药房一汽繁荣店,地址：吉林省长春市汽车经济开发区东风大街繁荣小区二期12栋104门市,电话：0431-81222075,
修正堂大药房绥中路店,地址：吉林省长春市成涛绿锦国际26栋4单元107（和悦家园对面）,电话：无,
修正堂大药房宽府路店,地址：吉林省长春市宽城区北亚泰大街证在光明城二期24幢-101号房,电话：无,
修正堂大药房嘉年华店,地址：吉林省长春市西环城路与皓月大路交汇阳光嘉年华2栋111号,电话：无,
修正堂大药房超凡大街店,地址：吉林省长春市高新开发区超凡大街万龙丽水湾二期29栋102号房,电话：无,
吉林大药房96店,地址：吉林省长春市朝阳区前进大街455,电话：0431-85527752,
吉林大药房95店,地址：吉林省长春市朝阳区致远街356,电话：0431-88562244,
吉林大药房94店,地址：吉林省长春市绿园区锦江路185,电话：0431-88162072,
吉林大药房93店,地址：吉林省长春市榆树市华昌路附近,电话：0431-83652535,
吉林大药房92店,地址：吉林省长春市九台市曙光大街729号,电话：0431-83256522,
吉林大药房87店,地址：吉林省长春市榆树市向阳路357-363号,电话：0434-6216546,
吉林大药房81店,地址：吉林省四平市伊通满族自治县伊通大街1852号,电话：0434-6214565,
吉林大药房86店,地址：吉林省长春市二道区远达大街附近,电话：0431-85076620,
吉林大药房91店,地址：吉林省长春市绿园区一汽四环大厦斜对面,电话：0431-85763946,
吉林大药房85店,地址：吉林省长春市二道区和顺街1383,电话：0431-84977189,
吉林大药房66店,地址：吉林省松原市宁江区新天地购物公园G楼,电话：0438-7220098,
吉林大药房75店,地址：吉林省四平市梨树县064乡道附近,电话：0434-5440777,
吉林大药房65店,地址：吉林省白城市洮南市通达路482附近,电话：0436-7223424,
吉林大药房84店,地址：吉林省四平市梨树县053县道附近,电话：0434-5511187,
吉林大药房80店,地址：吉林省四平市铁东区053县道附近,电话：0434-6211254,
吉林大药房74店,地址：吉林省延边朝鲜族自治州珲春市口岸大路,电话：0433-5656512,
吉林大药房83店,地址：吉林省四平市梨树县奉化东大街77附近,电话：0434-6213654,
吉林大药房79店,地址：吉林省四平市伊通满族自治县文明路附近,电话：0434-6210412,
吉林大药房90店,地址：吉林省长春市双阳区东双阳大街319,电话：0431-89556432,
吉林大药房64店,地址：吉林省白城市洮北区保胜路143,电话：0436-7227582,
吉林大药房78店,地址：吉林省四平市梨树县055县道附近,电话：0434-5440721,
吉林大药房73店,地址：吉林省延边朝鲜族自治州珲春市光明胡同附近,电话：0433-8589955,
吉林大药房82店,地址：吉林省四平市公主岭市105省道附近,电话：0434-6424888,
吉林大药房72店,地址：吉林省松原市前郭尔罗斯蒙古族自治县乌兰大街,电话：0438-5662222,
吉林大药房63店,地址：吉林省白城市洮南市富文西路561号,电话：0436-7224453,
吉林大药房89店,地址：吉林省长春市榆树市榆西大街37附近,电话：0431-83658266,
吉林大药房71店,地址：吉林省松原市宁江区文化路1132附近,电话：0438-6655995,
吉林大药房62店,地址：吉林省白城市洮北区辽北路53栋A区北数,电话：0436-7226437,
吉林大药房88店,地址：吉林省长春市朝阳区辉南街29号,电话：0431-85965109,
吉林大药房70店,地址：吉林省白城市洮北区中兴西大路7-5号(近白城市医院),电话：0436-7856526,
吉林大药房61店,地址：吉林省白城市洮北区麻纺路附9号楼东6户,电话：0436-7224569,
吉林大药房77店,地址：吉林省四平市公主岭市迎宾路427号附近,电话：0434-6213073,
吉林大药房69店,地址：吉林省白城市通榆县民主东路附近,电话：0436-7220545,
吉林大药房60店,地址：吉林省白城市洮北区中兴西路7号-9,电话：0436-7222217,
吉林大药房76店,地址：吉林省四平市梨树县树文街一号附近,电话：0434-5440745,
吉林大药房68店,地址：吉林省白城市洮北区青年北大街147附近,电话：0436-7220545,
吉林大药房59店,地址：吉林省白城市洮南市光明南街934号,电话：0436-7220405,
吉林大药房67店,地址：吉林省白城市洮北区中兴西大路9-7,电话：0436-7220101,
吉林大药房58店,地址：吉林省白城市洮北区海明东路69号,电话：0436-7220021,
吉林大药房57店,地址：吉林省白城市洮北区和平街2-6,电话：0436-7229078,
吉林大药房56店,地址：吉林省白城市通榆县育才路,电话：0436-7222345,
吉林大药房55店,地址：吉林省白城市洮北区和平街26号,电话：0436-7227456,
吉林大药房46店,地址：吉林省通化市东昌区光明路,电话：0435-6158956,
吉林大药房54店,地址：吉林省白城市镇赉县正阳北街223号,电话：0436-7224488,
吉林大药房53店,地址：吉林省白山市抚松县锦江路73号,电话：0435-3707454,
吉林大药房45店,地址：吉林省通化市二道江区东通化大街851旁边,电话：0435-6139116,
吉林大药房36店,地址：吉林省辽源市西安区丰寿路附近,电话：0437-3206786,
吉林大药房26店,地址：吉林省吉林市昌邑区成都路,电话：0432-65367887,
吉林大药房52店,地址：吉林省通化市光明路888欧亚购物中心负1层,电话：0435-3500119,
吉林大药房44店,地址：吉林省辽源市龙山区新兴路附近,电话：0437-3206478,
吉林大药房35店,地址：吉林省辽源市龙山区东吉大路,电话：0437-32065448,
吉林大药房51店,地址：吉林省通化市东昌区新华大街201,电话：0435-3705745,
吉林大药房25店,地址：吉林省吉林市昌邑区东兰路,电话：0432-65356456,
吉林大药房33店,地址：吉林省辽源市龙山区步行街东,电话：0437-3206666,
吉林大药房43店,地址：吉林省辽源市东丰县永合路,电话：0437-3206452,
吉林大药房50店,地址：吉林省通化市二道江区华强小区14号楼,电话：0435-3701466,
吉林大药房32店,地址：吉林省长春市农安县303省道(万金塔乡卫生院西),电话：0431-85658985,
吉林大药房42店,地址：吉林省辽源市西安区泰安大路825,电话：0437-3206510,
吉林大药房31店,地址：吉林省吉林市船营区解放中路209-13,电话：0432-65387887,
吉林大药房41店,地址：吉林省辽源市龙山区康宁大街434,电话：0437-3206002,
吉林大药房49店,地址：吉林省通化市柳河县小石百货商场附近,电话：0435-6125665,
吉林大药房24店,地址：吉林省吉林市蛟河市红星路11-8号,电话：0432-66688853,
吉林大药房40店,地址：吉林省辽源市东丰县步行街附近,电话：0437-3206444,
吉林大药房30店,地址：吉林省吉林市昌邑区吉林大街与解放中路交汇处,电话：0432-67878853,
吉林大药房48店,地址：吉林省通化市东昌区建设大街957号,电话：0435-6115597,
吉林大药房39店,地址：吉林省辽源市龙山区吉光路1168,电话：0437-3206400,
吉林大药房29店,地址：吉林省吉林市船营区光华路19-9号,电话：0432-65378788,
吉林大药房47店,地址：吉林省通化市二道江区东华路537附近,电话：0435-6135655,
吉林大药房38店,地址：吉林省辽源市龙山区龙山大街48号,电话：0437-3206886,
吉林大药房28店,地址：吉林省吉林市船营区长春路临江小区9号楼1号网点解放大路与长春路交汇,电话：0432-65378744,
吉林大药房37店,地址：吉林省辽源市东丰县莲花路附近,电话：0437-3206547,
吉林大药房27店,地址：吉林省吉林市昌邑区重庆路665,电话：0432-65387886,
吉林大药房23店,地址：吉林省吉林市丰满区宜山路,电话：0432-65377785,
吉林大药房22店,地址：吉林省吉林市龙潭区汉阳街阳城家园1号楼一层4号网点,电话：0432-65345645,
吉林大药房21店,地址：吉林省吉林市昌邑区重庆路8,电话：0432-65348786,
吉林大药房15店,地址：吉林省吉林市船营区长春路136-5,电话：0432-65364565,
吉林大药房20店,地址：吉林省吉林市昌邑区青年路1188-13号,电话：0432-65345645,
吉林大药房14店,地址：吉林省吉林市丰满区林苑路附近,电话：0432-65345667,
吉林大药房7店,地址：吉林省吉林市昌邑区建设街站前4号楼,电话：0432-62568570,
吉林大药房12店,地址：吉林省吉林市昌邑区吉林大街410-19附近,电话：0432-65386375,
吉林大药房3店,地址：吉林省吉林市丰满区恒山西路科贸商城A03-04,电话：0432-64668567,
吉林大药房19店,地址：吉林省吉林市昌邑区延安路66附近,电话：0432-65345654,
吉林大药房11店,地址：吉林省吉林市昌邑区欣昌街,电话：0432-6691314,
吉林大药房10店,地址：吉林省吉林市丰满区玉山路7号,电话：0432-66913388,
吉林大药房6店,地址：吉林省吉林市永吉县002乡道附近,电话：0432-64248363,
吉林大药房18店,地址：吉林省吉林市丰满区长江街,电话：0432-65378784,
吉林大药房2店,地址：吉林省吉林市昌邑区上海路20号,电话：0432-66081066,
吉林大药房17店,地址：吉林省吉林市丰满区厦门街44-12,电话：0432-65378889,
吉林大药房5店,地址：吉林省吉林市龙潭区龙川路2号,电话：0432-63081880,
吉林大药房16店,地址：吉林省吉林市昌邑区公安三区南3号楼8号网点吉林大药房右侧,电话：0432-65378445,
吉林大药房9店,地址：吉林省吉林市龙潭区汉阳街,电话：0432-62356526,
吉林大药房8店,地址：吉林省吉林市龙潭区汉阳街12,电话：0432-62589565,
吉林大药房4店,地址：吉林省吉林市昌邑区哈达大街,电话：0432-62770535,
吉林大药房1店,地址：吉林省吉林市昌邑区中兴街65-4号,电话：0432-66155966,
吉林大药房药业股份有限公司青年路连锁店,地址：吉林省吉林市昌邑区青华园小区左侧,电话：无,
吉林大药房药业股份有限公司怡众名城连锁店,地址：吉林省长春市高新开发区华光街与佳园路交汇.怡众名城偏东门.远方超市旁,电话：0431-85075932,
海王星辰健康药房连锁有限公司三道街店,地址：吉林省长春市南关区西三道街龙泰富苑1栋106室,电话：无,
海王星辰健康药房连锁有限公司大马路店,地址：吉林省长春市南关区中环12区59栋105室,电话：无,
海王星辰健康药房连锁有限公司翔运街店,地址：吉林省长春市绿园区翔运街飞行员公寓A栋A105号,电话：无,
海王星辰健康药房连锁有限公司泰山路店,地址：吉林省长春市经济技术开发区七区萧山街462号,电话：无,
海王星辰健康药房连锁有限公司世尧路店,地址：吉林省长春市净月经济开发区临河街7477号中海水岸春城小区A25栋2单元104室,电话：无,
海王星辰健康药房连锁有限公司湖西路店,地址：吉林省长春市朝阳区湖西路18号1栋114室,电话：无,
海王星辰健康药房连锁有限公司抚松路店,地址：吉林省长春市朝阳区开运街2904号2幢一单元118室,电话：无,
海王星辰健康药房连锁有限公司湖园路店,地址：吉林省长春市朝阳区人民大街湖园路19号楼107室,电话：无,
海王星辰健康药房连锁有限公司劳动公园店,地址：吉林省长春市二道区岭东路21号,电话：无,
海王星辰健康药房连锁有限公司东天街店,地址：吉林省长春市南关区东大小区1-7#101室,电话：无,
海王星辰健康药房连锁有限公司阜丰胡同店,地址：吉林省长春市二道区西绿安街通安小区125号1楼门市,电话：无,
海王星辰健康药房连锁有限公司园丁花园店,地址：吉林省长春市净月高新技术产业开发区逯瓦房村园丁花园43号1楼,电话：无,
吉林省邱健安康医药有限公司安康大药房五十四店,地址：吉林省延边州延吉市团结路327号,电话：无,
吉林省邱健安康医药有限公司安康大药房五十二店,地址：吉林省延边州延吉市林海路69-8号,电话：无,
吉林省邱健安康医药有限公司安康大药房四十九店,地址：吉林省延边州延吉市延朝路12-15号,电话：无,
吉林省邱健安康医药有限公司安康大药房四十八店,地址：吉林省延边州延吉市丹明小区第一幢1层东3号房,电话：无,
吉林省邱健安康医药有限公司安康大药房四十一店,地址：吉林省延边州延吉市烟河街4号楼1009,电话：无,
吉林省邱健安康医药有限公司安康大药房四十七店,地址：吉林省延边州延吉市河南街林海路1501,电话：无,
吉林省邱健安康医药有限公司安康大药房三十六店,地址：吉林省延边州延吉市珲春市夜市西门旁,电话：0433-7501197,
吉林省邱健安康医药有限公司安康大药房四十六店,地址：吉林省延边州延吉市公园街园纺胡同6-8号,电话：无,
吉林省邱健安康医药有限公司安康大药房四十店,地址：吉林省延边州延吉市太安街文萃苑8号楼1005,电话：无,
吉林省邱健安康医药有限公司安康大药房四十四店,地址：吉林省延边州延吉市铁男天信小区6号楼2单元,电话：无,
吉林省邱健安康医药有限公司安康大药房五十七店,地址：吉林省延边州延吉市恒润第一城门市,电话：无,
吉林省邱健安康医药有限公司安康大药房五十一店,地址：吉林省延边州延吉市昌盛路5-2号,电话：无,
吉林省邱健安康医药有限公司安康大药房四十三店,地址：吉林省延边州延吉市太平街延东路2-7号,电话：无,
吉林省邱健安康医药有限公司安康大药房三十九店,地址：吉林省延边州延吉市兴城路花都秀府1号楼东3-1-1号,电话：无,
吉林省邱健安康医药有限公司安康大药房三十五店,地址：吉林省延边州延吉市珲春市城北花园门口,电话：0433-7539958,
吉林省邱健安康医药有限公司安康大药房五十六店,地址：吉林省延边州延吉市公新,电话：无,
吉林省邱健安康医药有限公司安康大药房五十五店,地址：吉林省延边州延吉市海兰路267-1号,电话：无,
吉林省邱健安康医药有限公司安康大药房五十店,地址：吉林省延边州延吉市公园路22-7号,电话：无,
吉林省邱健安康医药有限公司安康大药房四十二店,地址：吉林省延边州延吉市参花街214-5号,电话：无,
吉林省邱健安康医药有限公司安康大药房三十八店,地址：吉林省延边州延吉市民强路北城小区4号楼1005,电话：无,
吉林省邱健安康医药有限公司安康大药房三十四店,地址：吉林省延边州延吉市珲春市市二中西侧,电话：0433-7521902,
吉林省邱健安康医药有限公司安康大药房三十三店,地址：吉林省延边州延吉市珲春市河南西街宝业大酒店西侧,电话：0433-7521902,
吉林省邱健安康医药有限公司安康大药房三十七店,地址：吉林省延边州延吉市局子街9-17号,电话：无,
吉林省邱健安康医药有限公司安康大药房三十二店,地址：吉林省延边州延吉市珲春市三栋房浴池南侧,电话：0433-7712370,
吉林省邱健安康医药有限公司安康大药房二十七店,地址：吉林省延边州延吉市珲春市市医院葵花饭店北侧,电话：无,
吉林省邱健安康医药有限公司安康大药房三十一店,地址：吉林省延边州延吉市珲春市购物中心东门对面,电话：0433-7513806,
吉林省邱健安康医药有限公司安康大药房十八店,地址：吉林省延边州延吉市珲春市工商局南侧,电话：无,
吉林省邱健安康医药有限公司安康大药房二十五店,地址：吉林省延边州延吉市千盛购物广场旁十米,电话：0433-2553008,
吉林省邱健安康医药有限公司安康大药房十一店,地址：吉林省延边州延吉市珲春市龙源华府正门右侧,电话：无,
吉林省邱健安康医药有限公司安康大药房十七店,地址：吉林省延边州延吉市珲春市天馨家园门市,电话：无,
吉林省邱健安康医药有限公司安康大药房二十四店,地址：吉林省延边州延吉市珲春市银鹏冰点屋对面,电话：无,
吉林省邱健安康医药有限公司安康大药房四店,地址：吉林省延边州延吉市珲春市盛博商都门市,电话：0433-7525150,
吉林省邱健安康医药有限公司安康大药房三十店,地址：吉林省延边州延吉市珲春市东市场东门,电话：无,
吉林省邱健安康医药有限公司安康大药房二十三店,地址：吉林省延边州延吉市珲春市移动公司对面,电话：0433-7551116,
吉林省邱健安康医药有限公司安康大药房三店,地址：吉林省延边州延吉市珲春市河南小市场旁,电话：0433-7693360,
吉林省邱健安康医药有限公司安康大药房十店,地址：吉林省延边州延吉市中关村京城大厦对面华瑞参业,电话：无,
吉林省邱健安康医药有限公司安康大药房二十九店,地址：吉林省延边州延吉市珲春市广电局对过,电话：无,
吉林省邱健安康医药有限公司安康大药房二十二店,地址：吉林省延边州延吉市珲春市大海商贸城二楼（豪门灯具斜对面）,电话：无,
吉林省邱健安康医药有限公司安康大药房十六店,地址：吉林省延边州延吉市珲春市鑫安小区21栋,电话：无,
吉林省邱健安康医药有限公司安康大药房九店,地址：吉林省延边州延吉市珲春市宝业西侧,电话：0433-7565959,
吉林省邱健安康医药有限公司安康大药房二十一店,地址：吉林省延边州延吉市珲春市学苑小区28栋,电话：无,
吉林省邱健安康医药有限公司安康大药房二店,地址：吉林省延边州延吉市珲春市四中东门对面,电话：0433-7667111,
吉林省邱健安康医药有限公司安康大药房二十店,地址：吉林省延边州延吉市珲春市春化镇,电话：无,
吉林省邱健安康医药有限公司安康大药房十五店,地址：吉林省延边州延吉市珲春市曙光金铜矿,电话：无,
吉林省邱健安康医药有限公司安康大药房一店,地址：吉林省延边州延吉市珲春市东市场南门对面,电话：0433-7691515,
吉林省邱健安康医药有限公司安康大药房二十八店,地址：吉林省延边州延吉市珲春市东方绿洲门市,电话：无,
吉林省邱健安康医药有限公司安康大药房十九店,地址：吉林省延边州延吉市珲春市杀狗场北门对面中华村道口,电话：无,
吉林省邱健安康医药有限公司安康大药房十三店,地址：吉林省延边州延吉市珲春市欧亚商场一楼,电话：无,
吉林省邱健安康医药有限公司安康大药房八店,地址：吉林省延边州延吉市珲春市新中医院旁,电话：0433-7687666,
吉林省邱健安康医药有限公司安康大药房,地址：吉林省延边州延吉市珲春市购物中心道南,电话：0433-7559666,
吉林省邱健安康医药有限公司安康大药房十二店,地址：吉林省延边州延吉市珲春市林业城老区108栋对面,电话：无,
吉林省邱健安康医药有限公司安康大药房七店,地址：吉林省延边州延吉市珲春市三栋房宜家超市旁,电话：0433-7712615,
吉林省邱健安康医药有限公司安康大药房六店,地址：吉林省延边州延吉市珲春市市医院南门对面,电话：0433-7679666,
吉林省邱健安康医药有限公司安康大药房五店,地址：吉林省延边州延吉市珲春市姜泰小市场,电话：0433-7506667,
靖宇县复康药店,地址：吉林省白山市靖宇县将军路101号,电话：0439-7228550,
长春市福百草大药房有限公司延寿街连锁店,地址：吉林省长春市绿园区延寿街147号中新花园小区10号楼111室,电话：无,
长春市福百草大药房有限公司升阳街连锁店,地址：吉林省长春市绿园区升阳街西安花园小区22栋2门门市,电话：0431-89353545,
长春市福百草大药房有限公司一匡街连锁店,地址：吉林省长春市宽城区北亚泰大街1899号耀江五月花苑41-12号,电话：无,
长春市福百草大药房有限公司皓月大路连锁店,地址：吉林省长春市绿园区皓月大路安居南区3-16栋101室门市,电话：无,
长春市福百草大药房有限公司西中华连锁店,地址：吉林省长春市朝阳区西中华路7号101室,电话：0431-81282788,
长春市福百草大药房有限公司抚松路连锁店,地址：吉林省长春市朝阳区抚松路640号106室,电话：无,
长春市福百草大药房有限公司檀香苑连锁店,地址：吉林省长春市宽城区基隆北街与柳江路交汇处檀香苑小区64幢107号,电话：无,
长春市福百草大药房有限公司兴华园连锁店,地址：吉林省长春市高新北区奋进乡兴华园小区A区108室,电话：无,
长春市福百草大药房有限公司和平连锁店,地址：吉林省长春市二道区英俊镇和平村小区一期一栋一门,电话：无,
长春市福百草大药房有限公司茗月花园连锁店,地址：吉林省长春市净月经济开发区茗月小区1栋109号房,电话：无,
长春市福百草大药房有限公司领秀朝阳连锁店,地址：吉林省长春市朝阳区开运街领秀朝阳小区7\/13\/19\/24栋107号,电话：无,
长春市福百草大药房有限公司人文连锁店,地址：吉林省长春市净月经济开发区东北师范大学人文学院综合服务楼一楼,电话：无,
长春市福百草大药房有限公司万盛连锁店,地址：吉林省长春市绿园区西环城路115号万盛理想国E组团E3幢104号房,电话：无,
长春市福百草大药房有限公司东岭北街连锁店,地址：吉林省长春市南关区东岭北街自由小区15栋1525门市,电话：无,
长春市福百草大药房有限公司平阳连锁店,地址：吉林省长春市南关区通化路28-14号,电话：0431-88999657,
长春市福百草大药房有限公司卫星嘉园连锁店,地址：吉林省长春市南关区卫星路与东岭街交汇处卫星路公务员住宅小区1号楼111室,电话：0431-85351911,
长春市福百草大药房有限公司师大连锁店,地址：吉林省长春市净月经济开发区农大北四路121号,电话：无,
长春市福百草大药房有限公司百合连锁店,地址：吉林省长春市南关区曙光路20-6号6101室,电话：无,
长春市福百草大药房有限公司万福街连锁店,地址：吉林省长春市绿园区万福街831号一楼门市,电话：0431-87679995,
长春市福百草大药房有限公司德惠路连锁店,地址：吉林省长春市朝阳区清和街30号,电话：无,
长春市福百草大药房有限公司永春连锁店,地址：吉林省长春市朝阳区永春镇政府小区10号商铺,电话：无,
长春市福百草大药房有限公司阳光路连锁店,地址：吉林省长春市绿园区阳光路140-6号星宇西区9号楼116室,电话：0431-87938522,
长春市福百草大药房有限公司热电新村连锁店,地址：吉林省长春市二道区临河街热电新村一区南栋房屋1#,电话：0431-85853999,
长春市福百草大药房有限公司曙光路连锁店,地址：吉林省长春市南关区曙光路22号8号房,电话：无,
长春市福百草大药房有限公司农场新区连锁店,地址：吉林省长春市净月经济开发区农大农场宿舍3号楼1楼101号,电话：无,
长春市福百草大药房有限公司博学路连锁店,地址：吉林省长春市净月经济开发区博学路兆基.东城国际花园2号楼101室,电话：0431-84571112,
长春市福百草大药房有限公司净月连锁店,地址：吉林省长春市净月经济开发区吉林农大校内八舍一楼,电话：无,
长春市福百草大药房有限公司农大连锁店,地址：吉林省长春市净月开发区农大农贸市场一楼,电话：0431-84514845,
长春市福百草大药房有限公司景阳连锁店,地址：吉林省长春市绿园区普阳街景阳小区21栋106室 ,电话：无,
延边正道医药连锁有限公司新药大药房四十二分店,地址：吉林省延边州延吉市进学街30-2（东方饺子王斜对面，23路市医院站点处） ,电话：0433-6099142 ,
延边正道医药连锁有限公司新药大药房四十一分店,地址：吉林省延边州延吉市恒润富力城第一综合楼（全州拌饭往北100米，发展一队站点） ,电话：0433-6099141 ,
延边正道医药连锁有限公司新药大药房三十二分店,地址：吉林省延边州延吉市龙井市汪清县益佳花园12号楼14号门市 ,电话：0433-6099132 ,
延边正道医药连锁有限公司新药大药房四十分店,地址：吉林省延边州延吉市光华路656（艺术剧场后街31路光货桥站点） ,电话：0433-6099140 ,
延边正道医药连锁有限公司新药大药房三十一分店,地址：吉林省延边州延吉市长白路（万事达小区11-9号75-1-2） ,电话：0433-6099131 ,
延边正道医药连锁有限公司新药大药房二十二分店,地址：吉林省延边州延吉市龙井市汪清县汪清镇贸易大厦西侧第一门市房步行街头 ,电话：0433-8922622 ,
延边正道医药连锁有限公司新药大药房三十九分店,地址：吉林省延边州延吉市进学街119号（49路开元酒店站点） ,电话：0433-6099139 ,
延边正道医药连锁有限公司新药大药房三十分店,地址：吉林省延边州延吉市爱丹路（园丁新村小区1号楼门市1-6） ,电话：0433-8922630 ,
延边正道医药连锁有限公司新药大药房二十一分店,地址：吉林省延边州延吉市龙井市龙门街繁荣路94-90-4号 ,电话：0433-8922621 ,
延边正道医药连锁有限公司新药大药房珲春民心店,地址：吉林省延边州延吉市珲春市靖和街新公安局小区2号楼103号（成功酒吧对面） ,电话：0433-8922674 ,
延边正道医药连锁有限公司新药大药房三十八分店,地址：吉林省延边州延吉市太平街214号（旧货市场站点） ,电话：0433-6099138 ,
延边正道医药连锁有限公司新药大药房二十九分店,地址：吉林省延边州和龙市丰民路5-4号（和龙市民安街南市场吉泰家园2号楼1楼门市） ,电话：0433-8922629 ,
延边正道医药连锁有限公司新药大药房二十分店,地址：吉林省延边州延吉市新村路1-14号1009（北大市场东50米） ,电话：0433-8922620 ,
延边正道医药连锁有限公司新药大药房珲春恒心店,地址：吉林省延边州延吉市珲春市靖和街4-4-65-101,电话：0433-8922675 ,
延边正道医药连锁有限公司新药大药房三十七分店,地址：吉林省延边州延吉市河南街新丰居天池路173-4号（天池市场西50米） ,电话：0433-6099137 ,
延边正道医药连锁有限公司新药大药房二十八分店,地址：吉林省延边州延吉市进学街（庆光嘉园1-1-102，解放路月光花苑对面） ,电话：0433-8922628 ,
延边正道医药连锁有限公司新药大药房十九分店,地址：吉林省延边州延吉市发展村（恒润第一城站点往南50米） ,电话：0433-8922619 ,
延边正道医药连锁有限公司新药大药房珲春爱心店,地址：吉林省延边州延吉市珲春市新安街沿河市场一楼,电话：0433-7810111 ,
延边正道医药连锁有限公司新药大药房三十六分店,地址：吉林省延边州延吉市河南街州党校小区门市，丛柳街新柳花园小区东门往北100米处,电话：0433-6099136 ,
延边正道医药连锁有限公司新药大药房二十七分店,地址：吉林省延边州延吉市参花街301-1-2号（畜牧开发总公司宿舍对面1楼门市） ,电话：0433-8922627 ,
延边正道医药连锁有限公司新药大药房十八分店,地址：吉林省延边州延吉市龙井市建设街龙都嘉园小区2号楼1号(延吉市龙井市西市场站点） ,电话：0433-8922618 ,
延边正道医药连锁有限公司新药大药房珲春温心店,地址：吉林省延边州延吉市珲春市靖和街源委(移动公司斜对面，联通营业厅东50米） ,电话：0433-7800111 ,
延边正道医药连锁有限公司新药大药房三十五分店,地址：吉林省延边州延吉市铁南（延面路嘉禾馨苑小区14号楼1单元，22路终点站） ,电话：0433-6099135 ,
延边正道医药连锁有限公司新药大药房二十六分店,地址：吉林省延边州延吉市参花街278-9号1单元105师范学院斜对面往东50米,电话：0433-8922626 ,
延边正道医药连锁有限公司新药大药房十七分店,地址：吉林省延边州延吉市公园路（梨花市场门市，老梨花苑站点） ,电话：0433-8922617 ,
延边正道医药连锁有限公司新药大药房四十三分店,地址：吉林省延边州延吉市东市场南门门市（解放路132-1，王府御足斜对面） ,电话：0433-6099143 ,
延边正道医药连锁有限公司新药大药房三十四分店,地址：吉林省延吉市延北小区11号楼1-2号（民政局东北角左拐延北小区1楼门市） ,电话：0433-6099134 ,
延边正道医药连锁有限公司新药大药房二十五分店,地址：吉林省延边州延吉市公园街华商棚户区G1段5号楼东4单元,电话：0433-8922625 ,
延边正道医药连锁有限公司新药大药房十六分店,地址：吉林省延边州延吉市站前街1030-8号1003，惠爱医院对面 ,电话：0433-8922616 ,
延边正道医药连锁有限公司新药大药房三十三分店,地址：吉林省延边州延吉市和龙市人民大街77-9号（和龙延百对面，和龙市场东50米） ,电话：0433-6099133 ,
延边正道医药连锁有限公司新药大药房二十四分店,地址：吉林省延边州延吉市龙井市造纸厂3号楼5单元102,电话：0433-8922624 ,
延边正道医药连锁有限公司新药大药房十五分店,地址：吉林省延边州延吉市参花街170-4-3号1016，水上市场对面 ,电话：0433-8922615 ,
延边正道医药连锁有限公司新药大药房二十三分店,地址：吉林省延边州延吉市龙井市龙门街506005（延吉市龙井市龙门桥往东50米） ,电话：0433-8922623 ,
延边正道医药连锁有限公司新药大药房十四分店,地址：吉林省延边州延吉市河南天池路龙新组团2号楼，疾病控制中心斜对面 ,电话：0433-8922614 ,
延边正道医药连锁有限公司新药大药房十三分店,地址：吉林省延边州延吉市延南街长寿居14组延龙路26-6号，铁南市场斜对面 ,电话：0433-8922613 ,
延边正道医药连锁有限公司新药大药房十二分店,地址：吉林省延边州延吉市延南路268号二号楼104号铁南电力小区正门,电话：0433-8922612 ,
延边正道医药连锁有限公司新药大药房三分店,地址：吉林省延边州延吉市局子街1558-5号，延边医院住院部斜对过州广电局1楼 ,电话：0433-8922603 ,
延边正道医药连锁有限公司新药大药房十一分店,地址：吉林省延边州延吉市天池路（广源居小区正门） ,电话：0433-8922611 ,
延边正道医药连锁有限公司新药大药房二分店,地址：吉林省延边州延吉市爱丹路1-12号，延边医院门诊楼斜对面 ,电话：0433-8922602 ,
延边正道医药连锁有限公司新药大药房十分店,地址：吉林省延边州延吉市站前街182号，妇幼医院对过 ,电话：0433-8922610 ,
延边正道医药连锁有限公司新药大药房一分店,地址：吉林省延边州延吉市参花街775号，时尚广场原女人世界1楼 ,电话：0433-8922601 ,
延边正道医药连锁有限公司新药大药房九分店,地址：吉林省延边州延吉市参花街264-2号，环卫处站点 ,电话：0433-8922609 ,
延边正道医药连锁有限公司正道超市,地址：吉林省延边州延吉市光明街42号（新药书店西侧）,电话：043-8922680,
延边正道医药连锁有限公司新药大药房八分店,地址：吉林省延边州延吉市河南街新元居天池路133号，昌盛市场站点 ,电话：0433-8922608 ,
延边正道医药连锁有限公司新药大药房总店,地址：吉林省延边州延吉市光明街42号（新药书店西侧） ,电话：0433-8922600 ,
延边正道医药连锁有限公司新药大药房七分店,地址：吉林省延边州延吉市解放路1837-15号1009，家顺市场西100米 ,电话：0433-8922607 ,
延边正道医药连锁有限公司新药大药房六分店,地址：吉林省延边州延吉市建工街长白路金汇园小区1-1-0116号,电话：0433-8922606 ,
延边正道医药连锁有限公司新药大药房五分店,地址：吉林省延边州延吉市长白山西路2437号，东北亚客运站西50米 ,电话：0433-8922605 ,
延边正道医药连锁有限公司新药大药房四分店,地址：吉林省延边州延吉市公园路888号，延边大学斜对面，爱心公寓1楼 ,电话：0433-8922604 ,
通化一方天医药连锁有限公司西江店,地址：吉林省通化市通化县西江镇移动对面,电话：0435-5791888,
通化一方天医药连锁有限公司富江店,地址：吉林省通化市通化县富江乡移动对面,电话：0435-5891067,
通化一方天医药连锁有限公司柳河县罗通山镇百姓大药房,地址：吉林省通化市柳河县罗通山镇医院对过 ,电话：15143562955 ,
通化一方天医药连锁有限公司中东店,地址：吉林省通化市中东新天地购物公园地下厅 ,电话：15143567088 ,
通化一方天医药连锁有限公司石油化店,地址：吉林省通化市建设大街104-4号汇丰大酒店斜对过 ,电话：0435-6860999 ,
通化一方天医药连锁有限公司一方天药业二部,地址：吉林省通化市辉南县朝阳镇西十字街道北 ,电话：0435-8222325 ,
通化一方天医药连锁有限公司快大长征路连锁店,地址：吉林省通化市通化县电影院公交站点 ,电话：0435-5258777 ,
通化一方天医药连锁有限公司砬缝大药房,地址：吉林省通化市通化县英戈布镇砬缝村 ,电话：13134357337 ,
通化一方天医药连锁有限公司集贸分店,地址：吉林省通化市东昌区兴昌路49栋1-1号（集贸中心正门对过） ,电话：0435-3650985 ,
通化一方天医药连锁有限公司柳河县亨通大药房,地址：吉林省通化市柳河县亨通镇政府对面 ,电话：0435-7698177 ,
通化一方天医药连锁有限公司大厦药店,地址：吉林省通化市辉南县朝阳镇富强大街32-10号 ,电话：0435-8238567 ,
通化一方天医药连锁有限公司柳河县圣水镇金弘大药房,地址：吉林省通化市柳河县圣水镇信用社对过 ,电话：0435-7688602 ,
通化一方天医药连锁有限公司辉南县朝阳镇文化药店,地址：吉林省通化市辉南县朝阳镇兴工街（中医院对过） ,电话：18643564477 ,
通化一方天医药连锁有限公司梅河口福民店,地址：吉林省通化市梅河口市梅河西大街3620号（嘉年华东侧） ,电话：13069274345 ,
通化一方天医药连锁有限公司梅河口一部,地址：吉林省通化市梅河口市宁国路建行小区 ,电话：0435-4246657 ,
通化一方天医药连锁有限公司梅河口山城镇药店,地址：吉林省通化市梅河口市山城镇东放街（邮局东50米） ,电话：0435-4811909 ,
通化一方天医药连锁有限公司梅河口爱民药店,地址：吉林省通化市梅河口市威尼斯商业街7门市（爱民医院斜对过） ,电话：15143569277 ,
通化一方天医药连锁有限公司湖边路药店,地址：吉林省通化市辉南县朝阳镇朝阳湖东侧 ,电话：0435-8257117 ,
通化一方天医药连锁有限公司第十一药店,地址：吉林省通化市辉南县样子哨镇大椅山村老供销社对过 ,电话：0435-8835999 ,
通化一方天医药连锁有限公司第八药店,地址：吉林省通化市辉南县朝阳镇爱国街星华家园（电业局胡同） ,电话：0435-8262595 ,
通化一方天医药连锁有限公司石道河药店,地址：吉林省通化市辉南县石道河镇供销社楼下（林场厂部对过） ,电话：0435-8776999 ,
通化一方天医药连锁有限公司人民药店,地址：吉林省通化市辉南县朝阳镇富强大街市场大厦西侧 ,电话：0435-8258118 ,
通化一方天医药连锁有限公司农科药店,地址：吉林省通化市辉南县朝阳镇兴工街二委一组（农科花园一楼） ,电话：0435-8246111 ,
通化一方天医药连锁有限公司第十药店,地址：吉林省通化市辉南县抚民镇农村信用社南10米 ,电话：0435-8275999 ,
通化一方天医药连锁有限公司第七药店,地址：吉林省通化市辉南县朝阳镇爱国街（林业局西侧） ,电话：0435-8253113 ,
通化一方天医药连锁有限公司诊所店,地址：吉林省通化市辉南县朝阳镇爱民大街城西宾馆东侧 ,电话：15143566255 ,
通化一方天医药连锁有限公司大药房,地址：吉林省通化市辉南县朝阳镇爱民大街城西宾馆东侧,电话：0435-8255115 ,
通化一方天医药连锁有限公司四中西药店,地址：吉林省通化市辉南县朝阳镇爱民大街（四中西） ,电话：0435-8286667 ,
通化一方天医药连锁有限公司第四药店,地址：吉林省通化市辉南县朝阳镇爱民大街与兴工路交汇处（文化宫道南） ,电话：0435-8286588 ,
通化一方天医药连锁有限公司平价药店,地址：吉林省通化市辉南县朝阳镇朝阳大街新天地对过 ,电话：0435-8256116 ,
通化一方天医药连锁有限公司长春堡药店,地址：吉林省通化市辉南县辉发城镇镇政府家属楼楼下 ,电话：0435-8785888 ,
通化一方天医药连锁有限公司朝阳大街药店,地址：吉林省通化市辉南县朝阳镇朝阳大街（工商银行对过） ,电话：0435-8287999 ,
通化一方天医药连锁有限公司第九药店,地址：吉林省通化市辉南县金川镇林业站对过 ,电话：0435-8861888 ,
通化一方天医药连锁有限公司第三药店,地址：吉林省通化市辉南县朝阳镇富强大街（计生局西侧50米） ,电话：0435-8281225 ,
通化一方天医药连锁有限公司第二药店,地址：吉林省通化市辉南县朝阳镇爱民大街（凯旋路北段） ,电话：0435-8230977 ,
通化一方天医药连锁有限公司第一药店,地址：吉林省通化市辉南县朝阳镇商业小街西侧与朝阳大街交汇处 ,电话：0435-8222156 ,
辽宁成大方圆医药连锁有限公司桦甸市弘晟分店,地址：吉林省吉林市桦甸成大弘晟生活区,电话：0432-66776120,
辽宁成大方圆医药连锁有限公司桦甸市中心店,地址：吉林省吉林市桦甸市胜利街10幢11、12号,电话：0432-66277507,
辽宁成大方圆医药连锁有限公司吉林省吉林市中兴街分店,地址：吉林省吉林市昌邑区兴华街75号,电话：0432-66581466,
辽宁成大方圆医药连锁有限公司吉林省吉林市青年路分店,地址：吉林省吉林市昌邑区青年路69号,电话：0432-62447800,
辽宁成大方圆医药连锁有限公司吉林省吉林市宜山路分店,地址：吉林省吉林市丰满区南山街朝阳花园1号楼2号网点,电话：0432-64652755,
辽宁成大方圆医药连锁有限公司吉林省吉林市上海路分店,地址：吉林省吉林市昌邑区四川街215号,电话：0432-66559908,
辽宁成大方圆医药连锁有限公司吉林省吉林市遵义路分店,地址：吉林省吉林市龙潭区遵义路14号楼3号网点,电话：0432-63423755,
辽宁成大方圆医药连锁有限公司吉林省吉林市武汉路分店,地址：吉林省吉林市龙潭区荒山17栋武汉路33－9号,电话：0432-63097701,
辽宁成大方圆医药连锁有限公司吉林省吉林市向阳分店,地址：吉林省吉林市般营区昆明街皮鞋一厂综合楼1-2网点,电话：0432-62055105,
辽宁成大方圆医药连锁有限公司吉林省吉林市亚泰欣城分店,地址：吉林省吉林市昌邑区亚泰欣城11－11－12号网点,电话：0432-62551055,
辽宁成大方圆医药连锁有限公司吉林省吉林市湘潭街分店,地址：吉林省吉林市龙潭区湘潭街东方新村1号楼1－W—1号,电话：0432-63027155,
辽宁成大方圆医药连锁有限公司长春长新街分店,地址：吉林省长春市宽城区长新街20号扶贫大市场1号楼,电话：0431-86815655,
辽宁成大方圆医药连锁有限公司长春万通花园分店,地址：吉林省长春市二道区万通花园B区13-15栋105号门市,电话：0431-81773915,
辽宁成大方圆医药连锁有限公司吉林省吉林市冯家屯分店,地址：吉林省吉林市船营区长春路172号,电话：0432-64884878,
辽宁成大方圆医药连锁有限公司长春永春分店,地址：吉林省长春市南关区四五小区一栋,电话：0431-86772456,
辽宁成大方圆医药连锁有限公司长春德惠路分店,地址：吉林省长春市朝阳区清河街7号,电话：0431-86038586,
辽宁成大方圆医药连锁有限公司吉林省吉林市四川路分店,地址：吉林省吉林市昌邑区中兴街一号街坊7号楼1—2层1号,电话：0432-62755527,
辽宁成大方圆医药连锁有限公司长春龙泰富苑分店,地址：吉林省长春市南关区西三道街520号龙泰富苑小区1栋101室 ,电话：0431-81086770,
辽宁成大方圆医药连锁有限公司长春通安分店,地址：吉林省长春市二道区通安小区104、105室,电话：0431-86108103,
辽宁成大方圆医药连锁有限公司吉林省吉林市大东门分店,地址：吉林省吉林市船营区南京街68号一楼,电话：0432-62455180,
辽宁成大方圆医药连锁有限公司长春东方嘉园分店,地址：吉林省长春市绿园区皓月大路2519号东方嘉园16号楼,电话：无,
辽宁成大方圆医药连锁有限公司长春和顺分店,地址：吉林省长春市二道区和顺街通安新居11号楼108门市,电话：0431-86790332,
辽宁成大方圆医药连锁有限公司长春湖西路分店,地址：吉林省长春市朝阳区湖西路18号,电话：0431-86938029,
辽宁成大方圆医药连锁有限公司吉林省吉林市烽火分店,地址：吉林省吉林市丰满区厦门街翰林苑308-01门市,电话：432-64670499,
辽宁成大方圆医药连锁有限公司长春青年路分店,地址：吉林省长春市宽城区青年路1号,电话：0431-81755128,
辽宁成大方圆医药连锁有限公司吉林省吉林市昆明街分店,地址：吉林省吉林市船营区昆明街53号楼一楼,电话：0432-62055255,
辽宁成大方圆医药连锁有限公司长春益民分店,地址：吉林省长春市南关区西四道街158号,电话：0431-86020855,
辽宁成大方圆医药连锁有限公司长春三道街分店,地址：吉林省长春市南关区金鼎名城101号,电话：0431-86020051,
辽宁成大方圆医药连锁有限公司吉林省吉林市中心店,地址：吉林省吉林市船营区长春路60—10号,电话：0432-64861680,
辽宁成大方圆医药连锁有限公司长春义和路分店,地址：吉林省长春市朝阳区同志街西41号,电话：0431-86888676,
辽宁成大方圆医药连锁有限公司长春新月路分店,地址：吉林省长春市宽城区新月路1165号,电话：0431-81678182,
辽宁成大方圆医药连锁有限公司吉林省吉林市地区总部店,地址：吉林省吉林市船营区河南街通信胡同3号,电话：0432-24562451,
辽宁成大方圆医药连锁有限公司长春经开四区分店,地址：吉林省长春市经济技术开发区四小区,电话：0431-86016261,
辽宁成大方圆医药连锁有限公司长春二道沟分店,地址：吉林省长春市宽城区铁北康泰乐园10栋一楼门市5-6号,电话：0431-86134006,
辽宁成大方圆医药连锁有限公司长春四道街分店,地址：吉林省长春市南关区西四道街12-4号楼一层,电话：0431-86776878,
辽宁成大方圆医药连锁有限公司长春湖西花园分店,地址：吉林省长春市绿园区轻铁花园19栋103.104室 ,电话：0431-86193003,
辽宁成大方圆医药连锁有限公司长春皓月大路分店,地址：吉林省长春市绿园区皓月大路236号,电话：0431-86935525,
辽宁成大方圆医药连锁有限公司长春青怡坊分店,地址：吉林省长春市南关区通化路7号,电话：0431-86883933,
辽宁成大方圆医药连锁有限公司长春全安分店,地址：吉林省吉林省长春市南关区大经路170号,电话：0431-88021021,
吉林省益和大药房有限公司德惠九道街满客隆分店,地址：吉林省长春市德惠九道街,电话：0431-86855251,
吉林省益和大药房有限公司白城站前分店,地址：吉林省长春市白城市洮北区爱国街21号,电话：0436-6116948,
吉林省益和大药房有限公司白城中心分店,地址：吉林省白城市洮北区海明西路26号,电话：0436-6137556,
吉林省益和大药房有限公司45街区分店,地址：吉林省长春市绿园区45街区3栋3门109号,电话：0431-85731162,
吉林省益和大药房有限公司东兴小区连锁店,地址：吉林省长春市朝阳区德昌路东兴小区3栋,电话：无,
吉林省益和大药房有限公司沈铁新苑连锁店,地址：吉林省长春市沈铁新苑小区15#101室,电话：无,
吉林省益和大药房有限公司榆树三盛路分店,地址：吉林省长春市榆树市四小学东面,电话：0431-83655786,
吉林省益和大药房有限公司中海社区连锁店,地址：吉林省长春市长春中海国际社区E3-103室,电话：无,
吉林省益和大药房有限公司越野路连锁店,地址：吉林省长春市越野路与支农大街交汇54C14栋,电话：0431-85980406,
吉林省益和大药房有限公司榆树中心大街分店,地址：吉林省长春市榆树市农贸市场对面,电话：0431-83664711,
吉林省益和大药房有限公司双阳区上东国际店,地址：吉林省长春市双阳区东双阳大街北上东国际小区3幢109号门市,电话：0431-89754468,
吉林省益和大药房有限公司大经路连锁店,地址：吉林省长春市南关区大经路132号,电话：0431-88719133,
吉林省益和大药房有限公司奥海东方连锁店,地址：吉林省长春市经开区武汉路奥海东方一号小区38幢208号门市,电话：无,
吉林省益和大药房有限公司洮南步行街分店,地址：吉林省长春市洮南市古树北街（步行街内）,电话：0436-6255178,
吉林省益和大药房有限公司伊通中华东路分店,地址：吉林省长春市伊通市中华东路物尔美超市楼下,电话：0434-6921804,
吉林省益和大药房有限公司隆礼路连锁店,地址：吉林省长春市朝阳区隆礼路28号,电话：0431-85670523,
吉林省益和大药房有限公司双辽电厂分店,地址：吉林省长春市双辽市辽西街56,电话：0434-7281528,
吉林省益和大药房有限公司梧桐花园连锁店,地址：吉林省长春市梧桐花园二期1\/2栋 O 单元101号房,电话：无,
吉林省益和大药房有限公司农安站前分店,地址：吉林省长春市农安站前街金都综合楼,电话：0431-86899983,
吉林省益和大药房有限公司建设街连锁店,地址：吉林省长春市朝阳区建设街60号,电话：无,
吉林省益和大药房有限公司净月五号公馆连锁店,地址：吉林省长春市净月大街五号公馆2号楼108门市,电话：无,
吉林省益和大药房有限公司洮南满客隆分店,地址：吉林省白城市洮南市泰州北街光明办事处七十四组,电话：0436-6251157,
吉林省益和大药房有限公司雁鸣湖小区连锁店,地址：吉林省长春市宽城区西三环东侧门市3区22号,电话：0431-81706895,
吉林省益和大药房有限公司四平南湖分店,地址：吉林省四平市铁西区站前街新开委南湖花园小区1号楼1-2层107号,电话：0434-6169267,
吉林省益和大药房有限公司新竹路连锁店,地址：吉林省长春市绿园区新竹路304号,电话：0431-81707787,
吉林省益和大药房有限公司南部新城连锁店,地址：吉林省长春市南关区新城回迁小区E座1栋103号,电话：无,
吉林省益和大药房有限公司英伦小镇连锁店,地址：吉林省长春市宽城区恒利.英伦小镇A区26号楼106号门市,电话：无,
吉林省益和大药房有限公司檀香苑连锁店,地址：吉林省长春市宽城区基隆北街与柳江路交汇处龙泰檀香苑47栋104、105门市,电话：无,
吉林省益和大药房有限公司伊通中医院人民大路分店,地址：吉林省长春市伊通是人民大路分店（林业局楼下）,电话：0434-6921803,
吉林省益和大药房有限公司四季青市场连锁店,地址：吉林省长春市绿园区西环城路大禹华邦31栋105,电话：无,
吉林省益和大药房有限公司岳阳街连锁店,地址：吉林省长春市南关区岳阳街5号,电话：无,
吉林省益和大药房有限公司辽源东方新城分店,地址：吉林省辽源市龙山区商业街商业楼116号,电话：0437-3221361,
吉林省益和大药房有限公司农安欧亚分店,地址：吉林省长春市农安欧亚商场一楼,电话：0431-86896983,
吉林省益和大药房有限公司龙翔苑连锁店,地址：吉林省长春市西新经济技术开发区东方之珠龙翔苑12栋115号门市,电话：0431-81228780,
吉林省益和大药房有限公司四平市府路分店,地址：吉林省四平市国税局家属楼南侧,电话：0434-3271984,
吉林省益和大药房有限公司双辽紫金花园分店,地址：吉林省四平市双辽市紫金花园1楼,电话：0434-7245298,
吉林省益和大药房有限公司光华学院连锁店,地址：吉林省长春市经济开发区黎明村村委会光华学院正门东侧门市,电话：无,
吉林省益和大药房有限公司车城名仕连锁店,地址：吉林省长春市一汽车城名仕花园三期3栋115A号门市,电话：0431-81228768,
吉林省益和大药房有限公司辽源龙山东路分店,地址：吉林省辽源市龙山区龙山东路口部房,电话：0437-3310361,
吉林省益和大药房有限公司中信城连锁店,地址：吉林省长春市净月开发区净月大街4775号中信城小区13#地块13-11.12号楼,电话：0431-81698161,
吉林省益和大药房有限公司向阳街连锁店,地址：吉林省长春市南关区长通小区B区4栋101号,电话：无,
吉林省益和大药房有限公司桦甸市金华路分店,地址：吉林省长春市桦甸金华路1号,电话：0432-66902971,
吉林省益和大药房有限公司大屯市场连锁店,地址：吉林省长春市朝阳区大屯镇1委10组,电话：无,
吉林省益和大药房有限公司领秀朝阳连锁店,地址：吉林省长春市朝阳区开运街东抚松路南领秀朝阳A16幢111号房,电话：无,
吉林省益和大药房有限公司美景三期连锁店,地址：吉林省长春市宽城区美景天城门市7栋101室,电话：无,
吉林省益和大药房有限公司温馨花园连锁店,地址：吉林省长春市宽城区天光路31号温馨花园第2幢3单元105号房-106号房,电话：无,
吉林省益和大药房有限公司广德街连锁店,地址：吉林省长春市二道区广德街东逸美郡4-5幢108号,电话：0431-89251777,
吉林省益和大药房有限公司珲春街分店,地址：吉林省长春市绿园区珲春街7号1栋,电话：0431-88610552,
吉林省益和大药房有限公司农大连锁店,地址：吉林省长春市复地净月国际3.2期嘉年华A3#楼A区106室,电话：0431-81297243,
吉林省益和大药房有限公司吉林南京路分店,地址：吉林省吉林市附属医院后门,电话：0432-66068878,
吉林省益和大药房有限公司德惠医药平价超市分店,地址：吉林省长春市德惠西五道街一商店左侧一楼,电话：0431-81062553,
吉林省益和大药房有限公司常欣家园分店,地址：吉林省长春市宽城区长新街55号,电话：无,
吉林省益和大药房有限公司桦甸市明华街分店,地址：吉林省长春市桦甸市桦甸大街融通住宅一楼门市43号,电话：0432-66902972,
吉林省益和大药房有限公司拉洛新村连锁店,地址：吉林省长春市高新区拉洛新村小区4栋门市102室,电话：无,
吉林省益和大药房有限公司风华市场连锁店,地址：吉林省长春市绿园区万嘉花园二期22号楼-105号门市,电话：无,
吉林省益和大药房有限公司同志街分店,地址：吉林省长春市绿园区西康路2号,电话：0431-85637015,
吉林省益和大药房有限公司西天光范家屯东胜利分店,地址：吉林省长春市南关区东天光路926号金美城家园,电话：0431-86753696,
吉林省益和大药房有限公司范家屯西胜利分店,地址：吉林省四平市范家屯西胜利大街,电话：0434-6103372,
吉林省益和大药房有限公司金色欧城第三连锁店,地址：吉林省长春市绿园区支农大路宝雍阁金色欧城A1[幢]108号房-109号房,电话：0431-81228761,
吉林省益和大药房有限公司修正路分店,地址：吉林省长春市绿园区前进大街林园路7号,电话：无,
吉林省益和大药房有限公司华大天朗二分店,地址：吉林省长春市宽城区小南街六十号华大天朗国际A40号楼,电话：0431-89383119,
吉林省益和大药房有限公司开运小区连锁店,地址：吉林省长春市朝阳区开运小区2号楼101、开运街18号102,电话：无,
吉林省益和大药房有限公司公主岭农贸批发市场分店,地址：吉林省长春市公主岭市农贸批发市场4号楼北16号,电话：0434-6296776,
吉林省益和大药房有限公司青石路分店,地址：吉林省长春市绿园区青石路民生家园,电话：0431-87066558,
吉林省益和大药房有限公司乐东市场连锁店,地址：吉林省长春市二道区乐东居住区综合市场东门1号,电话：无,
吉林省益和大药房有限公司兴阳街分店,地址：吉林省长春市绿园区西安大路150号,电话：0431-87812939,
吉林省益和大药房有限公司青岛路分店,地址：吉林省长春市宽城区青岛路235号,电话：0431-82782633,
吉林省益和大药房有限公司吉林恒山东路分店,地址：吉林省吉林市丰满区新城名抵c栋15号,电话：无,
吉林省益和大药房有限公司成涛绿锦国际连锁店,地址：吉林省长春市绿园区绥中路成涛绿锦国际小区二号楼南侧耳房门市C单层,电话：无,
吉林省益和大药房有限公司证大光明城连锁店,地址：吉林省长春市宽城区证大光明城三期2栋109号房,电话：无,
吉林省益和大药房有限公司铁西市场分店,地址：吉林省长春市绿园区铁西街1442号,电话：0431-87812285,
吉林省益和大药房有限公司西三道街分店,地址：吉林省长春市朝阳区西三道街与大经路交汇西三道街473号,电话：0431-88910809,
吉林省益和大药房有限公司公主岭百合超市分店,地址：吉林省长春市公主岭市科贸大街百合超市一楼,电话：0464-6245292,
吉林省益和大药房有限公司正阳花园分店,地址：吉林省长春市绿园区万福街1022号,电话：无,
吉林省益和大药房有限公司客车厂二分店,地址：吉林省长春市绿园区青年路1229号,电话：0431-89199733,
吉林省益和大药房有限公司新华分店,地址：吉林省长春市朝阳区新华水果一条街,电话：0431-88510496,
吉林省益和大药房有限公司普阳街分店,地址：吉林省长春市绿园区朝阳小区1-5栋6门,电话：0431-87825659,
吉林省益和大药房有限公司乐嘉名园分店,地址：吉林省长春市宽城-榆树北街乐嘉茗园10栋,电话：0431-89631507,
吉林省益和大药房有限公司开工街分店,地址：吉林省长春市朝阳区工农大路开工胡同,电话：0431-85921495,
吉林省益和大药房有限公司农安北街分店,地址：吉林省长春市宽城-榆树北街乐嘉名园17 栋,电话：无,
吉林省益和大药房有限公司金碧阁分店,地址：吉林省长春市南关区解放大路比尔森烤肉1楼,电话：0431-88663061,
吉林省益和大药房有限公司永安桥连锁店,地址：吉林省长春市南关区大经路183号,电话：0431-88653295,
吉林省益和大药房有限公司吉盛小区二分店,地址：吉林省长春市二道区劳动公园北门斜对面,电话：无,
吉林省益和大药房有限公司亚泰大街分店,地址：吉林省长春市南关区亚泰大街6144号,电话：0431-85200708,
吉林省益和大药房有限公司安乐分店,地址：吉林省长春市二道区安乐路831号和顺五条,电话：0431-84913933,
吉林省益和大药房有限公司永春三分店,地址：吉林省长春市南关区永春批发北门斜对面,电话：无,
吉林省益和大药房有限公司东皇先锋分店,地址：吉林省长春市经济开发区东皇先锋北5号楼107门市,电话：无,
吉林省益和大药房有限公司永春二分店,地址：吉林省长春市南关区永春批发后门,电话：0431-88710267,
吉林省益和大药房有限公司宏运分店,地址：吉林省长春市朝阳区开运街10号,电话：0431-88735689,
吉林省益和大药房有限公司陕西路分店,地址：吉林省长春市南关区陕西路吉达小区4#1-1,电话：0431-82862822,
吉林省益和大药房有限公司昆山路分店,地址：吉林省长春市南关区昆山路1056号104-105号门市,电话：无,
吉林省益和大药房有限公司东岭南街分店,地址：吉林省长春市南关区东岭南街939,电话：0431-85282715,
吉林省益和大药房有限公司东三马路分店,地址：吉林省长春市南关区中环11区13号楼,电话：0431-88719133,
吉林省益和大药房有限公司天乐分店,地址：吉林省长春市南关区中环小区25栋27-05号,电话：0431-88730557,
吉林省益和大药房有限公司平泉路分店,地址：吉林省长春市南关区平泉路11号,电话：0431-85790243,
吉林省益和大药房有限公司自强街分店,地址：吉林省长春市南关区自强街二院住院部侧门,电话：0431-88936689,
吉林省益和大药房有限公司金水路分店,地址：吉林省长春市南关区亚泰大街南岭小学对面每日多超市旁边,电话：无,
吉林省益和大药房有限公司我的家园分店,地址：吉林省长春市南关区繁荣路与亚泰大街交汇原色生活小区2栋,电话：0431-85337026,
吉林省益和大药房有限公司北安路分店,地址：吉林省长春市南关区北安路市医院后门,电话：0431-82734746,
吉林省益和大药房有限公司富锋清华园分店,地址：吉林省长春市朝阳区富锋镇清华园小区,电话：无,
吉林省益和大药房有限公司健民分店,地址：吉林省长春市南关区健民街与繁荣路交汇,电话：0431-85790247,
吉林省益和大药房有限公司二二八厂分店,地址：吉林省长春市朝阳区繁荣路大通花园二号楼,电话：0431-85195191,
吉林省益和大药房有限公司五马路分店,地址：吉林省长春市南关区五马路产院门诊正对面,电话：0431-86185524,
吉林省益和大药房有限公司桃源路分店,地址：吉林省长春市南关区桃源路西园小区7栋,电话：0431-88716022,
吉林省益和大药房有限公司东四马路水乡人家分店,地址：吉林省长春市南关区万晟现代城18号楼,电话：无,
吉林省益和大药房有限公司平治街分店,地址：吉林省长春市南关区平治街吉大二院门诊对面,电话：0431-88955604,
吉林省益和大药房有限公司金色欧城分店,地址：吉林省长春市绿园区金色欧城B区102室,电话：无,
吉林省益和大药房有限公司东天街分店,地址：吉林省长春市南关区滨河新村西三街区22栋,电话：无,
吉林省益和大药房有限公司积善路分店,地址：吉林省长春市南关区天乐路积善二胡同12区9号楼,电话：0431-88710230,
吉林省益和大药房有限公司东大桥分店,地址：吉林省长春市南关区东天街2号,电话：0431-88729632,
吉林省益和大药房有限公司西四小区分店,地址：吉林省长春市南关区西四小区47号,电话：0431-81086559,
吉林省益和大药房有限公司兴顺花园分店,地址：吉林省长春市汽车产业开发区兴顺路1111号1栋107,电话：无,
吉林省益和大药房有限公司大众分店,地址：吉林省长春市绿园区一汽49街区一栋1号,电话：无,
吉林省益和大药房有限公司蓝调倾城分店,地址：吉林省长春市绿园区自立街蓝调小区37栋,电话：无,
吉林省益和大药房有限公司飞跃分店,地址：吉林省长春市绿园区汽车厂飞跃路612栋,电话：0431-85755204,
吉林省益和大药房有限公司车城花园分店,地址：吉林省长春市绿园区车城花园27号门市,电话：无,
吉林省益和大药房有限公司创新分店,地址：吉林省长春市绿园区支农大路2号,电话：0431-85774915,
吉林省益和大药房有限公司精诚分店,地址：吉林省长春市绿园区一汽25街区四联大街长庆大棚3号,电话：0431-85772707,
吉林省益和大药房有限公司博众新城分店,地址：吉林省长春市绿园区博众新城124号门室,电话：无,
吉林省益和大药房有限公司金色欧城二分店,地址：吉林省长春市绿园区富民大街金色欧城C21栋F1楼门市,电话：无,
吉林省益和大药房有限公司轻铁湖西花园分店,地址：吉林省长春市绿园区泰来街轻铁湖西花园33栋,电话：无,
吉林省益和大药房有限公司锦程大街北安路二分店,地址：吉林省长春市绿园区锦程大街604栋,电话：0431-87965895,
吉林省益和大药房有限公司五站分店,地址：吉林省长春市汽车产业开发区天茂城中央23号楼120室商铺,电话：0431-85909537,
吉林省益和大药房有限公司金泰嘉园分店,地址：吉林省长春市绿园区泰来街金泰嘉园13栋104,电话：0431-89692767,
吉林省益和大药房有限公司万福街分店,地址：吉林省长春市绿园区皓月大路2222号,电话：0431-87666052,
吉林省益和大药房有限公司辽阳街分店,地址：吉林省长春市绿园区普阳街27号,电话：无,
吉林省益和大药房有限公司车百分店,地址：吉林省长春市绿园区一汽东风大街23号,电话：0431-85762749,
吉林省益和大药房有限公司锦绣家园分店,地址：吉林省长春市绿园区和平大街与锦西路交汇，锦绣家园正门○,电话：0431-89613046,
吉林省益和大药房有限公司新奥蓝城分店,地址：吉林省长春市绿园区春城大街新奥蓝城,电话：0431-86058304,
吉林省益和大药房有限公司湖西路分店,地址：吉林省长春市朝阳区湖西路电影城小区3栋8号,电话：0431-87622981,
吉林省益和大药房有限公司春城市场分店,地址：吉林省长春市绿园区春城大街746号春城综合市场南侧一楼西属1—4门,电话：0431-87981033,
吉林省益和大药房有限公司景阳大路分店,地址：吉林省长春市绿园区景阳小区15栋105号,电话：0431-86194925,
吉林省益和大药房有限公司升阳街分店,地址：吉林省长春市绿园区升阳街329号春园小区2号楼102门市,电话：0431-87908481,
吉林省益和大药房有限公司和平大路分店,地址：吉林省长春市绿园区西安大路5558号,电话：0431-87970506,
吉林省益和大药房有限公司客车厂分店,地址：吉林省长春市绿园区青年路花园小区68-1号,电话：0431-87909298,
吉林省益和大药房有限公司基隆路分店,地址：吉林省长春市绿园区基隆北街万嘉花园B29,电话：0431-89627760,
吉林省益和大药房有限公司南广场分店,地址：吉林省长春市宽城区珠江路8号,电话：0431-86097229,
吉林省益和大药房有限公司风和日丽分店,地址：吉林省长春市绿园区皓月大路风和日丽小区正门,电话：0431-87966533,
吉林省益和大药房有限公司武警医院分店,地址：吉林省长春市宽城区农安南街777号,电话：无,
吉林省益和大药房有限公司东田青年城分店,地址：吉林省长春市宽城区青年路东田青年城33栋1单元111号房,电话：无,
吉林省益和大药房有限公司青年路分店,地址：吉林省长春市绿园区青年路2267号,电话：0431-87920175,
吉林省益和大药房有限公司新月分店,地址：吉林省长春市宽城区新月路1-1B1栋7号,电话：0431-86137192,
吉林省益和大药房有限公司天嘉水晶城分店,地址：吉林省长春市绿园区基隆街与新竹路交汇天嘉水晶城59栋116号门市房,电话：无,
吉林省益和大药房有限公司台北大街分店,地址：吉林省长春市宽城区台北大街3199号,电话：无,
吉林省益和大药房有限公司美景天城分店,地址：吉林省长春市宽城区万龙第八城,电话：0431-81002804,
吉林省益和大药房有限公司春阳街分店,地址：吉林省长春市绿园区春阳街3号,电话：0431-87826385,
吉林省益和大药房有限公司柳影家园分店,地址：吉林省长春市宽城区柳影家园9栋108门市,电话：0431-82630025,
吉林省益和大药房有限公司青龙路分店,地址：吉林省长春市绿园区青龙路492B对面,电话：0431-86931600,
吉林省益和大药房有限公司扶贫市场分店,地址：吉林省长春市宽城区长新街扶贫市场,电话：无,
吉林省益和大药房有限公司百菊二分店,地址：吉林省长春市宽城区百菊路10,电话：0431-86110082,
吉林省益和大药房有限公司百菊路分店,地址：吉林省长春市宽城区北安路和百菊路交汇,电话：0431-82738076,
吉林省益和大药房有限公司凯旋路分店,地址：吉林省长春市宽城区凯旋路与一匡街交汇处,电话：无,
吉林省益和大药房有限公司柳影路二分店,地址：吉林省长春市宽城区万龙第九城,电话：无,
吉林省益和大药房有限公司长新分店,地址：吉林省长春市宽城区机车宿舍114栋,电话：0431-82994602,
吉林省益和大药房有限公司鲍豪斯分店,地址：吉林省长春市宽城区北亚泰大街与长新街交汇处,电话：0431-82993905,
吉林省益和大药房有限公司中岳小区分店,地址：吉林省长春市宽城区中岳小区南门,电话：0431-86142562,
吉林省益和大药房有限公司新月市场连锁店,地址：吉林省长春市宽城区青年路3835号（希望家园）,电话：无,
吉林省益和大药房有限公司兴业街分店,地址：吉林省长春市宽城区铁北二路与亚泰大街交汇处,电话：0431-86147634,
吉林省益和大药房有限公司华正分店,地址：吉林省长春市宽城区火车站春铁大厦对面,电话：0431-86099970,
吉林省益和大药房有限公司西广超市分店,地址：吉林省长春市宽城区西广小区北8号楼,电话：0431-86111590,
吉林省益和大药房有限公司世纪广场分店,地址：吉林省长春市宽城区凯旋路以东铁北二路以南1-4幢110号门市,电话：无,
吉林省益和大药房有限公司上台新村分店,地址：吉林省长春市宽城区上台新村长新街2331号,电话：0431-86093413,
吉林省益和大药房有限公司富民花园分店,地址：吉林省长春市二道区远达大街与乾安路交汇处,电话：0431-84713358,
吉林省益和大药房有限公司黑水路分店,地址：吉林省长春市宽城区黑水路东二条综合楼（太平洋大厦）4#商业（栋）108号房,电话：0431-86032282,
吉林省益和大药房有限公司西广场分店,地址：吉林省长春市宽城区西广小区9号楼,电话：0431-86115076,
吉林省益和大药房有限公司华大天朗分店,地址：吉林省长春市宽城区小南街,电话：0431-89158422,
吉林省益和大药房有限公司乾安路分店,地址：吉林省长春市二道区鲁辉国际城5区A2栋104门市（鲁辉国际城南门东行100米）,电话：无,
吉林省益和大药房有限公司东新路分店,地址：吉林省长春市二道区东新路以南和顺街以东阜丰路以北通安小区二期二号101号门市,电话：0431-84964577,
吉林省益和大药房有限公司人民大街分店,地址：吉林省长春市宽城区人民大街邮政银行对面,电话：0431-82707522,
吉林省益和大药房有限公司春铁新城分店,地址：吉林省长春市宽城区天光路与九台路交汇处,电话：0431-81035307,
吉林省益和大药房有限公司五月花苑分店,地址：吉林省长春市宽城区亚泰大街1899号耀江五月花20-3,电话：0431-82912702,
吉林省益和大药房有限公司十委分店,地址：吉林省长春市二道区东站十委市场旁,电话：0431-84955651,
吉林省益和大药房有限公司长白路原万龙第五城分店,地址：吉林省长春市宽城区长白路黑水路对面,电话：0431-86111356,
吉林省益和大药房有限公司滨河小区原北奇星河湾分店,地址：吉林省长春市南关区临河街与东新路交汇处,电话：0431-89170578,
吉林省益和大药房有限公司吉盛小区分店,地址：吉林省长春市二道区吉盛小区2-22栋,电话：1350431-0302,
吉林省益和大药房有限公司东城名郡分店,地址：吉林省长春市二道区荣光路以南临河街以东，东城名郡二期2栋104房,电话：无,
吉林省益和大药房有限公司汉森金烁广场分店,地址：吉林省长春市二道区吉林大路汉森金烁广场11号楼103门市,电话：0431-84837360,
吉林省益和大药房有限公司裕民路分店,地址：吉林省长春市二道区裕民路金昆大镇108号,电话：0431-84740622,
吉林省益和大药房有限公司临河风景分店,地址：吉林省长春市经济开发区临河风景小区6号门,电话：无,
吉林省益和大药房有限公司岭东路分店,地址：吉林省长春市二道区岭东路热电四区7号12门,电话：0431-84637658,
吉林省益和大药房有限公司二道国贸分店,地址：吉林省长春市二道区吉林大路2078号吉盛小区亚泰广场,电话：0431-84910268,
吉林省益和大药房有限公司东方万达城分店,地址：吉林省长春市二道区东方万达城小区,电话：0431-81071251,
吉林省益和大药房有限公司富奥分店,地址：吉林省长春市经济技术开发区富奥D区世光路1475号,电话：0431-88640010,
吉林省益和大药房有限公司吉大医院分院分店,地址：吉林省长春市二道区乐群街吉大医院侧面,电话：无,
吉林省益和大药房有限公司中铁十三局分店,地址：吉林省长春市二道区东环路与公平路交汇处121号,电话：0431-86163970,
吉林省益和大药房有限公司长百重庆路分店,地址：吉林省长春市朝阳区重庆路953号,电话：0431-88927585,
吉林省益和大药房有限公司彩云街分店,地址：吉林省长春市南关区彩云街20号,电话：无,
吉林省益和大药房有限公司园丁二分店,地址：吉林省长春市经济技术开发区临河街与世荣路交汇,电话：0431-86455405,
吉林省益和大药房有限公司重庆医院分店,地址：吉林省长春市朝阳区红光胡同8号楼103门市,电话：0431-88989865,
吉林省益和大药房有限公司东方之珠分店,地址：吉林省长春市经济技术开发区东方之珠小区91栋103号门市,电话：无,
吉林省益和大药房有限公司净苑小区分店,地址：吉林省长春市净月开发区净苑小区24栋,电话：0431-84520500,
吉林省益和大药房有限公司紫盈花城分店,地址：吉林省长春市二道区东盛大街1000号,电话：0431-86108769,
吉林省益和大药房有限公司万通分店,地址：吉林省长春市二道区万通花园富华院B1-3号楼,电话：无,
吉林省益和大药房有限公司大学城分店,地址：吉林省长春市经济技术开发区净月大街与博硕路交汇处,电话：0431-86714858,
吉林省益和大药房有限公司天地十二坊分店,地址：吉林省长春市经开五小区31-32栋,电话：无,
吉林省益和大药房有限公司馨园小区分店,地址：吉林省长春市净月开发区新园小区11栋1-8东边门市,电话：0431-86713639,
吉林省益和大药房有限公司义和路分店,地址：吉林省长春市朝阳区义和路1号,电话：0431-85631596,
吉林省益和大药房有限公司临河街分店,地址：吉林省长春市经济技术开发区经开四区1号,电话：无,
吉林省益和大药房有限公司园丁分店,地址：吉林省长春市经济技术开发区园丁花园二期，世光路1116号,电话：0431-86755404,
吉林省益和大药房有限公司经开五区分店,地址：吉林省长春市经济技术开发区经开五区50栋,电话：0431-84689722,
吉林省益和大药房有限公司剑桥园分店,地址：吉林省长春市高新区剑桥园9栋101,电话：无,
吉林省益和大药房有限公司建政路分店,地址：吉林省长春市朝阳区建政路18号,电话：0431-88988740,
吉林省益和大药房有限公司汇景新城分店,地址：吉林省长春市南关区人民大街西街,警官公寓对面,电话：无,
吉林省益和大药房有限公司电台街分店,地址：吉林省长春市高新区电台街611号宜家7080小区第十栋4单元113号,电话：无,
吉林省益和大药房有限公司卫星路分店,地址：吉林省长春市南关区卫星路5908号长春明珠小区D3栋1102号,电话：0431-85350307,
吉林省益和大药房有限公司大药房永安街连锁店,地址：吉林省长春市朝阳区北安路与永安街交汇处北安路1048号,电话：无,
吉林省益和大药房有限公司文化广场分店,地址：吉林省长春市朝阳区解放大路与云鹤街交汇,电话：0431-88546560,
吉林省益和大药房有限公司同光路分店,地址：吉林省长春市朝阳区同光路22-2,电话：0431-85642061,
吉林省益和大药房有限公司宽平大路分店,地址：吉林省长春市朝阳区红旗街54号,电话：0431-85959810,
吉林省益和大药房有限公司前进大街分店,地址：吉林省长春市朝阳区前进大街与繁荣路交汇繁荣小区,电话：无,
吉林省益和大药房有限公司湖波路分店,地址：吉林省长春市朝阳区湖波路8号103室,电话：0431-85335253,
吉林省益和大药房有限公司南湖分店,地址：吉林省长春市朝阳区南湖大路1号,电话：无,
吉林省益和大药房有限公司虎林路分店,地址：吉林省长春市朝阳区和光路与虎林路交汇处,电话：0431-85638455,
吉林省益和大药房有限公司长春大学分店,地址：吉林省长春市南关区幸福街420号,电话：0431-85390036,
吉林省益和大药房有限公司大药房儿童医院第二连锁店,地址：吉林省长春市朝阳区,电话：180431-67553,
吉林省益和大药房有限公司湖光路分店,地址：吉林省长春市朝阳区湖光路与前进西街交汇,电话：0431-85537746,
吉林省益和大药房有限公司红旗嘉园分店,地址：吉林省长春市朝阳区佳园路红旗家园小区C16-108室,电话：0431-85765503,
吉林省益和大药房有限公司佳园路分店,地址：吉林省长春市高新区佳园路与华光街交会,电话：无,
吉林省益和大药房有限公司南郡水云天分店,地址：吉林省长春市朝阳区湖西路与建昌街交汇,电话：1530431-0167,
吉林省益和大药房有限公司安达街分店,地址：吉林省长春市朝阳区安达街人才市场对面,电话：0431-86038147,
吉林省益和大药房有限公司红旗二分店,地址：吉林省长春市朝阳区红旗街和光胡同红旗商城对面,电话：0431-85608481,
吉林大药房药业股份有限公司上海路连锁店,地址：吉林省长春市南关区上海路与光复路交汇处,电话：0431-85075905,
吉林大药房药业股份有限公司火车站连锁店,地址：吉林省长春市宽城区辽宁路268号,电话：0431-82725539,
吉林大药房药业股份有限公司遵义路连锁店,地址：吉林省吉林市龙潭区吉林市龙潭区遵义东路71-23号,电话：0432-65123194,
吉林大药房药业股份有限公司东盛大街连锁店,地址：吉林省长春市二道区东盛大街与岭东路交汇左岸上场一楼,电话：0431-81912621,
吉林大药房药业股份有限公司公安小区连锁店,地址：吉林省吉林市昌邑区吉林市昌邑区欣昌街公安小区南3楼栋门市一层,电话：0432-65123187,
吉林大药房药业股份有限公司长江街连锁店,地址：吉林省吉林市高新区长江街光明小区7号楼1-2号,电话：无,
吉林大药房药业股份有限公司东兰路连锁店,地址：吉林省吉林市昌邑区东兰路火蜻蜓超市斜对面,电话：无,
吉林大药房药业股份有限公司珲春街连锁店,地址：吉林省吉林市船营区解放大路与珲春街交汇处,电话：无,
吉林大药房药业股份有限公司解放西路连锁店,地址：吉林省吉林市船营区解放西路乐园小区综合楼7号,电话：无,
吉林大药房药业股份有限公司北园市场连锁店,地址：吉林省吉林市龙潭区北园市场与汉阳街交汇处,电话：0432-65127949,
吉林大药房药业股份有限公司天津街连锁店,地址：吉林省吉林市昌邑区吉林市昌邑区天津街新华影院斜对面,电话：0432-65123539,
吉林大药房药业股份有限公司恒山西路连锁店,地址：吉林省吉林市高新区科贸商城一区,电话：无,
吉林大药房药业股份有限公司烽火连锁店,地址：吉林省吉林市丰满区送配电住宅小区9号楼3号,电话：无,
吉林大药房药业股份有限公司亚泰欣城连锁店,地址：吉林省吉林市昌邑区吉林市昌邑区亚泰欣城11号楼1108号,电话：0432-66081866,
吉林大药房药业股份有限公司玉山路连锁店,地址：吉林省吉林市丰满区玉山路与长江街交汇处,电话：无,
吉林大药房药业股份有限公司北京路连锁店,地址：吉林省吉林市船营区北京路4-18号,电话：无,
吉林大药房药业股份有限公司东方万达城连锁店,地址：吉林省长春市经开区会展大街与珠海路交汇处,电话：0431-85075952,
吉林大药房药业股份有限公司通江路连锁店,地址：吉林省吉林市昌邑区昌邑区四川路7-9,电话：0432-65123192,
吉林大药房药业股份有限公司长春路连锁店,地址：吉林省吉林市船营区临江小区9号楼1号,电话：无,
吉林大药房药业股份有限公司朝阳街连锁店,地址：吉林省吉林市船营区朝阳街与解放西路,电话：无,
吉林大药房药业股份有限公司经开四区连锁店,地址：吉林省长春市经济技术开发区经开四区西门,电话：0431-85075140,
吉林大药房药业股份有限公司延安路连锁店,地址：吉林省吉林市昌邑区延安路与中兴街交汇处,电话：无,
吉林大药房药业股份有限公司吉林重庆路连锁店,地址：吉林省吉林市昌邑区重庆路大润发超市对面,电话：无,
吉林大药房药业股份有限公司伊利花园连锁店,地址：吉林省长春市朝阳区同志街与隆礼路交汇处,电话：0431-85075047,
吉林大药房药业股份有限公司阳光华尔兹连锁店,地址：吉林省长春市二道区公平路与乐群街交汇,电话：无,
吉林大药房药业股份有限公司吉林大同路连锁店,地址：吉林省吉林市龙潭区清源街与滨江北路交汇处,电话：0432-85075047,
吉林大药房药业股份有限公司吉林新发街连锁店,地址：吉林省吉林市昌邑区吉林市昌邑区通江路吉炭小区19栋3号,电话：无,
吉林大药房药业股份有限公司青岛街连锁店,地址：吉林省吉林市船营区青岛街旭日10号楼7号,电话：无,
吉林大药房药业股份有限公司北方连锁店,地址：吉林省长春市二道自由大路与金洲街交会,电话：0431-85075095,
吉林大药房药业股份有限公司汉阳街连锁店,地址：吉林省吉林市龙潭区汉阳街与郑州路交汇处,电话：0432-66597311,
吉林大药房药业股份有限公司财富广场连锁店,地址：吉林省吉林市昌邑区昌邑区重庆路1367号2层商店街E-09号,电话：无,
吉林大药房药业股份有限公司三亚路连锁店,地址：吉林省吉林市高新区厦门街44号楼12号,电话：无,
吉林大药房药业股份有限公司福安街连锁店,地址：吉林省长春市二道区福安街与兴隆路交汇处,电话：0431-85075168,
吉林大药房药业股份有限公司太原街连锁店,地址：吉林省吉林市昌邑区东市场汇龙商场12、13号,电话：无,
吉林大药房药业股份有限公司光华路连锁店,地址：吉林省吉林市船营区光华路与南京街交汇处,电话：无,
吉林大药房药业股份有限公司浦东明珠连锁店,地址：吉林省长春市经开区浦东路与临河街交汇处,电话：无,
吉林大药房药业股份有限公司昆明街连锁店,地址：吉林省吉林市船营区光华路与昆明街交汇处,电话：0432-65127425,
吉林大药房药业股份有限公司经纬南路连锁店,地址：吉林省长春市二道经纬南路与民丰街交汇处,电话：无,
吉林大药房药业股份有限公司临河风景连锁店,地址：吉林省长春市经开区金川街与珠海路交汇处,电话：0431-85075148,
吉林大药房药业股份有限公司世光路连锁店,地址：吉林省长春市净月彩宇大街与世光路交汇处,电话：0431-85075143,
吉林大药房药业股份有限公司经开七区连锁店,地址：吉林省长春市经济开发区经开七区36栋门市,电话：0431-85076372,
吉林大药房药业股份有限公司蓝天花园连锁店,地址：吉林省长春市绿园区西安大路与2800-1号,电话：无,
吉林大药房药业股份有限公司自由大路连锁店,地址：吉林省长春市二道区自由大路与东环路交汇处,电话：无,
吉林大药房药业股份有限公司乐园路连锁店,地址：吉林省长春市绿园区乐园路与延寿街交汇处,电话：0431-85075978,
吉林大药房药业股份有限公司平治连锁店,地址：吉林省长春市南关区平阳街881号,电话：0431-85075155,
吉林大药房药业股份有限公司北海路连锁店,地址：吉林省长春市经开区北海路与金川街交汇处,电话：0431-85075146,
吉林大药房药业股份有限公司西安大路连锁店,地址：吉林省长春市绿园区西安大路4693号,电话：0431-85075138,
吉林大药房药业股份有限公司东岭北街连锁店,地址：吉林省长春市南关区自由大路与东岭北街交汇处,电话：0431-85075073,
吉林大药房药业股份有限公司牡丹街连锁店,地址：吉林省长春市朝阳区牡丹街与同光路交汇处,电话：0431-85075070,
吉林大药房药业股份有限公司临河街连锁店,地址：吉林省长春市经济技术开发区临河街与珠海路交汇处,电话：0431-85076327,
吉林大药房药业股份有限公司榆树南街连锁店,地址：吉林省长春市宽城区宽城区柳影路1567号,电话：0431-85076621,
吉林大药房药业股份有限公司汽二区连锁店,地址：吉林省长春市西新区锦程大街于飞跃路交汇处,电话：0431-85759027,
吉林大药房药业股份有限公司新疆街连锁店,地址：吉林省长春市朝阳区新疆街与同光路交汇处,电话：0431-85075062,
吉林大药房药业股份有限公司同志街连锁店,地址：吉林省长春市朝阳区同志街与隆礼路交汇处,电话：0431-85075047,
吉林大药房药业股份有限公司天嘉连锁店,地址：吉林省长春市绿园区新竹路与基隆街交汇处,电话：无,
吉林大药房药业股份有限公司柳影路连锁店,地址：吉林省长春市宽城区宽城区农安南街万龙第五城第2栋107号,电话：0431-85076323,
吉林大药房药业股份有限公司45街区连锁店,地址：吉林省长春市汽车产业开发区西新区杨柳大街与革新路交汇处,电话：0431-85128858,
吉林大药房药业股份有限公司四分局连锁店,地址：吉林省长春市朝阳区同志街与解放大路交汇处,电话：0431-85075150,
吉林大药房药业股份有限公司新奥蓝城连锁店,地址：吉林省长春市绿园区南阳路新奥蓝城小区,电话：0431-85075936,
吉林大药房药业股份有限公司客车厂连锁店,地址：吉林省长春市绿园区春阳街33-1号,电话：0431-85075119,
吉林大药房药业股份有限公司新竹路连锁店,地址：吉林省长春市绿园区青年路与新竹路交汇处,电话：0431-81912506,
吉林大药房药业股份有限公司越野路连锁店,地址：吉林省长春市汽车产业开发区绿园区越野路天茂城中央3栋102室,电话：0431-85075939,
吉林大药房药业股份有限公司磐石路连锁店,地址：吉林省长春市南关区磐石路与亚泰大街交汇处,电话：0431-85076360,
吉林大药房药业股份有限公司西郊路连锁店,地址：吉林省长春市绿园区皓月大路与和平大街交汇处,电话：0431-85075139,
吉林大药房药业股份有限公司湘潭街连锁店,地址：吉林省吉林市龙潭区湘潭街东方新村5号楼8号,电话：0432-65123182,
吉林大药房药业股份有限公司万龙北斗星城连锁店,地址：吉林省长春市宽城区农安南街以西扶余路以北,电话：0431-81912637,
吉林大药房药业股份有限公司长纺连锁店,地址：吉林省长春市绿园区春城大街与创业大街交汇处,电话：0431-85075926,
吉林大药房药业股份有限公司百汇街连锁店,地址：吉林省长春市朝阳区百汇街惠民路交汇处,电话：0431-85075958,
吉林大药房药业股份有限公司文明路连锁店,地址：吉林省长春市汽车产业开发区文明路与锦城大街交汇处,电话：0431-81912693,
吉林大药房药业股份有限公司东田青年城连锁店,地址：吉林省长春市宽城区柳影路与扶余路交汇处,电话：0431-85076625,
吉林大药房药业股份有限公司青林路连锁店,地址：吉林省长春市绿园区青年路与青林路交汇处,电话：无,
吉林大药房药业股份有限公司桂林路连锁店,地址：吉林省长春市朝阳区同志街与桂林路交汇处,电话：0431-85075048,
吉林大药房药业股份有限公司景阳广场连锁店,地址：吉林省长春市绿园区景阳广场南行200米处,电话：无,
吉林大药房药业股份有限公司日新路连锁店,地址：吉林省长春市汽车厂区东风大街与日新路交汇238栋,电话：0431-85075931,
吉林大药房药业股份有限公司柳影家园连锁店,地址：吉林省长春市宽城区扶余路与榆树南街交汇处,电话：无,
吉林大药房药业股份有限公司春城大街连锁店,地址：吉林省长春市绿园区春城大街与西安大路交汇处,电话：0431-85075137,
吉林大药房药业股份有限公司南岭连锁店,地址：吉林省长春市南关区亚泰大街6358号,电话：0431-85075945,
吉林大药房药业股份有限公司迎春路连锁店,地址：吉林省长春市汽车产业开发区迎春路与昆仑二路交汇处,电话：无,
吉林大药房药业股份有限公司融和嘉苑连锁店,地址：吉林省长春市绿园区景阳大路与万福街交汇处,电话：0431-81912509,
吉林大药房药业股份有限公司新月小区连锁店,地址：吉林省长春市宽城区青年路与新月东路交汇处,电话：0431-85076310,
吉林大药房药业股份有限公司东岭南街连锁店,地址：吉林省长春市南关区东岭南街卉香花园,电话：0431-85075946,
吉林大药房药业股份有限公司曙光路连锁店,地址：吉林省长春市南关区曙光路与岳阳街交汇处,电话：0431-85075158,
吉林大药房药业股份有限公司丰和日丽连锁店,地址：吉林省长春市绿园区皓月大路与西环城交汇处,电话：0431-85075963,
吉林大药房药业股份有限公司锦江二区连锁店,地址：吉林省长春市绿园区春城大街与锦江路交汇处,电话：0431-85075983,
吉林大药房药业股份有限公司上海绿地连锁店,地址：吉林省长春市绿园区西环城路7255号,电话：0431-8507975,
吉林大药房药业股份有限公司三站连锁店,地址：吉林省长春市汽车产业开发区东风大街1199号,电话：0431-85075923,
吉林大药房药业股份有限公司钻石城连锁店,地址：吉林省长春市二道区乐群街1733号,电话：0431-85075169,
吉林大药房药业股份有限公司公平路连锁店,地址：吉林省长春市二道区二道区民丰大街民丰家园4栋101号,电话：0431-85075350,
吉林大药房药业股份有限公司泉眼连锁店,地址：吉林省长春市二道区长春市二道区泉眼镇街道商贸中心门市204号,电话：0431-85076358,
吉林大药房药业股份有限公司安乐路连锁店,地址：吉林省长春市二道区福安街与安乐路交汇处,电话：0431-85076629,
吉林大药房药业股份有限公司万宝胡同连锁店,地址：吉林省长春市朝阳区万宝街与西朝阳路交汇处,电话：0431-85076313,
吉林大药房药业股份有限公司万通连锁店,地址：吉林省长春市二道区民丰大街与岭东路交汇处,电话：0431-85075163,
吉林大药房药业股份有限公司松苑名邸连锁店,地址：吉林省长春市经开区岭东路与东环城路交汇处,电话：无,
吉林大药房药业股份有限公司东朝阳连锁店,地址：吉林省长春市朝阳区同志街与东朝阳路交汇处,电话：0431-85075918,
吉林大药房药业股份有限公司锦水路连锁店,地址：吉林省长春市朝阳区同志街5号,电话：0431-81912625,
吉林大药房药业股份有限公司劝农连锁店,地址：吉林省长春市二道区二道区劝农山镇街道,电话：0431-85076373,
吉林大药房药业股份有限公司杏花苑连锁店,地址：吉林省长春市二道区安乐路与东盛大街交汇,电话：0431-85075352,
吉林大药房药业股份有限公司同建小区连锁店,地址：吉林省长春市朝阳区同志街与建政路交汇处,电话：0431-81912682,
吉林大药房药业股份有限公司永安桥连锁店,地址：吉林省长春市南关解放大路与大经路交汇处,电话：0431-85075942,
吉林大药房药业股份有限公司东方之珠连锁店,地址：吉林省长春市二道区岭东路与东环城路交汇处,电话：0431-85075167,
吉林大药房药业股份有限公司紫盈花园连锁店,地址：吉林省长春市二道区荣光路紫盈花园1期15栋12号门市,电话：无,
吉林大药房药业股份有限公司乐东连锁店,地址：吉林省长春市经开区乐东新区2号楼140号,电话：0431-85075162,
吉林大药房药业股份有限公司乐群街连锁店,地址：吉林省长春市二道区东环城路与公平路交汇处,电话：0431-85075165,
吉林大药房药业股份有限公司清河坊连锁店,地址：吉林省长春市南关区平泉路与永吉街交汇处,电话：0431-81912559,
吉林大药房药业股份有限公司至善路连锁店,地址：吉林省长春市南关区至善路与珲春街交汇处,电话：0431-85075156,
吉林大药房药业股份有限公司桃花苑连锁店,地址：吉林省长春市二道区民丰街与吉林大路交汇处,电话：0431-85075352,
吉林大药房药业股份有限公司武汉路连锁店,地址：吉林省长春市经济开发区武汉路与长吉南线交汇处,电话：0431-81912653,
吉林大药房药业股份有限公司安达街连锁店,地址：吉林省长春市朝阳区安达街与新华路交汇,电话：0431-85075157,
吉林大药房药业股份有限公司青怡坊连锁店,地址：吉林省长春市南关区通化路与永吉街交汇处,电话：0431-85075948,
吉林大药房药业股份有限公司解放大路连锁店,地址：吉林省长春市南关区解放大路与吉顺街交汇,电话：0431-85075160,
吉林大药房药业股份有限公司康平街连锁店,地址：吉林省长春市朝阳区康平街与西安大路交汇处,电话：0431-85075149,
吉林大药房药业股份有限公司建政路连锁店,地址：吉林省长春市朝阳区东民主大街与建政路交汇处,电话：0431-81912662,
吉林大药房药业股份有限公司长春明珠连锁店,地址：吉林省长春市南关区卫星路与人民大街交汇处,电话：0431-85331507,
吉林大药房药业股份有限公司中海水岸春城连锁店,地址：吉林省长春市净月区临河街与世荣路交汇处,电话：0431-85912591,
吉林大药房药业股份有限公司卫光街连锁店,地址：吉林省长春市朝阳区卫光街与繁荣路交汇处,电话：0431-85076356,
吉林大药房药业股份有限公司威尼斯连锁店,地址：吉林省长春市朝阳区繁荣路1111号,电话：0431-85076032,
吉林大药房药业股份有限公司富奥连锁店,地址：吉林省长春市净月开发区彩宇大街与世光路交汇处,电话：0431-85075141,
吉林大药房药业股份有限公司新城大街连锁店,地址：吉林省长春市净月区净月区新城大街2888号,电话：0431-81912696,
吉林大药房药业股份有限公司华大天朗连锁店,地址：吉林省长春市宽城区小南街道口,电话：0431-81912632,
吉林大药房药业股份有限公司园丁花园连锁店,地址：吉林省长春市净月区临河街6966号,电话：0431-85076325,
吉林大药房药业股份有限公司博硕路连锁店,地址：吉林省长春市净月区永安场一号楼102室,电话：无,
吉林大药房药业股份有限公司扶贫市场连锁店,地址：吉林省长春市宽城区长新街20号,电话：0431-85076322,
吉林大药房药业股份有限公司温馨花园连锁店,地址：吉林省长春市宽城区北亚泰大街与天光路交汇处,电话：0431-81912615,
吉林大药房药业股份有限公司卫星路连锁店,地址：吉林省长春市南关区长春市南关区幸福街21号,电话：0431-85076022,
吉林大药房药业股份有限公司健民街连锁店,地址：吉林省长春市南关区我的家园38号楼,电话：0431-85075147,
吉林大药房药业股份有限公司银湖柳苑连锁店,地址：吉林省长春市净月开发区临河街与世荣路交汇处,电话：0431-85075145,
吉林大药房药业股份有限公司凯旋路连锁店,地址：吉林省长春市宽城区凯旋路与长新街交汇处,电话：0431-85075083,
吉林大药房药业股份有限公司兴业街连锁店,地址：吉林省长春市宽城区北亚泰大街与一匡街交汇处,电话：0431-85076311,
吉林大药房药业股份有限公司钻石礼都连锁店,地址：吉林省长春市宽城区一匡街与北亚泰大街交汇处,电话：0431-81912635,
吉林大药房药业股份有限公司美印雅苑连锁店,地址：吉林省长春市宽城区东天光路与利国街交汇处,电话：0431-85076321,
吉林大药房药业股份有限公司泰山路连锁店,地址：吉林省长春市经开区萧山街与泰山路交汇处,电话：0431-85076328,
吉林大药房药业股份有限公司长大连锁店,地址：吉林省长春市南关区南关区新城小区1栋11门,电话：0431-85076020,
吉林大药房药业股份有限公司宽府路连锁店,地址：吉林省长春市宽城区北亚泰大街与宽府路交汇处,电话：无,
吉林大药房药业股份有限公司繁荣路连锁店,地址：吉林省长春市南关区繁荣路与亚泰大街交汇处,电话：0431-85300759,
吉林大药房药业股份有限公司九台路连锁店,地址：吉林省长春市宽城区一匡街与九台路交汇处,电话：无,
吉林大药房药业股份有限公司凯旋花园连锁店,地址：吉林省长春市宽城区凯旋路46号,电话：无,
吉林大药房药业股份有限公司一匡街连锁店,地址：吉林省长春市宽城区康泰花园二道沟街,电话：0431-85076317,
吉林大药房药业股份有限公司北亚泰大街连锁店,地址：吉林省长春市宽城区北亚泰大街与长新街交汇,电话：0431-85076320,
吉林大药房药业股份有限公司育新连锁店,地址：吉林省长春市宽城区亚泰大街与黑水路交汇处,电话：0431-85075112,
吉林大药房药业股份有限公司铁北二路连锁店,地址：吉林省长春市宽城区亚泰大街与铁北二路交汇处,电话：0431-85076265,
吉林大药房药业股份有限公司光谷大街连锁店,地址：吉林省长春市朝阳区湖光路与电台街交汇春铁金郡湾50号楼06号,电话：0431-81913319,
吉林大药房药业股份有限公司团山小区连锁店,地址：吉林省长春市宽城区团山小区,电话：0431-81912684,
吉林大药房药业股份有限公司剑桥园连锁店,地址：吉林省长春市高新区高新开发区剑桥园小区10栋119,电话：0431-81912697,
吉林大药房药业股份有限公司星宇小区连锁店,地址：吉林省长春市绿园区西安大路与翔运街交汇555号,电话：0431-81912672,
吉林大药房药业股份有限公司前进大街连锁店,地址：吉林省长春市朝阳区前进大街与湖光路交汇处,电话：0431-85075996,
吉林大药房药业股份有限公司修正路连锁店,地址：吉林省长春市高新区前进大街与修正路交汇处,电话：0431-85076218,
吉林大药房药业股份有限公司朝阳桥连锁店,地址：吉林省长春市绿园区皓月大路与翔运街交汇处,电话：0431-85075136,
吉林大药房药业股份有限公司大通连锁店,地址：吉林省长春市朝阳区繁荣路与南湖新村中街交汇处,电话：0431-85076009,
吉林大药房药业股份有限公司名仕花园连锁店,地址：吉林省长春市朝阳区朝阳区西开运街车城名仕花园二期,电话：0431-85075937,
吉林大药房药业股份有限公司春城皓月连锁店,地址：吉林省长春市绿园区春城大街与皓月大路交汇处,电话：无,
吉林大药房药业股份有限公司文庭雅苑连锁店,地址：吉林省长春市朝阳区繁荣路与前进大街交汇处,电话：0431-85076077,
吉林大药房药业股份有限公司春城锦江连锁店,地址：吉林省长春市绿园区春城大街与景阳大路交汇处,电话：0431-81912610,
吉林大药房药业股份有限公司翔运街连锁店,地址：吉林省长春市绿园区绿园区翔运街1368号,电话：0431-85075117,
吉林大药房药业股份有限公司南湖新村连锁店,地址：吉林省长春市朝阳区南湖新村与南湖大路交汇处,电话：0431-85076005,
吉林大药房药业股份有限公司泰来街连锁店,地址：吉林省长春市绿园区长春市绿园区泰来街金泰家园9栋3单元,电话：0431-81912661,
吉林大药房药业股份有限公司德惠路连锁店,地址：吉林省长春市朝阳区德惠路与清河街交汇处,电话：0431-85075957,
吉林大药房药业股份有限公司普阳街连锁店,地址：吉林省长春市绿园区普阳街与皓月大路交汇处,电话：无,
吉林大药房药业股份有限公司万福街连锁店,地址：吉林省长春市绿园区万福街与皓月大路交汇处,电话：0431-85076362,
吉林大药房药业股份有限公司建设街街连锁店,地址：吉林省长春市朝阳区建设街与南昌路交汇处,电话：0431-85075133,
吉林大药房药业股份有限公司金街连锁店,地址：吉林省长春市宽城区鑫源大厦5\/6栋1单元13号,电话：0431-85075047,
吉林大药房药业股份有限公司慈光路连锁店,地址：吉林省长春市朝阳区安达街与慈光路交汇处,电话：无,
吉林大药房药业股份有限公司长白路连锁店,地址：吉林省长春市宽城区长白路长江大酒店旁,电话：0431-85076368,
吉林大药房药业股份有限公司北站连锁店,地址：吉林省长春市宽城区凯旋路与铁北二路交汇处,电话：0431-81912629,
吉林大药房药业股份有限公司汉口大街连锁店,地址：吉林省长春市宽城区汉口大街路口,电话：0431-85075113,
吉林大药房药业股份有限公司金玉良园连锁店,地址：吉林省长春市宽城区凯旋路与铁北二路交汇处,电话：0431-85076361,
吉林大药房药业股份有限公司吉达花园连锁店,地址：吉林省长春市绿园区普阳街与皓月大路交汇处中国检验检疫局对面,电话：无,
吉林大药房药业股份有限公司春天花园连锁店,地址：吉林省长春市绿园区青年路与台北大街交汇处,电话：0431-85076319,
吉林大药房药业股份有限公司南京大街连锁店,地址：吉林省长春市宽城区南京大街与天津路交汇处,电话：无,
吉林大药房药业股份有限公司锦西路连锁店,地址：吉林省长春市绿园区锦西路与春城大街交汇处,电话：无,
吉林大药房药业股份有限公司风华新苑连锁店,地址：吉林省长春市绿园区青萍路,电话：0431-81912679,
吉林大药房药业股份有限公司铁西街连锁店,地址：吉林省长春市绿园区铁西街58号,电话：0431-85075132,
吉林大药房药业股份有限公司东广场连锁店,地址：吉林省长春市宽城区黄河路与亚泰大街交汇,电话：0431-85075110,
吉林大药房药业股份有限公司西安桥连锁店,地址：吉林省长春市朝阳区西安大路与建设街交汇处,电话：0431-85075159,
吉林大药房药业股份有限公司民丰街连锁店,地址：吉林省长春市二道区东盛大街与岭东路交汇处,电话：0431-87058453,
吉林大药房药业股份有限公司珠江路连锁店,地址：吉林省长春市宽城区珠江路318号,电话：0431-81912516,
吉林大药房药业股份有限公司万龙名城连锁店,地址：吉林省长春市二道区吉林大路与和顺街交汇处,电话：无,
吉林大药房药业股份有限公司吉林大路连锁店,地址：吉林省长春市二道区吉林大路1881号,电话：0431-85075092,
吉林大药房药业股份有限公司天富家园连锁店,地址：吉林省长春市二道区公平路与东盛大街交汇处,电话：0431-85075093,
吉林大药房药业股份有限公司荣光路连锁店,地址：吉林省长春市二道区二道区滨河东区714栋,电话：0431-85075088,
吉林大药房药业股份有限公司太和街连锁店,地址：吉林省长春市二道区东荣大路与太和街交汇处,电话：0431-81912636,
吉林大药房药业股份有限公司品格连锁店,地址：吉林省长春市二道区和顺三条与岭东路交汇处,电话：0431-85075096,
吉林大药房药业股份有限公司劳动公园连锁店,地址：吉林省长春市二道区岭东路489号,电话：0431-85075080,
吉林大药房药业股份有限公司鲁辉国际连锁店,地址：吉林省长春市二道区远达大街与同康路交汇处,电话：0431-85076620,
吉林大药房药业股份有限公司和顺街连锁店,地址：吉林省长春市二道区和顺街与阜丰路交汇处,电话：0431-85075085,
吉林大药房药业股份有限公司东五马路连锁店,地址：吉林省长春市南关区东五马路与亚泰大街交汇处,电话：0431-85075356,
吉林大药房药业股份有限公司阜丰路连锁店,地址：吉林省长春市二道二道区柴油机宿舍,电话：0431-81912527,
吉林大药房药业股份有限公司高格蓝湾连锁店,地址：吉林省长春市二道区吉林大路于临河街交汇处,电话：0431-81912676,
吉林大药房药业股份有限公司吉盛小区连锁店,地址：吉林省长春市二道区东盛大街与安乐路交汇,电话：0431-84976022,
吉林大药房药业股份有限公司五马路连锁店,地址：吉林省长春市南关区五马路与大经路交汇处,电话：0431-85075897,
吉林大药房药业股份有限公司二三小区连锁店,地址：吉林省长春市南关区四道街与大马路交汇处,电话：0431-85076365,
吉林大药房药业股份有限公司水景阁连锁店,地址：吉林省长春市二道区二道区惠公路虹桥水景阁4\/7\/8\/10栋5单元113号,电话：0431-81912609,
吉林大药房药业股份有限公司中环小区连锁店,地址：吉林省长春市南关区亚泰大街与东三马路交汇处,电话：0431-85075951,
吉林大药房药业股份有限公司大马路连锁店,地址：吉林省长春市南关区大马路与三道街交汇处,电话：0431-85076623,
吉林大药房药业股份有限公司惠公路连锁店,地址：吉林省长春市南关区东天街1号,电话：0431-85075131,
吉林大药房药业股份有限公司陕西路连锁店,地址：吉林省长春市宽城区陕西路3号楼1区门市,电话：0431-85075953,
吉林大药房药业股份有限公司永春路连锁店,地址：吉林省长春市南关区永春路与西五马路交汇处,电话：0431-85075920,
吉林大药房药业股份有限公司东天街连锁店,地址：吉林省长春市南关区东天街与桃源路交汇处,电话：0431-85075130,
吉林大药房药业股份有限公司东大桥连锁店,地址：吉林省长春市南关区南关区长通路125号,电话：0431-85075121,
吉林大药房药业股份有限公司四马路连锁店,地址：吉林省长春市南关区大经路47号,电话：0431-85000000,
吉林大药房药业股份有限公司四道街连锁店,地址：吉林省长春市南关区大经路与西四道街交汇处,电话：0431-85075943,
吉林大药房药业股份有限公司欧亚卖场连锁店,地址：吉林省长春市朝阳区欧亚卖场12号,电话：0431-85685459,
吉林大药房药业股份有限公司汽四区连锁店,地址：吉林省长春市汽车产业开发区安庆路与支农大街交汇处,电话：无,
吉林大药房药业股份有限公司格林春天连锁店,地址：吉林省长春市汽车产业开发区长沈公路与兴顺路交汇处,电话：无,
吉林大药房药业股份有限公司佳园路连锁店,地址：吉林省长春市高新区高新区佳园路怡众名城5栋103,电话：0431-85076359,
吉林大药房药业股份有限公司一汽家园连锁店,地址：吉林省长春市汽车产业开发区支农大街与双峰东路交汇处,电话：0431-85075938,
吉林大药房药业股份有限公司兴顺花园连锁店,地址：吉林省长春市汽车厂区兴顺路1111号,电话：0431-81912657,
吉林大药房药业股份有限公司咖啡小镇连锁店,地址：吉林省长春市高新区飞跃路与光谷大街交汇咖啡小镇66-67公建120号,电话：0431-81912535,
吉林大药房药业股份有限公司车城名仕连锁店,地址：吉林省长春市汽车厂区四联大街与西环城路交汇处,电话：0431-85075929,
吉林大药房药业股份有限公司三佳新村连锁店,地址：吉林省长春市高新开发区硅谷大街和佳园路交汇,电话：无,
吉林大药房药业股份有限公司解放花园连锁店,地址：吉林省长春市绿园区绿园区解放花园小区94号门市,电话：0431-85075940,
吉林大药房药业股份有限公司汽三区连锁店,地址：吉林省长春市汽车厂区杨柳大街与飞越路交汇处,电话：0431-85075925,
吉林大药房药业股份有限公司自强街连锁店,地址：吉林省长春市南关区平治街34号,电话：0431-85075949,
吉林大药房药业股份有限公司金色欧城连锁店,地址：吉林省长春市汽车厂双丰东路金色欧城C区,电话：无,
吉林大药房药业股份有限公司芙蓉路连锁店,地址：吉林省长春市宽城区长春市宽城区西三条757号,电话：0431-85075900,
吉林大药房药业股份有限公司亚泰金育连锁店,地址：吉林省长春市南关区吉林亚泰富苑购物中心有限公司人民广场分公司富苑金育,电话：无,
吉林大药房药业股份有限公司崇智路连锁店,地址：吉林省长春市朝阳区重庆路沃尔玛超市1楼,电话：0431-85075153,
吉林大药房药业股份有限公司文化胡同连锁店,地址：吉林省长春市朝阳区文化胡同12号,电话：0431-85075916,
吉林大药房药业股份有限公司百菊连锁店,地址：吉林省长春市朝阳区建设街与白菊路交汇处,电话：0431-85075898,
吉林大药房药业股份有限公司三道街连连锁店,地址：吉林省长春市南关区西三道街与大经路交汇460号,电话：0431-85076369,
吉林大药房药业股份有限公司亚泰富苑连锁店,地址：吉林省长春市南关区长春市南关区重庆路618号,电话：0431-81912633,
吉林大药房药业股份有限公司二院连锁店,地址：吉林省长春市南关区吉大二院对面,电话：0431-85075887,
吉林大药房药业股份有限公司民康路连锁店,地址：吉林省长春市南关区民康路老东海大酒店,电话：0431-81912590,
吉林大药房药业股份有限公司建和街连锁店,地址：吉林省长春市朝阳区建和街136号,电话：0431-81912683,
吉林大药房药业股份有限公司圈楼连锁店,地址：吉林省长春市南关区近阜街重庆胡同36号,电话：0431-85075896,
吉林大药房药业股份有限公司人民大街连锁店,地址：吉林省长春市南关区人民大街天天手机楼下2076号,电话：0431-85075907,
吉林大药房药业股份有限公司湖西路连锁店,地址：吉林省长春市朝阳区湖西路与进化街交汇处,电话：0431-85076010,
吉林大药房药业股份有限公司西四道街连锁店,地址：吉林省长春市南关区西四道街与民康路交汇处,电话：无,
吉林大药房药业股份有限公司西朝阳连锁店,地址：吉林省长春市朝阳区朝阳市场工程3-1厅,电话：0431-85075055,
吉林大药房药业股份有限公司长影连锁店,地址：吉林省长春市朝阳区红旗街与湖西路交汇处,电话：0431-85076357,
吉林大药房药业股份有限公司开运街连锁店,地址：吉林省长春市朝阳区开运街开运小区2号楼,电话：0431-85075061,
吉林大药房药业股份有限公司盛世名城连锁店,地址：吉林省长春市绿园区普阳街与景阳大路交汇处交通指挥中心后侧,电话：无,
吉林大药房药业股份有限公司富锦路连锁店,地址：吉林省长春市朝阳区红旗街与和光胡同交汇处,电话：0431-85075057,
吉林大药房药业股份有限公司德昌路连锁店,地址：吉林省长春市朝阳区红旗街德昌路25号,电话：0431-81912558,
吉林大药房药业股份有限公司红旗商城连锁店,地址：吉林省长春市朝阳区红旗街与和光路交汇处,电话：无,
吉林大药房药业股份有限公司宽平大路连锁店,地址：吉林省长春市朝阳区宽平大路与红旗街交汇处,电话：0431-85076627,
吉林大药房药业股份有限公司时代连锁店,地址：吉林省长春市朝阳区红旗街德昌路2号楼,电话：0431-85075065,
吉林大药房药业股份有限公司昌平街连锁店,地址：吉林省长春市朝阳区西中华路与昌平街交汇处,电话：0431-85075071,
吉林大药房药业股份有限公司工农大路连锁店,地址：吉林省长春市朝阳区工农大路与富锦路交汇处,电话：0431-85075880,
吉林大药房药业股份有限公司正阳街连锁店,地址：吉林省长春市绿园区普阳街与正阳街交汇,电话：0431-85075991,
吉林大药房药业股份有限公司文化广场连锁店,地址：吉林省长春市朝阳区解放大路127-3号,电话：0431-88580201,
吉林大药房药业股份有限公司重庆路连锁店,地址：吉林省长春市朝阳区重庆路与文化街交汇处,电话：0431-85075886,
吉林大药房药业股份有限公司二道连锁店,地址：吉林省长春市二道区吉林大路1888号,电话：无,
吉林大药房药业股份有限公司红旗街连锁店,地址：吉林省长春市朝阳区红旗街亚细亚旁巴黎春天对面,电话：无,
长春同康连锁药业有限公司长新街店,地址：吉林省长春市宽城区北亚泰大街与长新街交汇处包豪斯小区门市,电话：无,
