宣城市言午氏药店桃州路店,地址：安徽省宣城市广德县桃州镇桃州南路东B1-2号,电话：0563-6026508,
宣城市言午氏药店团结店,地址：安徽省宣城市广德县桃州镇横山中路A1--10号,电话：0563-6015918,
宣城市言午氏药店广德台客隆店,地址：安徽省宣城市广德县桃州路20号台客隆超市内,电话：0563-6038883,
宣城市言午氏药店鸿福店,地址：安徽省宣城市宣州区梅溪路东方润园1、2幢1-1号,电话：0563-2020138,
宣城市言午氏药店康林一店,地址：安徽省宣城市宣州区向阳路以南贝林.阳江港湾7幢2室,电话：0563-3959366,
宣城市言午氏药店中山路店,地址：安徽省宣城市宣州区中山路北侧观塘小区7幢9-10室,电话：0563-2827055,
宣城市言午氏药店南门店,地址：安徽省宣城市区晏公桥小区2幢7号,电话：0563-3017277,
宣城市言午氏药店府山店,地址：安徽省宣城市区府山广场台客隆超市内,电话：0563-2831630,
宣城市言午氏药店广德万象店,地址：安徽省宣城市广德县桃州镇桃州南路东侧茗桂小区E区4号楼7.8.9号营业房,电话：0563-6966661,
宣城市言午氏药店统华店,地址：安徽省宣城市宣州区叠嶂西路12号负一层,电话：0563-2512601,
宣城市言午氏药店西林社区店,地址：安徽省宣城市区西林小区1栋2-3号,电话：0563-3018900,
宣城市言午氏药店国泰店,地址：安徽省宣城市区青年路西工行商住楼9号,电话：0563-2830123,
宣城市言午氏药店安宁店,地址：安徽省宣城市区中山路状元北路叉口,电话：0563-3030719,
宣城市言午氏药店元宝街二店,地址：安徽省宣城市区元宝新村9幢101室,电话：0563-3010050,
宣城市言午氏药店中诚店,地址：安徽省宣城市宣州区锦城花园D-1-4和D-1-5门面房,电话：0563-2826500,
宣城市言午氏药店东门店,地址：安徽省宣城市区叠嶂东路21-22号,电话：0563-2822161,
宣城市言午氏药店双桥店,地址：安徽省宣城市宣州区双桥办事处街道双桥农村商业银行隔壁,电话：0563-3366256,
淮南市威康大药房陈庄店,地址：安徽省淮南市田家庵区江陈社区小陈庄,电话：0554-6668006,
淮南市威康大药房同济店,地址：安徽省淮南市潘集区长江中路南侧如意综合楼一层,电话：0554-4982188,
淮南市威康大药房信谊店,地址：安徽省淮南市田家庵区信谊四季城4号楼105号,电话：0554-6916588,
淮南市威康大药房现代花园店,地址：安徽省淮南市潘集区田集街道现代花园小区2栋101,102.,电话：0554-4976608,
淮南市威康大药房洞泉店,地址：安徽省淮南市田家庵区会战路清水湾19#101号,电话：0554-6685006,
淮南市威康大药房田集店,地址：安徽省淮南市潘集区田集乡田集村田集街东侧,电话：0554-4974188,
淮南市威康大药房河新城店,地址：安徽省淮南市田家庵区淮河新城S4楼109号,电话：0554-6916288,
淮南市威康大药房泥河店,地址：安徽省淮南市潘集区泥河镇车站南100米,电话：0554-4713013,
淮南市威康大药房宾馆路店,地址：安徽省淮南市田家庵区宾馆路37号,电话：0554-7625581,
淮南市威康大药房芦集店,地址：安徽省淮南市潘集区潘三矿矿南桥头50米,电话：0554-4336505,
淮南市威康大药房贺疃店,地址：安徽省淮南市潘集区贺疃乡贺疃村陇海路南侧,电话：0554-4215116,
淮南市威康大药房潘北新村店,地址：安徽省淮南市潘集区潘集镇潘北新村,电话：0554-4837608,
淮南市威康大药房架河店,地址：安徽省淮南市潘集区架河乡街道,电话：0554-4264228,
淮南市威康大药房长江东路店,地址：安徽省淮南市潘集区长江东路142号,电话：0554-4984188,
淮南市威康大药房九华山店,地址：安徽省淮南市潘集区九华山路111号,电话：0554-7631666,
淮南市威康大药房袁庄店,地址：安徽省淮南市潘集区长江路252号,电话：0554-4979966,
淮南市威康大药房舜耕店,地址：安徽省淮南市田家庵区人民南路舜耕新村03网点11-12号,电话：0554-2608288,
淮南市威康大药房洞山店,地址：安徽省淮南市田家庵区宾馆路77号,电话：0554-6657288,
安徽好心人药房十二里庙分店,地址：安徽省阜阳市颍州区王店镇十二里庙街南头,电话：无,
安徽好心人药房颍州区三塔镇分店,地址：安徽省阜阳市颍州区三塔镇南阳大道西侧,电话：无,
安徽好心人药房华佗金象分店,地址：安徽省阜阳市颍州区西湖镇华佗村华西,电话：无,
安徽好心人药房华佗华康分店,地址：安徽省阜阳市阜南县张寨华佗集9号,电话：无,
安徽好心人药房临泉县陈集镇分店,地址：安徽省阜阳市临泉县陈集街西段路南,电话：无,
安徽好心人药房颍泉区伍明镇分店,地址：安徽省阜阳市颍泉区伍明镇集南队114号,电话：无,
安徽好心人药房颍州区洄溜集分店,地址：安徽省阜阳市颍州区三十里铺洄溜集南头,电话：无,
安徽好心人药房乌江镇分店,地址：安徽省阜阳市颖东区乌江乡乌江村南大街,电话：无,
安徽好心人药房临泉县杨桥镇分店,地址：安徽省阜阳市临泉县杨桥镇老街行政村24号,电话：无,
安徽好心人药房十八里铺分店,地址：安徽省阜阳市经济开发区十八里铺街2号,电话：无,
安徽好心人药房老庙中心分店,地址：安徽省阜阳市颖东区老庙镇,电话：无,
安徽好心人药房三十里铺分店,地址：安徽省阜阳市颍州区三十里铺镇政府东100米路南,电话：无,
安徽好心人药房枣庄尹浩分店,地址：安徽省阜阳市颖东区枣庄集人民路66号,电话：无,
安徽好心人药房正午镇中心街分店,地址：安徽省阜阳市颖东区正午镇正午居委会中心街6号,电话：无,
安徽好心人药房阜阳市同泰分店,地址：安徽省阜阳市颍州区文峰东路366号,电话：无,
安徽好心人药房阜阳市三门集分店,地址：安徽省阜阳市颍泉区伍明镇三门街27号,电话：无,
安徽好心人药房阜阳市开发区分店,地址：安徽省阜阳市开发区商业街346M16商住楼001幢0105号,电话：0558-3683388,
安徽好心人药房阜阳市阜口路分店,地址：安徽省阜阳市颖东区袁寨镇临颍村蒋庄,电话：无,
安徽好心人药房黄庄社区分店,地址：安徽省阜阳市开发区经二路南段黄庄社区,电话：无,
安徽好心人药房冉庙马玉良分店,地址：安徽省阜阳市颖东区冉庙乡中心街东段乡政府对面,电话：无,
安徽好心人药房阜阳市王店镇分店,地址：安徽省阜阳市颍州区王店镇桃园路卫生院对面,电话：0558-3593388,
安徽好心人药房袁寨胡保健分店,地址：安徽省阜阳市袁寨中华街,电话：无,
安徽好心人药房零售连锁有限公司,地址：安徽省阜阳市陈周路铁路西18号,电话：0558-2213388,
马鞍山市川洋大药房连锁有限公司姑孰新城店,地址：安徽省马鞍山市当涂县城关镇姑孰路姑孰新城88#、89#,电话：0555-6742030,
马鞍山市川洋大药房连锁有限公司红旗中路店,地址：安徽省马鞍山市雨山区红旗中路平湖街道八村17栋底商,电话：0555-2620603,
马鞍山市川洋大药房连锁有限公司博洋店,地址：安徽省马鞍山市博望区博望镇紫金佳苑3栋103室,电话：0555-6768556,
马鞍山市川洋大药房连锁有限公司丹农店,地址：安徽省马鞍山市当涂县丹阳镇河东路43号,电话：0555-6918965,
马鞍山市川洋大药房连锁有限公司示范园店,地址：安徽省马鞍山市承接产业转移示范园区年陡镇年丰小区新街68号,电话：0555-6476904,
马鞍山市川洋大药房连锁有限公司东方翡翠店,地址：安徽省马鞍山市雨山区东方翡翠小区28栋103号 ,电话：0555-2382295 ,
马鞍山市川洋大药房连锁有限公司师苑小学店,地址：安徽省马鞍山市花园路4栋底商1-15,电话：0555-8364068,
马鞍山市川洋大药房连锁有限公司黄山小区店,地址：安徽省马鞍山市当涂姑孰镇黄山花园小区6号门市,电话：0555-6612157,
马鞍山市川洋大药房连锁有限公司金瑞店,地址：安徽省马鞍山市市金家庄区金瑞新城二村9-108,电话：0555-3550231,
马鞍山市川洋大药房连锁有限公司秀山店,地址：安徽省马鞍山市花山区秀山湖壹号公馆2栋105室,电话：0555-2211238,
马鞍山市川洋大药房连锁有限公司太白佳苑店,地址：安徽省马鞍山市当涂县太白镇太白佳苑2栋7号,电话：0555-6812724,
马鞍山市川洋大药房连锁有限公司藏汉店,地址：安徽省马鞍山市当涂姑孰镇藏汉皇秀苑小区门面房,电话：0555-6737759,
马鞍山市川洋大药房连锁有限公司钢城花园店,地址：安徽省马鞍山市钢城花园1村41-3-4底商,电话：0555-2213759,
马鞍山市川洋大药房连锁有限公司马桥店,地址：安徽省马鞍山市当涂县石桥镇马桥街道,电话：0555-6251353,
马鞍山市川洋大药房连锁有限公司为民店,地址：安徽省马鞍山市当涂县乌溪镇街道新建路,电话：0555-6782358,
马鞍山市川洋大药房连锁有限公司西湖花园店,地址：安徽省马鞍山市花山区东晖路1-101,电话：0555-2455223,
马鞍山市川洋大药房连锁有限公司和县超市店,地址：安徽省马鞍山市和县苏果超市,电话：0555-5328281,
马鞍山市川洋大药房连锁有限公司五区店,地址：安徽省马鞍山市雨山区西苑路22栋103号底商,电话：0555-2318659,
马鞍山市川洋大药房连锁有限公司茂源店,地址：安徽省马鞍山市当涂县太白镇太白街道（太白中学对面）,电话：0555-6686276,
马鞍山市川洋大药房连锁有限公司西塘路店,地址：安徽省马鞍山市天泽水岸9栋103室,电话：0555-3509772,
马鞍山市川洋大药房连锁有限公司尚景苑店,地址：安徽省马鞍山市尚景苑6栋6-7-8室,电话：0555-3503898,
马鞍山市川洋大药房连锁有限公司博佳店,地址：安徽省马鞍山市博望区博望镇春江花月园7-48、7-50,电话：0555-6769547,
马鞍山市川洋大药房连锁有限公司焦家店,地址：安徽省马鞍山市当涂焦家开发区济美路61-62,电话：0555-6729870,
马鞍山市川洋大药房连锁有限公司大陇店,地址：安徽省马鞍山市当涂县大陇新街81号,电话：0555-6271712,
马鞍山市川洋大药房连锁有限公司湖西北路店,地址：安徽省马鞍山市雨山区湖西北路1号（西苑小区对面）,电话：0555-3503020,
马鞍山市川洋大药房连锁有限公司兰馨佳苑店,地址：安徽省马鞍山市兰馨佳苑3栋102-103号,电话：0555-2382729,
马鞍山市川洋大药房连锁有限公司博南店,地址：安徽省马鞍山市博望区博望镇平桥杨家甸1号,电话：0555-6763237,
马鞍山市川洋大药房连锁有限公司博星店,地址：安徽省马鞍山市当涂县博望镇建设中路农行斜对面,电话：0555-6765562,
马鞍山市川洋大药房连锁有限公司新博店,地址：安徽省马鞍山市博望区博望镇新博粮站新楼门面房,电话：0555-6065501,
马鞍山市川洋大药房连锁有限公司东大街店,地址：安徽省马鞍山市当涂县姑孰镇三条巷一号门面房,电话：0555-6716752,
马鞍山市川洋大药房连锁有限公司印山路店,地址：安徽省马鞍山市春江雅苑17栋104-105号,电话：0555-2386729,
马鞍山市川洋大药房连锁有限公司望江路店,地址：安徽省马鞍山市和县望江路208号,电话：0555-5305078,
马鞍山市川洋大药房连锁有限公司亭头店,地址：安徽省马鞍山市当涂县黄池镇亭头街道,电话：0555-6128486,
马鞍山市川洋大药房连锁有限公司兴永店,地址：安徽省马鞍山市当涂县兴永街道,电话：0555-6133959,
马鞍山市川洋大药房连锁有限公司博环路店,地址：安徽省马鞍山市博望区博望镇敬民路与南环路交叉口,电话：0555-2333888,
马鞍山市川洋大药房连锁有限公司万嘉颐园店,地址：安徽省马鞍山市万嘉颐园五村20栋102#,电话：0555-2467721,
马鞍山市川洋大药房连锁有限公司南山矿店,地址：安徽省马鞍山市雨山区向山镇平南三村80栋一层,电话：0555-3158955,
马鞍山市川洋大药房连锁有限公司石中店,地址：安徽省马鞍山市当涂县石桥镇中心街23号,电话：0555-6213397,
马鞍山市川洋大药房连锁有限公司新丰店,地址：安徽省马鞍山市当涂县新丰供销社办公楼,电话：0555-6582601,
马鞍山市川洋大药房连锁有限公司博联店,地址：安徽省马鞍山市当涂县博望镇南环路世纪联华超市,电话：0555-6763411,
马鞍山市川洋大药房连锁有限公司湖南路店,地址：安徽省马鞍山市荷西嘉园11栋105号,电话：0555-2365895,
马鞍山市川洋大药房连锁有限公司护河店,地址：安徽省马鞍山市当涂县护河镇护新路（护河中学旁）,电话：0555-6792706,
马鞍山市川洋大药房连锁有限公司石桥店,地址：安徽省马鞍山市当涂县石桥镇街道,电话：0555-6213037,
马鞍山市川洋大药房连锁有限公司轻工新村店,地址：安徽省马鞍山市花山区轻工新村5栋,电话：0555-2482531,
马鞍山市川洋大药房连锁有限公司査湾店,地址：安徽省马鞍山市承接转移示范园区年陡镇查湾街道,电话：0555-6411965,
马鞍山市川洋大药房连锁有限公司博望店,地址：安徽省马鞍山市博望区博望镇老314省道南侧桥西路中段,电话：0555-6760551,
马鞍山市川洋大药房连锁有限公司年陡店,地址：安徽省马鞍山市承接转移示范园区年陡镇年陡新街,电话：0555-6476584,
马鞍山市川洋大药房连锁有限公司湖西路店,地址：安徽省马鞍山市雨山区湖西路集贸市场,电话：0555-2328195,
马鞍山市川洋大药房连锁有限公司黄池店,地址：安徽省马鞍山市当涂县黄池镇步行街,电话：0555-6193501,
马鞍山市川洋大药房连锁有限公司大华国际广场店,地址：安徽省马鞍山市花山区大华国际广场AH-03,电话：0555-2354740,
马鞍山市川洋大药房连锁有限公司姑孰中路店,地址：安徽省马鞍山市当涂县姑孰镇姑孰中路687-689号,电话：0555-6740220,
马鞍山市川洋大药房连锁有限公司健康路店,地址：安徽省马鞍山市健康路八队新村,电话：0555-2476836,
马鞍山市川洋大药房连锁有限公司米井巷店,地址：安徽省马鞍山市当涂姑孰镇大城坊米井巷87号,电话：0555-6748175,
马鞍山市川洋大药房连锁有限公司丹阳店,地址：安徽省马鞍山市当涂县丹阳镇粮站门面房,电话：0555-6915643,
马鞍山市川洋大药房连锁有限公司梅园店,地址：安徽省马鞍山市梅园新村28栋2号底商,电话：0555-2472366,
马鞍山市川洋大药房连锁有限公司乌溪店,地址：安徽省马鞍山市当涂县乌溪镇振兴路中段,电话：0555-6781258,
马鞍山市川洋大药房连锁有限公司师苑店,地址：安徽省马鞍山市花山区名雅居8栋108-1号,电话：0555-8363073,
马鞍山市川洋大药房连锁有限公司佳山店,地址：安徽省马鞍山市花山区大北庄92-5号,电话：0555-2347733,
马鞍山市川洋大药房连锁有限公司新市店,地址：安徽省马鞍山市博望区新市镇中瑞门面房居委会新街10-2号,电话：0555-6141317,
马鞍山市川洋大药房连锁有限公司采秣店,地址：安徽省马鞍山市生化新村8栋101号,电话：0555-8364073,
马鞍山市川洋大药房连锁有限公司花园路店,地址：安徽省马鞍山市瑞祥家园1号楼108号底商,电话：0555-2771228,
马鞍山市川洋大药房连锁有限公司太白店,地址：安徽省马鞍山市当涂县太白镇太白街道,电话：0555-6682010,
马鞍山市川洋大药房连锁有限公司联华店,地址：安徽省马鞍山市红旗南路上海联华超市内,电话：0555-2211049,
马鞍山市川洋大药房连锁有限公司当涂店,地址：安徽省马鞍山市当涂县焦家开发区中段,电话：0555-6743786,
马鞍山市川洋大药房连锁有限公司马军寨店,地址：安徽省马鞍山市当涂县姑孰镇马军寨路150号,电话：0555-6748172,
马鞍山市川洋大药房连锁有限公司关马店,地址：安徽省马鞍山市当涂县姑孰镇关马村,电话：0555-6863347,
马鞍山市川洋大药房连锁有限公司金字塘店,地址：安徽省马鞍山市金家庄区紫金花园12栋101-102,电话：0555-2822878,
马鞍山市川洋大药房连锁有限公司姑山矿店,地址：安徽省马鞍山市当涂县太白镇双梅马坟村15号,电话：0555-6671742,
马鞍山市川洋大药房连锁有限公司花和佳苑店,地址：安徽省马鞍山市花山区湖北东路16号1-101,电话：0555-2815486,
马鞍山市川洋大药房连锁有限公司湖东南路店,地址：安徽省马鞍山市花山区康嘉大景城6-42,电话：0555-8363745,
马鞍山市川洋大药房连锁有限公司龙山桥店,地址：安徽省马鞍山市当涂县太白镇新风街66号门面房,电话：0555-6674654,
马鞍山市川洋大药房紫霞店,地址：安徽省马鞍山市花山区珍珠园七村17栋,电话：0555-2353999,
马鞍山市川洋大药房连锁有限公司艳阳路店,地址：安徽省马鞍山市艳阳路1-4-5,电话：0555-2336177,
马鞍山市川洋大药房连锁有限公司塘南店,地址：安徽省马鞍山市当涂县塘南镇街道,电话：0555-6130840,
马鞍山市川洋大药房连锁有限公司采石店,地址：安徽省马鞍山市雨山区采石芦场小区路,电话：0555-2103698,
马鞍山市川洋大药房连锁有限公司梨苑店,地址：安徽省马鞍山市梨苑新村2栋7-8号,电话：0555-2342218,
马鞍山市川洋大药房连锁有限公司红星店,地址：安徽省马鞍山市花山区红星村31栋,电话：0555-2485038,
合肥德胜药房,地址：安徽省合肥市庐阳区阜阳路与沿河路交口北10米,电话：0551-655252315,
合肥德顺大药房有限公司,地址：安徽省合肥市长江东路1137号安徽圣达国际商贸中心,电话：0551-64693335,
合肥市普德堂大药房有限公司,地址：安徽省合肥市庐阳区宿州路8号商之都负一楼,电话：0551-62629211,
周边药店优化店铺刘翔专用的测试店铺,地址：学院路35号 世宁大厦,电话：无,
六安市平安医药连锁有限公司霍山九店,地址：安徽省六安市霍山县衡山镇诸佛庵中路南潭苑小区29-18号,电话：0564-5103861,
六安市平安医药连锁有限公司梅山华润店,地址：安徽省六安市金寨县梅山镇史河路县委党校北20米,电话：0564-7063608,
六安市平安医药连锁有限公司霍山八店,地址：安徽省六安市霍山县迎驾大道金圆华都2幢108门面,电话：0564-5566080,
六安市平安医药连锁有限公司梅山新桥店,地址：安徽省六安市金寨县梅山镇梅南路,电话：0564-7066306,
六安市平安医药连锁有限公司皖西路店,地址：安徽省六安市皖西路华安新宇1号门面,电话：0564-3218875,
六安市平安医药连锁有限公司霍山六店,地址：安徽省六安市霍山县文峰北路178号附103号门面,电话：0564-5566030,
六安市平安医药连锁有限公司梅山好又多店,地址：安徽省六安市金寨县梅山镇史河路中段（好又多超市内）,电话：0564-7067206,
六安市平安医药连锁有限公司霍山五店,地址：安徽省六安市霍山县大地花园商3幢9-10号门面,电话：0564-5031050,
六安市平安医药连锁有限公司金寨新城总店,地址：安徽省六安市金寨县新城顾梅路凤城小区23号楼1—3号,电话：0564-7353306,
六安市平安医药连锁有限公司霍山四店,地址：安徽省六安市霍山县南岳东路惠民小区安置房3、4号门面,电话：0564-5105756,
六安市平安医药连锁有限公司天盈星城店,地址：安徽省六安市佛子岭路55号104-106铺位,电话：0564-3382880,
六安市平安医药连锁有限公司霍山三店,地址：安徽省六安市霍山县迎驾大道县医院门诊部对门面18-19门面,电话：0564-5105796,
六安市平安医药连锁有限公司商之都店,地址：安徽省六安市解放路徽商小区16、17号,电话：0564-3279986,
六安市平安医药连锁有限公司霍山二店,地址：安徽省六安市霍山县衡山镇嘉星城5号楼101、102商铺,电话：0564-5105786,
六安市平安医药连锁有限公司星汇苑店,地址：安徽省六安市解放北路星汇苑小区3号楼,电话：0564-3681186,
六安市平安医药连锁有限公司霍山一店,地址：安徽省六安市霍山县衡山镇迎驾大道（大圆盘西侧）,电话：0564-5105776,
六安市平安医药连锁有限公司人民路店,地址：安徽省六安市人民路阳光威尼斯北区41号楼102铺,电话：0564-3316456,
六安市平安医药连锁有限公司叶集一店,地址：安徽省六安市叶集改革试验区史河路好又多超市一楼,电话：0564-6368678,
六安市平安医药连锁有限公司东城店,地址：安徽省六安市开发区纬三路东都雅苑32幢116号门面,电话：0564-3341018,
六安市平安医药连锁有限公司北塔店,地址：安徽省六安市解放北路金城华庭1号楼108门面,电话：0564-3231183,
先声再康药业铜陵笔架山药店,地址：安徽省铜陵市笔架山路88号,电话：0562-2885616,
先声再康药业安庆菱湖南路店,地址：安徽省安庆市迎江区菱南路商住楼一层1室（南1、2、3室）,电话：0556-8766006,
先声再康药业安庆任家坡药店,地址：安徽省安庆市王府小区2-14二楼,电话：0556-8761800,
先声再康药业安庆回祥路药店,地址：安徽省安庆市回祥新村综合楼2-14号,电话：0556-5501112,
先声再康药业安庆纺织南路药店,地址：安徽省安庆市纺织南路42-44号,电话：0556-5501579,
安徽立方连锁药房文昌路店,地址：安徽省合肥市庐江县庐城镇育才花园10栋128-129室,电话：0551-65981027,
安徽立方连锁药房金色池塘店,地址：安徽省合肥市樊洼路金色池塘小区三期3D-28号商铺,电话：0551-65328318,
安徽立方连锁药房二院店,地址：安徽省合肥市铜陵路与大通路交口万和新城广场,电话：0551-65981704,
安徽立方连锁药房阜阳北路店,地址：安徽省合肥市阜阳北路与龙潭桥路交口阳光帝景小区商铺(阜阳北路400号）,电话：0551-65524311,
安徽立方连锁药房怀宁路店,地址：安徽省合肥市蜀山区大溪地现代城商住楼106号门面,电话：0551-65981411,
安徽立方连锁药房龙泉西路店,地址：安徽省合肥市肥东县龙泉西路原老仪表厂西侧三间门面,电话：0551-67755611,
安徽立方连锁药房杏林花园店,地址：安徽省合肥市阜阳路杏林花园北区33栋108号（阜阳路与固镇陆交口往东）,电话：0551-65538637,
安徽立方连锁药房淝河路店,地址：安徽省合肥市包河区铜陵路与淝河路交口,电话：0551-67688696,
安徽立方连锁药房龙泉东路店,地址：安徽省合肥市肥东县店埠镇定光居委会定西村民组,电话：0551-67720711,
安徽立方连锁药房三里街店,地址：安徽省合肥市长江东路855号1栋108室,电话：0551-64231063,
安徽立方连锁药房合裕路店,地址：安徽省合肥市唐桥钢材市场37、38、39门面（红旗建材市场正对面）,电话：0551-64259520,
安徽立方连锁药房东流路店,地址：安徽省合肥市东流路19号1栋105-106号门面,电话：0551-63422183,
安徽立方连锁药房撮镇店,地址：安徽省合肥市肥东撮镇义之和街7栋153号,电话：0551-67600711,
安徽立方连锁药房塔山东路店,地址：安徽省合肥市庐江县庐城镇军二中路工行巷61号1栋,电话：0551-87313321,
安徽立方连锁药房庐江一店,地址：安徽省合肥市庐江县庐城镇文昌路以北老自来水厂东100米,电话：0551-87428888,
安徽立方连锁药房新文彩店,地址：安徽省合肥市新文彩花园1东区106店面,电话：0551-65894627,
安徽立方连锁药房人民路店,地址：安徽省合肥市肥东县店埠镇人民路青春苑小区108、109号,电话：0551-67703778,
安徽立方连锁药房龚大塘店,地址：安徽省合肥市张洼路与凤台路交叉口好实惠超市内,电话：0551-64393681,
安徽立方连锁药房清溪路店,地址：安徽省合肥市长丰路与清溪路交叉口军转门面,电话：0551-65152661,
安徽立方连锁药房龙岗店,地址：安徽省合肥市龙岗开发区朱小郢1栋108、109室,电话：0551-67696711,
安徽立方连锁药房站塘路店,地址：安徽省合肥市瑶海区站塘路瑞园小区1-2#楼商业,电话：0551-64319641,
安徽立方连锁药房塘杨路店,地址：安徽省合肥市肥东塘杨路综合楼,电话：0551-67711475,
安徽立方连锁药房湖光路店,地址：安徽省合肥市蜀山区新产业园红皖路与湖光路交叉福乐家超市内,电话：0551-65746832,
安徽立方连锁药房新安江店,地址：安徽省合肥市瑶海区新安江支路合家福超市静安新城店一层门面,电话：0551-67675219,
安徽立方连锁药房兴园店,地址：安徽省合肥市高新区海棠路兴园小区62-103,电话：0551-65329296,
安徽立方连锁药房石塘路店,地址：安徽省合肥市肥东店埠镇石塘路刘墩村河院队175号,电话：0551-67759665,
安徽立方连锁药房碧桂园店,地址：安徽省合肥市肥东县龙泉路碧桂园合家福超市,电话：0551-67759219,
安徽立方连锁药房芙蓉路店,地址：安徽省合肥市芙蓉路689号翠微苑二期15栋,电话：0551-63693180,
安徽立方连锁药房亳州路店,地址：安徽省合肥市亳州路307号盛世花园2号楼门面,电话：0551-65631123,
安徽立方连锁药房上城国际,地址：安徽省合肥市庐阳区上城国际樱花苑1栋商114室,电话：0551-64202509,
安徽立方连锁药房龙岗二店,地址：安徽省合肥市龙岗开发区史城村史城组,电话：0551-67679711,
安徽立方连锁药房青年城店,地址：安徽省合肥市始信路青年公寓1号2栋商业103,电话：0551-63849529,
安徽立方连锁药房城关店,地址：安徽省合肥市肥东好又多购物广场收银台前通道处,电话：0551-67757558,
安徽立方连锁药房方桥店,地址：安徽省合肥市瑶海工业园纬D路方桥新镇社区25栋1楼,电话：0551-64394726,
安徽立方连锁药房通达路店,地址：安徽省合肥市瑶海区军民路恢复楼105、106号,电话：0551-67673131,
安徽立方连锁药房玉兰苑店,地址：安徽省合肥市瑶海区龙岗玉兰苑路口,电话：0551-67671578,
安徽立方连锁药房元一名城店,地址：安徽省合肥市新站区临泉路元一名城C-53商110,电话：0551-64264176,
安徽省宣城康宁医药仙霞镇药店,地址：安徽省宣城市仙霞镇,电话：0563-4731539,
安徽省宣城康宁医药郎溪苏果店,地址：安徽省宣城市郎溪苏果超市,电话：0563-7600700,
安徽省宣城康宁医药南陵六福二店,地址：安徽省芜湖市永辉超市旁边,电话：0553-6828716,
安徽省宣城康宁医药绿宝店,地址：安徽省宣城市宁城北路锦苑广场12栋106号,电话：0563-4112258,
安徽省宣城康宁医药南陵六福店,地址：安徽省芜湖市南陵苏果超市,电话：0553-6837059,
安徽省宣城康宁医药宁墩路店,地址：安徽省宣城市中鼎公寓门口,电话：0563-4026628,
安徽省宣城康宁医药宁阳公园店,地址：安徽省宣城市宁阳公园旁边,电话：0563-4455559,
安徽省宣城康宁医药广德三店,地址：安徽省宣城市广德县团结路B区,电话：0563-6846160,
安徽省宣城康宁医药广德二店,地址：安徽省宣城市广德县县医院门口,电话：0563-6088183,
安徽省宣城康宁医药宁广路店,地址：安徽省宣城市宁广路东津商厦1幢116-117号,电话：0563-4024881,
安徽省宣城康宁医药广德一店,地址：安徽省宣城市广德县万桂山路31栋2-4号,电话：0563-6091618,
安徽省宣城康宁医药广德桃园药房,地址：安徽省宣城市广德县桃州镇桃州南路东,电话：0563-6817750,
安徽省宣城康宁医药郎溪涛峰路店,地址：安徽省宣城市郎溪县建平镇涛峰58号,电话：0563-7600100,
安徽省宣城康宁医药广德横山南路店,地址：安徽省宣城市广德县横山南路东17幢15-16号 ,电话：0563-6683168,
安徽省宣城康宁医药广德大店,地址：安徽省宣城市广德县桃州南路46号,电话：0563-6026691,
安徽省宣城康宁医药兴盛苑店,地址：安徽省宣城市城关幼儿园斜对面,电话：0563-4013399,
安徽省宣城康宁医药中溪镇药店,地址：安徽省宣城市中溪镇,电话：0563-4675219,
安徽省宣城康宁医药宁城南路店,地址：安徽省宣城市宁中高中部对面 ,电话：0563-4133040,
安徽省宣城康宁医药津河路店,地址：安徽省宣城市宁国市红鹰房产5-7号市工行右侧,电话：0563-4112247,
安徽省宣城康宁医药青龙东路店,地址：安徽省宣城市青龙东路,电话：0563-4171628,
安徽省宣城康宁医药宥安店,地址：安徽省宣城市清华路荷香嘉苑门面房,电话：0563-4026236,
安徽省宣城康宁医药山门南路店,地址：安徽省宣城市宁国市丰盛苑转角4号水利局对面,电话：0563-4180505,
安徽省宣城康宁医药清华苑店,地址：安徽省宣城市清华苑小区3幢11号门面房,电话：0563-4022380,
安徽省宣城康宁医药中溪路店,地址：安徽省宣城市宁国市中溪北路三鼎阳光楼5-8号门面,电话：0563-4034690,
安徽省宣城康宁医药北园路店,地址：安徽省宣城市津园村对面,电话：0563-4033566,
安徽省宣城康宁医药宁城北路店,地址：安徽省宣城市宁国市宁城北路东侧（敬亭第一楼对面）,电话：0563-4116758,
安徽省宣城康宁医药宁川西路店,地址：安徽省宣城市宁国市宁川西路与山门路交界处,电话：0563-4022587,
安徽省宣城康宁医药东风路店,地址：安徽省宣城市宁国市老美食街13-19号市医院西门对面,电话：0563-4026688,
安徽省宣城康宁医药宁川路店,地址：安徽省宣城市城西路109号原胡仲景药房,电话：0563-4026278,
安徽省宣城康宁医药宁阳西路店,地址：安徽省宣城市宁国市宁阳西路豪辰丽景门面房1020-1021号 ,电话：0563-4171758,
安徽省宣城康宁医药凤形路店,地址：安徽省宣城市宁国市医院西区斜对面,电话：0563-4175912,
安徽省宣城康宁医药宁阳东路店,地址：安徽省宣城市宁国市宁阳东路津东小区1幢110号,电话：0563-4021508,
安徽省宣城康宁医药东岸路店,地址：安徽省宣城市宁国市健康大楼对面,电话：0563-4110282,
安徽省宣城康宁医药柳春堂店,地址：安徽省宣城市宁国市凤形路与后弄巷交叉口市医院西区正对面,电话：0563-4175280,
安徽省宣城康宁医药宁阳路店,地址：安徽省宣城市宁国市宁阳路台客隆超市旁,电话：0563-4022169,
安徽省宣城康宁医药宁国大道店,地址：安徽省宣城市宁国市大道绿宝嘉园1017-1018号门面,电话：0563-4037880,
安徽省宣城康宁医药宁阳中路店,地址：安徽省宣城市宁国市南门桥威卡姆超市旁,电话：0563-4031979,
安徽省宣城康宁医药山门中路店,地址：安徽省宣城市宁国市山门中路汇丰花苑对面,电话：0563-4012505,
安徽省宣城康宁医药惠民店,地址：安徽省宣城市宁国市公安局大门南侧,电话：0563-4015047,
合肥为民大药房桐城路店,地址：安徽省合肥市包河区桐城路22号—1香港街A座2层,电话：0551-62878669,
合肥为民大药房莲花路店,地址：安徽省合肥市莲花路与丹霞路交叉口名筑花园14号B,电话：0551-63548868,
合肥为民大药房南湖春城店,地址：安徽省合肥市经济技术开发区烟墩路东、轩辕路南南湖春城19幢106、商106上,电话：0551-63484668,
合肥为民大药房绿都花园店,地址：安徽省合肥市阜阳北路银建大厦21号楼102室,电话：0551-65858178,
合肥为民大药房莲丹店,地址：安徽省合肥经济技术开发区莲花新村14栋105室,电话：0551-63810700,
合肥为民大药房南七店,地址：安徽省合肥市望江路综合楼104-204,电话：0551-63648188,
合肥为民大药房金寨路店,地址：安徽省合肥市蜀山区金寨路161号新瑞祺大厦一层J区03号,电话：0551-63360353,
合肥为民大药房漕冲店,地址：安徽省合肥市瑶海区长江东路260号3号楼一层7—9轴,电话：0551-64412169,
合肥为民大药房贵池路店,地址：安徽省合肥市蜀山区贵池路长江花园9幢6#门面,电话：0551-65115218,
合肥为民大药房颍上路店,地址：安徽省合肥市庐阳区颖上路615号北美印象雅苑9幢101室,电话：0551-65544696,
合肥为民大药房阜阳路店,地址：安徽省合肥市庐阳区荣事达大道223号,电话：0551-65544868,
合肥为民大药房太湖路店,地址：安徽省合肥市包河区太湖路18号田逸苑A幢101号,电话：0551-63447128,
合肥为民大药房阳光花园店,地址：安徽省合肥市包河区马鞍山南路世纪阳光花园青阳苑D1-3幢113室,电话：0551-63435818,
合肥为民大药房无为路店,地址：安徽省合肥市庐阳区无为路28号雍景苑1幢102室,电话：0551-62674668,
合肥为民大药房北都花园店,地址：安徽省合肥市庐阳区荣事达大道631号北都花园1幢107、108室,电话：0551-65526906,
合肥为民大药房农大店,地址：安徽省合肥市长江西路130号安农大科技长廊,电话：0551-62828995,
合肥为民大药房桐城南路店,地址：安徽省合肥新里程花园7幢-8幢楼间商业用房106、107商铺,电话：0551-63618099,
合肥为民大药房五河路店,地址：安徽省合肥市五河路229号4号楼,电话：0551-65585657,
合肥为民大药房泗洲路店,地址：安徽省合肥市瑶海区临泉路与泗洲路交口芳邻家园5幢2-商104号,电话：0551-67186037,
合肥为民大药房定远路点,地址：安徽省合肥市瑶海区定远路橘郡万绿园四期门面房商101室,电话：0551-64251500,
合肥为民大药房淮河路店,地址：安徽省合肥市淮河路340号,电话：0551-62675186,
合肥为民大药房青阳路店,地址：安徽省合肥市蜀山区青阳路与高刘路交口东南龙居山庄天龙居5﹟商105,电话：0551-65165669,
合肥为民大药房王大郢店,地址：安徽省合肥市淝河路王大郢村阳光上南1#A-3（满天星超市内）,电话：0551-64674849,
合肥为民大药房百花井店,地址：安徽省合肥市荣事达大道38号,电话：0551-62610746,
合肥格宁大药房连锁有限公司三十六店,地址：安徽省合肥市蜀山区南七街道洪刚社区红鑫新村10幢107室,电话：0551-65503250,
合肥格宁大药房连锁有限公司连锁十四店,地址：安徽省合肥市包河区桐城路桐城绿苑8-102,电话：0551-63629208,
合肥格宁大药房连锁有限公司连锁二店,地址：安徽省合肥市亳州路299号福星嘉苑1幢3号4号门面,电话：0551-65535488,
合肥格宁大药房连锁有限公司连锁二十八店,地址：安徽省合肥市经开区习友路御景前城25幢118、120、122号,电话：0551-63363510,
合肥格宁大药房连锁有限公司连锁五十八店,地址：安徽省合肥市蜀山区西七里塘十里庙路9幢东门面,电话：0551-65635011,
合肥格宁大药房连锁有限公司连锁一店,地址：安徽省合肥市铜陵北路与长江路交汇处西北角,电话：0551-64221130,
合肥格宁大药房连锁有限公司大学城店,地址：安徽省合肥市合经区繁华大道南、九龙路东、环湖路北磬苑40幢101商,电话：0551-63873680,
合肥格宁大药房连锁有限公司连锁二十六店,地址：安徽省合肥市包河区桐城路桐城绿苑,电话：0551-62939660,
合肥格宁大药房连锁有限公司连锁五十一店,地址：安徽省合肥市瑶海区龙岗开发临泉路南侧阳光棕榈园9幢19-20,电话：0551-67880685,
合肥格宁大药房连锁有限公司连锁二十店,地址：安徽省合肥市高新区科学大道与海棠路交口科学大道9号,电话：0551-65845049,
合肥格宁大药房连锁有限公司连锁六店,地址：安徽省合肥市政务区潜山路与绿怡南路交叉口国际花都天香苑5栋9号商铺,电话：0551-63532790,
合肥格宁大药房连锁有限公司三十八店,地址：安徽省合肥市经开区轩辕路以北、烟墩路以东海恒社区146号楼,电话：0551-62872798,
合肥格宁大药房连锁有限公司金寨路店,地址：安徽省合肥市金寨路与东流路交叉口北6-7,电话：0551-63525541,
合肥格宁大药房连锁有限公司望江西路店,地址：安徽省合肥市望江西路102号新西南华庭B幢111号,电话：0551-65119360,
合肥格宁大药房连锁有限公司连锁三店,地址：安徽省合肥市濉溪路9号,电话：0551-64698610,
安徽元初药房镜湖区绿元大药房,地址：安徽省芜湖市绿影新村文化中心1号门面房,电话：0553-5013709,
安徽元初药房新时代商业街二分店,地址：安徽省芜湖市金玺商业广场B-110号门面,电话：0553-5876390,
安徽元初药房芜湖二街新宇花苑小区分店,地址：安徽省芜湖市镜湖区新宇花苑4#楼101-1、2号,电话：0553-2872918,
安徽元初药房芜湖白金湾小区分店,地址：安徽省芜湖市镜湖区文化路白金星天地15号楼1-111号,电话：0553-3851501,
安徽元初药房繁昌荻港大药房,地址：安徽省芜湖市繁昌县荻港镇渡江路,电话：0553-7351532,
安徽元初药房芜湖瑞丰商博城分店,地址：安徽省芜湖市弋江区中国芜湖商品交易博览城F02楼110、111、130、131,电话：0553-3021575,
安徽元初药房芜湖利民西路二分店,地址：安徽省芜湖市弋江区楚江府第1#楼103室,电话：0553-3711156,
安徽元初药房芜湖砻坊路分店,地址：安徽省芜湖市百蕊山庄3021号,电话：0553-2833773,
安徽元初药房芜湖东郊路分店,地址：安徽省芜湖市东郊路122号,电话：0553-3111973,
安徽元初药房安元大药房,地址：安徽省芜湖市镜湖区冰冻街2-3号门面房,电话：0553-3884558,
安徽元初药房芜湖东郊路二分店,地址：安徽省芜湖市镜湖区左岸生活社区B14#02,电话：0553-5809713,
安徽元初药房华康大药房,地址：安徽省芜湖市弋江区利民西路凤凰新村9-10号门面房,电话：0553-4811331,
安徽元初药房安徽省芜湖市天祥大药房,地址：安徽省芜湖市天香苑13号门面,电话：0553-5875763,
安徽元初药房芜湖三潭路分店,地址：安徽省芜湖市长江长33#12-13号门面,电话：0553-4223515,
安徽元初药房繁昌平铺大药房,地址：安徽省芜湖市繁昌县平铺镇平溪路25号,电话：0553-7116090,
安徽元初药房繁昌春谷大药房,地址：安徽省芜湖市繁昌县繁阳镇春谷商市,电话：0553-7865212,
安徽元初药房安徽省芜湖市新安大药房,地址：安徽省芜湖市九华山路80号,电话：0553-3850792,
安徽元初药房芜湖东方龙城分店,地址：安徽省芜湖市镜湖区东方龙城雅乐苑1#楼06,电话：0553-4813762,
安徽元初药房芜湖花园路分店,地址：安徽省芜湖市花园路泰华家园6号门面房,电话：0553-5851957,
安徽元初药房芜湖三山大药房,地址：安徽省芜湖市三山区三华路,电话：0553-7471629,
安徽元初药房繁昌渡江大药房,地址：安徽省芜湖市繁昌县狄港镇渡江路37号,电话：0553-7351672,
安徽元初药房芜湖赤铸山西路二分店,地址：安徽省芜湖市赤铸山路杏园小区1号商住楼东九号门面,电话：0553-3867216,
安徽元初药房芜湖江城国际小区分店,地址：安徽省芜湖市弋江区江城国际瑞虹苑20#楼101室,电话：0553-4117527,
安徽元初药房芜湖赭山西路分店,地址：安徽省芜湖市赭山西路中达新村1-1号,电话：0553-5736458,
安徽元初药房芜湖越秀路分店,地址：安徽省芜湖市经济技术开发区越秀路波尔卡大街2#楼19、2#楼21,电话：0553-5841095,
安徽元初药房芜湖利民西路分店,地址：安徽省芜湖市利民路427号,电话：0553-4810572,
安徽元初药房芜湖香苑小区一分店,地址：安徽省芜湖市香苑公建综合楼118-119号门面,电话：0553-5770265,
安徽元初药房繁昌老药房,地址：安徽省芜湖市繁昌县繁阳镇峨溪路,电话：0553-7875751,
安徽元初药房芜湖华山路分店,地址：安徽省芜湖市芜湖经济开发区龙山街道向阳小区沿街配套门面房8号,电话：0553-5316226,
安徽元初药房芜湖新芜路二分店,地址：安徽省芜湖市新芜路广玉兰花园1幢8号,电话：0553-3852203,
安徽元初药房芜湖环城北路分店,地址：安徽省芜湖市黄山园一弄5号,电话：0553-3853659,
安徽元初药房繁昌孙村大药房,地址：安徽省芜湖市繁昌县孙村镇政通路,电话：0553-7253902,
安徽元初药房芜湖长江北路分店,地址：安徽省芜湖经济技术开发区银湖波尔卡国际花园50#楼S19-20号,电话：0553-5846527,
安徽元初药房芜湖南阳新街分店,地址：安徽省芜湖市鸠江区官陡镇南阳新街12号,电话：0553-5813080,
安徽元初药房芜湖赭山中路分店,地址：安徽省芜湖市赭山中路立交桥旁芜湖新建大楼门面房,电话：0553-3119637,
安徽元初药房芜湖银湖中路二分店,地址：安徽省芜湖市镜湖区梅苑新村1号楼03、04号,电话：0553-5860926,
安徽元初药房芜湖花津北路分店,地址：安徽省芜湖市花津北路58号8-9门面房,电话：0553-3830992,
安徽元初药房芜湖新时代商业街分店,地址：安徽省芜湖市万豪白领广场1区3幢01号,电话：0553-4810869,
安徽元初药房芜湖天门山西路分店,地址：安徽省芜湖市天门山西路49号华芳综合楼,电话：0553-5777067,
安徽元初药房芜湖赤铸山西路一分店,地址：安徽省芜湖市镜湖区桃园新村101幢第1-2间门面,电话：0553-5860119,
安徽元初药房繁昌同康药房,地址：安徽省芜湖市繁昌县繁阳镇龙华路,电话：0553-7864265,
安徽元初药房芜湖利民东路分店,地址：安徽省芜湖市利民东路南苑小区2号楼,电话：0553-4118262,
安徽元初药房芜湖九华南路分店,地址：安徽省芜湖市九华山南路8号中江新村西1幢16号,电话：0553-4820001,
安徽元初药房安徽省芜湖市渡春路分店,地址：安徽省芜湖市渡春路27号19#办公楼,电话：0553-3873450,
安徽元初药房芜湖四褐山分店,地址：安徽省芜湖市四褐山小学门面房6-7号,电话：0553-5807897,
安徽元初药房芜湖银湖北路分店,地址：安徽省芜湖市银湖北路云龙阳光门面房10-6号,电话：0553-5850761,
安徽元初药房芜湖狮子山路分店,地址：安徽省芜湖市裕中新村1幢03号门面,电话：0553-3867082,
安徽元初药房繁昌大药房,地址：安徽省芜湖市繁昌县繁阳镇迎春路88号,电话：0553-7865457,
安徽元初药房芜湖银湖中路一分店,地址：安徽省芜湖市银湖中路25-4#、5#商铺,电话：0553-5017833,
安徽元初药房芜湖褐山路一分店,地址：安徽省芜湖市鸠江区褐山路118号,电话：0553-5801609,
安徽元初药房芜湖新芜路一分店,地址：安徽省芜湖市新芜路新利商厦8号楼,电话：0553-3832689,
安徽元初药房芜湖长江中路分店,地址：安徽省芜湖市长江路公交三号楼6-7号门面,电话：0553-5726506,
安徽元初药房芜湖渡春路二分店,地址：安徽省芜湖市渡春路16-3、4、5号门面,电话：0553-3868865,
安徽元初药房芜湖九华中路二分店,地址：安徽省芜湖市九华中路盛峰大厦262-6号,电话：0553-3857117,
安徽元初药房芜湖九华中路一分店,地址：安徽省芜湖市九华山路166号盛峰大厦,电话：0553-3881055,
海王星辰健康药房连锁有限公司JSU013淮北二店,地址：安徽省淮北市淮海中路66号（乐天玛特三楼）,电话：0561-63801759,
海王星辰健康药房连锁有限公司JSU014淮北三店,地址：安徽省淮北市相山路与南黎路交口大润发超市一楼,电话：0561-3239939,
海王星辰健康药房连锁有限公司淮北大润发店,地址：安徽省淮北市相山区淮海路南相山路西大润发超市内一层5号,电话：0561-3035531,
海王星辰健康药房连锁有限公司黄山大润发店,地址：安徽省黄山市屯溪区跃进路新黄山商业步行街大润发超市二楼,电话：0559-2166511,
海王星辰健康药房连锁有限公司蚌埠解放路店,地址：安徽省蚌埠市解放路与凤阳路交口西北角大润发超市二楼,电话：0552-3019665,
海王星辰健康药房连锁有限公司合肥翡翠路店,地址：安徽省合肥市经济技术开发区翡翠路与繁华大道交叉口西南角大润发超市二楼26号铺,电话：0551-3837855,
海王星辰健康药房连锁有限公司JSU012蚌埠胜利路店,地址：安徽省蚌埠市胜利路与中山街交口商之都地下一层永辉超市内D0198014号铺位,电话：0552-3726025,
海王星辰健康药房连锁有限公司合肥霍山路店,地址：安徽省合肥市合作化路与霍山路交口大润发超市一楼,电话：0551-5152870,
海王星辰健康药房连锁有限公司JSU015蚌埠文化广场店,地址：安徽省蚌埠市兴业街555号宝龙城市广场二号楼,电话：0552-2076610,
海王星辰健康药房连锁有限公司合肥濉溪路店,地址：安徽省合肥市濉溪路168号,电话：0551-5856885,
海王星辰健康药房连锁有限公司广德大润发店,地址：安徽省宣城广德县城万桂山路与纬二路西南角大润发超市一楼,电话：0563-6029295,
海王星辰健康药房连锁有限公司定远黎明路店,地址：安徽省滁州市定远县合蚌公路与黎明路交汇处东南角大润发超市一楼,电话：0550-2160965,
海王星辰健康药房连锁有限公司宿州东昌路店,地址：安徽省宿州市东昌路与顺河路交汇处西南角大润发超市二楼,电话：0557-3033786,
海王星辰健康药房连锁有限公司合肥潜山路店,地址：安徽省合肥市望江西路与潜山路交口乐购超市一楼（铺位号：S05+S06）,电话：0551-5576933,
海王星辰健康药房连锁有限公司蚌埠万达广场店,地址：安徽省蚌埠市东海大道4399号万达广场二层2006号商铺,电话：0552-3821283,
海王星辰健康药房连锁有限公司合肥阜阳路店,地址：安徽省合肥庐阳区阜阳北路与凤台路西北角大润发超市一楼,电话：0551-5544247,
安徽康健百年医药连锁有限公司小刘庄店,地址：安徽省亳州市文帝路364号,电话：0558-5988128,
安徽康健百年医药连锁有限公司三曹路店,地址：安徽省亳州市三曹路139号,电话：0558-5571226,
安徽康健百年医药连锁有限公司灵津店,地址：安徽省亳州市新华北路河南段1号楼1-2号门面,电话：0558-5988028,
安徽康健百年医药连锁有限公司建安路店,地址：安徽省亳州市建安路中段五区３号,电话：0558-5999099,
安徽康健百年医药连锁有限公司三角花园店,地址：安徽省亳州市文帝路296号,电话：0558-5987222,
安徽康健百年医药连锁有限公司十九里店,地址：安徽省亳州市交通街路北盖盛祥西侧,电话：0558-5988009,
安徽康健百年医药连锁有限公司信誉店,地址：安徽省亳州市利辛路176号,电话：0558-3035672,
安徽康健百年医药连锁有限公司薛家巷店,地址：安徽省亳州市薛家巷40号 ,电话：0558-5688666,
安徽康健百年医药连锁有限公司康惠店,地址：安徽省亳州市汤王大道帝景华庭东门,电话：0558-5791555,
安徽康健百年医药连锁有限公司城北店,地址：安徽省亳州市谯陵北路 1718号,电话：0558-5988078,
安徽康健百年医药连锁有限公司和平西路店,地址：安徽省亳州市和平西路119号,电话：0558-5552526,
安徽康健百年医药连锁有限公司魏园路店,地址：安徽省亳州市魏园路18号,电话：0558-5988003,
安徽康健百年医药连锁有限公司文帝西路店,地址：安徽省亳州市文帝西路468号,电话：0558-5518205,
安徽康健百年医药连锁有限公司和平路店,地址：安徽省亳州市和平路东段南侧,电话：0558-5552626,
安徽康健百年医药连锁有限公司新华北路店,地址：安徽省亳州市新华北路18号,电话：0558-5575222,
宣城四叶大药房有限责任公司陵西路店,地址：安徽省宣城市宣州区陵西路嘉名景苑5-6室,电话：0563-2021369,
合肥市普济药房,地址：安徽省合肥市庐阳区绿都商城负一层,电话：0551-62618863 ,
淮北市益群药店,地址：安徽淮北市杜集区中心村,电话：400-0008-146,
安徽国胜大药房观澜华庭店,地址：安徽省合肥市蜀山区紫云路与清潭路店交口华联超市负一楼 ,电话：0551-66188877 ,
安徽国胜大药房紫桐新村店,地址：安徽省合肥市庐阳区森景大道与紫薇街交叉口 ,电话：0551-63520296 ,
安徽国胜大药房珠光南苑店,地址：安徽省合肥市包河区皖江路与当涂支路交口向南100米 ,电话：0551-65371123 ,
安徽国胜大药房长江东路店,地址：安徽省合肥市蜀山区长江东路与铜陵路交口义乌商城东200米(环宇家居对面) ,电话：0551-64466705 ,
安徽国胜大药房元一名城店,地址：安徽省合肥市瑶海区嘉山路与临泉路交口北200米 ,电话：0551-64262120 ,
安徽国胜大药房习友路店,地址：安徽省合肥市蜀山区习友路九重锦园10幢 ,电话：0551-64498813 ,
安徽国胜大药房禹州天境店,地址：安徽省合肥市蜀山区石笋路与棋石路交口禹洲华侨城幼儿园1商04室 ,电话：0551-63820130 ,
安徽国胜大药房巢湖路店,地址：安徽省合肥市包河区巢湖南路与东二环路交口向东500米 ,电话：0551-63465626 ,
安徽国胜大药房颖河路店,地址：安徽省合肥市瑶海区当涂路与颖河路交口向西100米 ,电话：0551-64381055 ,
安徽国胜大药房望江西路店,地址：安徽省合肥市蜀山区望江西路与合作化路交口向西200米 ,电话：0551-65139779 ,
安徽国胜大药房史城店,地址：安徽省合肥市瑶海区临泉东路与通达路交叉口向西200米 ,电话：0551-67686676 ,
安徽国胜大药房十里庙店,地址：安徽省合肥市十里庙蜀山阳光菜市旁（众帮路联发小区022号） ,电话：0551-63745907 ,
安徽国胜大药房潜山路店,地址：安徽省合肥市潜山路与贵池路交口西200米 ,电话：0551-65635231 ,
安徽国胜大药房望湖南苑店,地址：安徽省合肥市包河区望湖北路望湖南苑13号101门面 ,电话：0551-63356639 ,
安徽国胜大药房瑶东社区店,地址：安徽省合肥市新站区龙门领路与颖河路交口 ,电话：0551-68991273 ,
安徽国胜大药房三里庵店,地址：安徽省合肥市蜀山区长江西路与淠河路交口北50米 ,电话：0551-65132109 ,
安徽国胜大药房藕塘路店,地址：安徽省合肥市庐阳区藕塘路与固镇路交口 ,电话：0551-65552395 ,
安徽国胜大药房临泉东路店,地址：安徽省合肥市临泉路与王岗路交叉口 ,电话：0551-64320267 ,
安徽国胜大药房学林雅苑店,地址：安徽省合肥市经开区翡翠大道与紫云路交口向东500米学林雅苑108号 ,电话：0551-63750715 ,
安徽国胜大药房田埠西路店,地址：安徽省合肥市蜀山区田埠西路中海原山2区113号 ,电话：18256027251 ,
安徽国胜大药房瑞锦苑店,地址：安徽省合肥市瑶海区新蚌埠路与凤台路交叉口鸭林冲站台 ,电话：0551-62815927 ,
安徽国胜大药房南七店,地址：安徽省合肥市庐阳区金寨路1110号南七北京华联北 ,电话：0551-63660709 ,
安徽国胜大药房临湖店,地址：安徽省合肥市经济开发区临湖小区23#109 ,电话：0551-63892677 ,
安徽国胜大药房许郢店,地址：安徽省合肥市包河区葛大店菜市场旁边 ,电话：0551-63421197 ,
安徽国胜大药房濉溪路店,地址：安徽省合肥市庐阳区濉溪路与颖上路交口向北200米南国花园门面 ,电话：0551-65546755 ,
安徽国胜大药房融侨天骏店,地址：安徽省合肥市蜀山区习友路与铭传路交叉口 ,电话：0551-68992465 ,
安徽国胜大药房明珠路店,地址：安徽省合肥市高新区香樟大道与明珠路交口向东200米 ,电话：0551-65362118 ,
安徽国胜大药房连锁总店,地址：安徽省合肥市望江路与合巢路交叉口西南角 ,电话：0551-63475202 ,
安徽国胜大药房兴园小区店,地址：安徽省合肥市高新区科学大道与海棠路交口向北500米 ,电话：0551-65844686 ,
安徽国胜大药房水阳江路店,地址：安徽省合肥市包河区水阳江路与徽州大道交叉口向东50米 ,电话：0551-63444028 ,
安徽国胜大药房荣城花园店,地址：安徽省合肥市庐阳区荣城花园南苑16号（煤气制气厂旁） ,电话：0551-65196628 ,
安徽国胜大药房米兰花园店,地址：安徽省合肥市经开区紫云路与桃源路交口米兰阳光小区门面 ,电话：0551-68996772 ,
安徽国胜大药房琅琊山路店,地址：安徽省合肥市瑶海区长江东路与琅琊山路交口北50米 ,电话：0551-64212397 ,
安徽国胜大药房新华学府店,地址：安徽省合肥市蜀山区石台路新华学府（国大药房隔壁） ,电话：0551-63353083 ,
安徽国胜大药房蜀新苑店,地址：安徽省合肥市蜀山区井岗路蜀新苑东区25幢103 ,电话：0551-62879605 ,
安徽国胜大药房荣城北苑店,地址：安徽省合肥市庐阳区丽水路与时雨路交口东200米 ,电话：0551-63845063 ,
安徽国胜大药房梦园小区店,地址：安徽省合肥市高新区新天柱路与天达路交口 ,电话：0551-65325152 ,
安徽国胜大药房金寨路店,地址：安徽省合肥市蜀山区金寨路与绩溪路交叉口北50米 ,电话：0551-63657011 ,
安徽国胜大药房新安江路店,地址：安徽省合肥市瑶海区新安江路与郎溪路交口向西200米 ,电话：0551-62770217 ,
安徽国胜大药房蜀南庭苑店,地址：安徽省合肥市高新区望江西路619号蜀南庭苑商业街 ,电话：0551-65303403 ,
安徽国胜大药房泉北公寓店,地址：安徽省合肥市新站区临泉路与新蚌埠路交口向东200米 ,电话：0551-64252215 ,
安徽国胜大药房美和路店,地址：安徽省合肥市包河区望湖中路与美圣路交口向南200米 ,电话：0551-63367053 ,
安徽国胜大药房史河路店,地址：安徽省合肥市蜀山区史河路与金牛路交口向西100米 ,电话：0551-65635481 ,
安徽国胜大药房青阳北路店,地址：安徽省合肥市蜀山区淠河路与青阳路交叉口向东50米 ,电话：0551-65181787 ,
安徽国胜大药房绿怡居店,地址：安徽省合肥市蜀山区东至南路与休宁路交叉口往北 ,电话：0551-63514626 ,
安徽国胜大药房勤居苑店,地址：安徽省合肥市瑶海区文忠路与物流大道交叉口东南角 ,电话：0551-64386685 ,
安徽国胜大药房龙岗店,地址：安徽省合肥市新安江支路马钢菜市旁 ,电话：0551-67680613 ,
安徽国胜大药房龙川路店,地址：安徽省合肥市龙川路与葛大路交叉口菜市场旁 ,电话：0551-62670633 ,
安徽国胜大药房绩溪路店,地址：安徽省合肥市蜀山区绩溪路金寨路交口向西500米（安医脑专家门诊部斜对面） ,电话：0551-63667130 ,
安徽国胜大药房黄山路店,地址：安徽省合肥市黄山路与徽州大道交叉口向西100米 ,电话：0551-63647018 ,
安徽国胜大药房海州景秀世家店,地址：安徽省合肥市瑶海区临泉东路与广德路交口永辉超市对面 ,电话：0551-67683661 ,
安徽国胜大药房环湖东路店,地址：安徽省合肥市高新区望江西路与西二环交口和一花园17幢114室 ,电话：0551-65884200 ,
安徽国胜大药房金鸟花园店,地址：安徽省合肥市庐阳区阜阳北路与临泉路交口向西100米 ,电话：0551-65654392 ,
安徽国胜大药房淮北路店,地址：安徽省合肥市庐阳区淮北路西侧天然轩114.115.214.215号门面 ,电话：0551-62884563 ,
安徽国胜大药房国轩新苑店,地址：安徽省合肥市定远路87号国轩新苑4栋1单元101室 ,电话：0551-64239216 ,
安徽国胜大药房华府骏苑店,地址：安徽省合肥市望江西路与潜山路交口华府骏苑商业街（华府骏苑菜场北侧） ,电话：0551-65562203 ,
安徽国胜大药房金都华庭店,地址：安徽省合肥市庐阳区砀山路与蒙城北路交口,电话：0551-65507956 ,
安徽国胜大药房琥珀名城店,地址：安徽省合肥市瑶海区临泉东路与吴敬梓路交口南500米 ,电话：0551-65415120 ,
安徽国胜大药房和平路店,地址：安徽省合肥市瑶海区铜陵路与和平路交口西50米（市二院对面） ,电话：0551-63816050 ,
安徽国胜大药房公园道1号店,地址：安徽省合肥市蜀山区长江西路与十里店路交汇处向北500米 ,电话：0551-65327260 ,
安徽国胜大药房红皖路店,地址：安徽省合肥市蜀山区湖光路与红皖路交口向西100米 ,电话：0551-65743528 ,
安徽国胜大药房恒大城店,地址：安徽省合肥市海区临泉东路与王岗路交口恒大城28.29栋130 ,电话：0551-63365175 ,
安徽国胜大药房合瓦路店,地址：安徽省合肥市庐阳区阜阳路与合瓦路交口西50米 ,电话：0551-64273306 ,
安徽国胜大药房葛淝路店,地址：安徽省合肥市包河区南淝河路与纬一路交口向东300米 ,电话：0551-64845728 ,
安徽国胜大药房港澳花园店,地址：安徽省合肥市经开区芙蓉路820号港澳花园莲花苑1幢104室 ,电话：0551-63897106 ,
安徽国胜大药房福星嘉苑店,地址：安徽省合肥市庐阳区亳州路299号福星嘉苑1幢6室 ,电话：0551-65634463,
安徽国胜大药房芙蓉苑店,地址：安徽省合肥市庐阳区临泉路与蒙城路交叉口向西200米 ,电话：0551-65691102 ,
安徽国胜大药房蜀峰路店,地址：安徽省合肥市蜀山区蜀峰路与稻香路交口连家超市,电话：0551-65260508 ,
安徽国胜大药房大溪地店,地址：安徽省合肥市黄山路与岳西路交口永辉超市内负一层D0278021号商铺 ,电话：0551-63365272 ,
安徽国胜大药房滨湖新区三店,地址：安徽省合肥市滨湖新区广西路振徽苑23幢106号门面 ,电话：0551-62914914 ,
安徽国胜大药房大铺头店,地址：安徽省合肥市蜀山区荷花路与科学岛路交叉口处 ,电话：0551-68998725 ,
安徽国胜大药房翠庭园店,地址：安徽省合肥市政务区茂荫路与龙图路交口国建香榭水都25栋105室门面 ,电话：0551-63753427 ,
安徽国胜大药房柏雅苑店,地址：安徽省合肥市高新区明珠大道与樱花路交口向东100米 ,电话：0551-65361908 ,
安徽国胜大药房芙蓉社区店,地址：安徽省合肥市经开区翠微路与石鼓路交口向西200米 ,电话：0551-63822652 ,
安徽国胜大药房滨湖新区七店,地址：安徽省合肥市滨湖新区万国农贸菜场旁 ,电话：0551-63351135 ,
安徽国胜大药房滨湖新区六店,地址：安徽省合肥市滨湖新区中山路与惠园西路交口 ,电话：0551-63365190 ,
安徽国胜大药房肥东路店,地址：安徽省合肥市瑶海区长江东大街与肥东路交口向北100米 ,电话：0551-64465971 ,
安徽国胜大药房滨湖新区八店,地址：安徽省合肥市包河区滨湖世纪城振徽苑24幢121室 ,电话：0551-63351350 ,
安徽国胜大药房东湖山庄店,地址：安徽省合肥市瑶海区北二环与武里山路交口向北500米 ,电话：0551-64289225 ,
安徽国胜大药房滨湖新区五店,地址：安徽省合肥市滨湖万泉河路康园农贸市场东侧（62路公交车底站） ,电话：0551-62930873 ,
安徽国胜大药房滨湖前城店,地址：安徽省合肥市经开区清潭路与紫蓬路交口南艳碧湖花园A17幢108室 ,电话：0551-68791806 ,
安徽国胜大药房滨湖新区二店,地址：安徽省合肥市滨湖新区福州路徽昌苑26幢104号门面 ,电话：0551-64322069 ,
安徽国胜大药房滨湖新区一店,地址：安徽省合肥市滨湖新区长沙路观湖苑110号门面 ,电话：0551-65370860 ,
安徽国胜大药房安粮双景店,地址：安徽省合肥市瑶海区龙门岭路与颖河路交叉口向东50米处 ,电话：0551-62878091 ,
安徽国胜大药房安居苑店,地址：安徽省合肥市蜀山区陈村路安居苑西村门面 ,电话：0551-65570739 ,
黄山市新安医药零售连锁有限公司德仁堂药店,地址：安徽省黄山市屯溪区延安路50-1号（二马路路口，实验小学对面） ,电话：0559-2511085 ,
黄山市新安医药零售连锁有限公司黎民大药房,地址：安徽省黄山市屯溪区戴震路柏景雅居A5号 ,电话：0559-2581088 ,
黄山市新安医药零售连锁有限公司百草堂大药房,地址：安徽省黄山市屯溪区长干东路117号 ,电话：0559-2546778 ,
黄山市新安医药零售连锁有限公司健民大药房,地址：安徽省黄山市屯溪区长干西路28号 ,电话：0559-2524294 ,
黄山市新安医药零售连锁有限公司康源大药房,地址：安徽省黄山市屯溪区栗园路15号 ,电话：0559-2542228 ,
黄山市新安医药零售连锁有限公司丰华大药房,地址：安徽省黄山市屯溪区长干西路（丰华菜市场旁） ,电话：0559-2531069 ,
黄山市新安医药零售连锁有限公司平安大药房,地址：安徽省黄山市屯溪区前园南路9号 ,电话：0559-2310787 ,
黄山市新安医药零售连锁有限公司广源大药房,地址：安徽省黄山市屯溪区前园南路12号 ,电话：0559-2542278 ,
黄山市新安医药零售连锁有限公司天禄大药房,地址：安徽省黄山市屯溪区财富广场天禄商场76-6号 ,电话：0559-2582890 ,
黄山市新安医药零售连锁有限公司歙县神农堂药店,地址：安徽省黄山市歙县新安路32-9号 ,电话：0559-6511104 ,
黄山市新安医药零售连锁有限公司歙县神农大药房,地址：安徽省黄山市歙县徽州花苑门口 ,电话：0559-6533599 ,
黄山市新安医药零售连锁有限公司方德堂大药房,地址：安徽省黄山市屯溪区阜上路阜上小区东苑大门口 ,电话：0559-2523268 ,
黄山市新安医药零售连锁有限公司太平龙井大药房,地址：安徽省黄山市黄山区烟草局一楼（龙井菜市场对面） ,电话：0559-8535287 ,
黄山市新安医药零售连锁有限公司新安大药房,地址：安徽省黄山市屯溪区荷花东路74号 ,电话：0559-2514380 ,
黄山市新安医药零售连锁有限公司百姓缘大药房,地址：安徽省黄山市屯溪区新园东路258号 ,电话：0559-2548310 ,
黄山市新安医药零售连锁有限公司栗园大药房,地址：安徽省黄山市屯溪区栗园路21号（市医院对面） ,电话：0559-2541484 ,
黄山市新安医药零售连锁有限公司天都大药房,地址：安徽省黄山市屯溪区前园南路58号 ,电话：0559-2531104 ,
滁州市百姓缘药品零售连锁有限公司宿州银河三路店,地址：安徽省宿州市银河三路以北馨云路以东上河城107-108号,电话：0557-2557088,
滁州市百姓缘药品零售连锁有限公司宿州金海大道店,地址：安徽省宿州市纺织路与金海大道交叉口东侧前陈营一路,电话：0557-2531688,
滁州市百姓缘药品零售连锁有限公司宿州馨云路店,地址：安徽省宿州市馨云路美庐花园12栋8号,电话：0557-2655898,
滁州市百姓缘药品零售连锁有限公司宿州淮海中路店,地址：安徽省宿州市安徽两淮北关新城C区2#楼0118-0119室,电话：0557-2511559,
滁州市百姓缘药品零售连锁有限公司宿州西昌中路店,地址：安徽省宿州市西昌中路150号,电话：0557-3092588,
滁州市百姓缘药品零售连锁有限公司宿州胜利西路店,地址：安徽省宿州市胜利西路新桥小区1号楼,电话：0557-2635188,
滁州市百姓缘药品零售连锁有限公司宿州浍水西路店,地址：安徽省宿州市浍水路1号楼四间门面,电话：0557-2531288,
滁州市百姓缘药品零售连锁有限公司宿州汴河中路店,地址：安徽省宿州市汴河路冠生园食品厂门面综合楼贰间,电话：0557-2520688,
滁州市百姓缘药品零售连锁有限公司宿州西昌南路店,地址：安徽省宿州市西昌南路现代嘉苑0140-0106室,电话：0557-2802088,
滁州市百姓缘药品零售连锁有限公司宿州北苑小区店,地址：安徽省宿州市北苑小区D1#楼0120室,电话：0557-3953588,
滁州市百姓缘药品零售连锁有限公司阜阳颖河东路卷烟厂店,地址：安徽省阜阳市颍东区颖河东路300号,电话：0558-2689622,
滁州市百姓缘药品零售连锁有限公司宿州纺织路店,地址：安徽省宿州市纺织路与怀远路交叉口东南角综合楼0102号,电话：0557-3953188,
滁州市百姓缘药品零售连锁有限公司宿州宿怀路店,地址：安徽省宿州市宿怀北路路西花园大厦1#0106-0114#两间门面,电话：0557-3604188,
滁州市百姓缘药品零售连锁有限公司阜阳人民西路店,地址：安徽省阜阳市颍州区人民西路269#电力明园金樟苑1#楼107-108室,电话：0558-2689608,
滁州市百姓缘药品零售连锁有限公司阜阳幸福西路店,地址：安徽省阜阳市颖东区幸福西路青峰西侧舜馨苑区29#楼108-109,电话：0558-2689685,
滁州市百姓缘药品零售连锁有限公司宿州港口路店,地址：安徽省宿州市港口路西南角商住楼00210114-00210115号,电话：0557-2761388,
滁州市百姓缘药品零售连锁有限公司阜阳一道河中路店,地址：安徽省阜阳市颖东区清河办事处一道河中路21号,电话：0558-2689693,
滁州市百姓缘药品零售连锁有限公司宿州浍水路店,地址：安徽省宿州市浍水路北大泽路西0125-0126四间门面,电话：0557-3047088,
滁州市百姓缘药品零售连锁有限公司宿州光彩城店,地址：安徽省宿州市光彩城美庐花园F区1#3#楼0125-0126号,电话：0557-2972388,
滁州市百姓缘药品零售连锁有限公司阜阳泉水湾店,地址：安徽省阜阳市颍泉区泉水湾花园10号楼106室,电话：0558-2689687,
滁州市百姓缘药品零售连锁有限公司阜阳北京西路店,地址：安徽省阜阳市颍泉区北京西路康泰药业一楼门面,电话：0558-2689695,
滁州市百姓缘药品零售连锁有限公司阜阳依心明园店,地址：安徽省阜阳市开发区商业街336（M20）商住楼0102.0103号,电话：0558-2689602,
滁州市百姓缘药品零售连锁有限公司宿州胜利东路店,地址：安徽省宿州市胜利路路北五联综合楼元钉厂0112室,电话：0557-2655788,
滁州市百姓缘药品零售连锁有限公司宿州胜利路店,地址：安徽省宿州市胜利路627号,电话：0557-3042988,
滁州市百姓缘药品零售连锁有限公司阜阳莲花东路店,地址：安徽省阜阳市颍州区莲花东路雪地公寓5号楼,电话：0558-2689690,
滁州市百姓缘药品零售连锁有限公司阜阳清河东路店,地址：安徽省阜阳市清河东路西段京九商城8-10号楼,电话：0558-2689692,
滁州市百姓缘药品零售连锁有限公司宿州汴河路店,地址：安徽省宿州市汴河路97号,电话：0557-3045788,
滁州市百姓缘药品零售连锁有限公司阜阳淮河路店,地址：安徽省阜阳市淮河路366号名城苑17幢A14-15两间,电话：0558-7152858,
滁州市百姓缘药品零售连锁有限公司阜阳新安大道店,地址：安徽省阜阳市开发区京九办新安大道299号世纪家园东区楼103室,电话：0558-2689609,
滁州市百姓缘药品零售连锁有限公司阜阳颍河东路店,地址：安徽省阜阳市颍东区颍河东路69号105-106室,电话：0558-2689689,
滁州市百姓缘药品零售连锁有限公司阜阳北京东路店,地址：安徽省阜阳市颍东区北京东路东方宾馆西侧,电话：0558-2689691,
滁州市百姓缘药品零售连锁有限公司阜阳二里井店,地址：安徽省阜阳市颍州区颍州路与林带路交叉口建设大厦,电话：0558-2689698,
滁州市百姓缘药品零售连锁有限公司天长秦栏二店,地址：安徽省滁州市天长市秦栏镇秦关街道东路,电话：0550-7760519,
滁州市百姓缘药品零售连锁有限公司阜阳绵织小区店,地址：安徽省阜阳市颍州区颖上南路西侧鸿达绵织小区综合1#楼,电话：0558-2689697,
老百姓大药房连锁股份有限公司百姓缘合肥武里山路店,地址：安徽省合肥市瑶海区永辉超市武里山路 ,电话：0551-64274155 ,
滁州市百姓缘药品零售连锁有限公司天长五店,地址：安徽省滁州市天长市天康大道与二凤路交叉口,电话：0550-7779500,
滁州市百姓缘药品零售连锁有限公司天长秦栏一店,地址：安徽省滁州市天长市秦栏镇秦关街道中路,电话：0550-7760518,
滁州市百姓缘药品零售连锁有限公司阜阳东关店,地址：安徽省阜阳市颍州区中市街道办事处颖河西路396号（东方新地）102-106室,电话：0558-2689696,
老百姓大药房连锁股份有限公司百姓缘合肥铜陵北路店,地址：安徽省合肥市瑶海区橘郡万绿园综合楼一层 ,电话：0551-64247477,
老百姓大药房连锁股份有限公司百姓缘合肥福海新居店,地址：安徽省合肥市瑶海区福海新居G幢103、104,33幢103、104室 ,电话：0551-64311393 ,
滁州市百姓缘药品零售连锁有限公司天长九店,地址：安徽省滁州市天长市平安北路建材综合商场,电话：0550-7031970,
滁州市百姓缘药品零售连锁有限公司凤阳门台店,地址：安徽省滁州市凤阳县门台镇老街门店方第2号房,电话：0550-6676383,
老百姓大药房连锁股份有限公司百姓缘合肥张洼路店,地址：安徽省合肥市新站区新恒生大厦3-101\/201、9-102\/202 ,电话：0551-64224189 ,
滁州市百姓缘药品零售连锁有限公司天长四店,地址：安徽省滁州市天长市新河南路百货公司楼北向南第四五间门面,电话：0550-7037700,
滁州市百姓缘药品零售连锁有限公司来安汊河一店,地址：安徽省滁州市来安县汊河新区东大街北侧路贰间,电话：0550-5639021,
老百姓大药房连锁股份有限公司百姓缘合肥当涂路店,地址：安徽省合肥市瑶海区当涂路38号格林磬园 ,电话：0551-64244721 ,
滁州市百姓缘药品零售连锁有限公司天长汊涧一店,地址：安徽省滁州市天长市汊涧镇南东街路,电话：0550-7610158,
滁州市百姓缘药品零售连锁有限公司天长三店,地址：安徽省滁州市天长市仁和南路肉厂综合楼三间门面,电话：0550-7033900,
老百姓大药房连锁股份有限公司百姓缘合肥中州店,地址：安徽省合肥市瑶海区凤阳路正泰大厦23、24、25号门面 ,电话：0551-64258303 ,
滁州市百姓缘药品零售连锁有限公司天长八店,地址：安徽省滁州市天长市石梁西路三中开发3号楼122-1.122-2号,电话：0550-7099002,
滁州市百姓缘药品零售连锁有限公司天长二店,地址：安徽省滁州市天长市谷丰商场,电话：0550-7779119,
滁州市百姓缘药品零售连锁有限公司来安水口店,地址：安徽省滁州市来安县水口镇104国道南侧,电话：0550-5900762,
滁州市百姓缘药品零售连锁有限公司凤阳临淮店,地址：安徽省滁州市凤阳县临淮镇门临路1号,电话：0550-6575769,
老百姓大药房连锁股份有限公司百姓缘合肥周谷堆店,地址：安徽省合肥市瑶海区屯溪路48号 ,电话：0551-64660711,
老百姓大药房连锁股份有限公司百姓缘合肥临泉东路店,地址：安徽省合肥市瑶海区皇马花园8号楼S101-1,电话：0551-64207665 ,
滁州市百姓缘药品零售连锁有限公司来安半塔二店,地址：安徽省滁州市来安县半塔镇民众南路42号,电话：0550-5704090,
滁州市百姓缘药品零售连锁有限公司凤阳四店,地址：安徽省滁州市凤阳县府城镇府西街北侧五岔路东北,电话：0550-6620955,
滁州市百姓缘药品零售连锁有限公司天长秦栏三店,地址：安徽省滁州市天长市秦栏镇寿昌社区秦关中路,电话：0550-7760517,
老百姓大药房连锁股份有限公司百姓缘合肥临泉东路二店,地址：安徽省合肥市瑶海区泗州路与临泉东路交口 ,电话：0551-64473067 ,
滁州市百姓缘药品零售连锁有限公司天长一店,地址：安徽省滁州市天长市建设东路（变更同心路3-4号）,电话：0550-7099001,
老百姓大药房连锁股份有限公司百姓缘合肥凤阳东路店,地址：安徽省合肥市瑶海区凤阳东路万福家园5号商住楼103、104 ,电话：0551-64418983 ,
滁州市百姓缘药品零售连锁有限公司来安半塔店,地址：安徽省滁州市来安县半塔镇陵园东路4号,电话：0550-5704500,
老百姓大药房连锁股份有限公司百姓缘静安新城店,地址：安徽省合肥市龙岗开发区静安新城26幢111、112 ,电话：0551-67668997 ,
滁州市百姓缘药品零售连锁有限公司天长六店,地址：安徽省滁州市天长市三桥路东侧新城花苑5栋129-130#,电话：0550-7099669,
老百姓大药房连锁股份有限公司百姓缘合肥和平路店,地址：安徽省合肥市瑶海区和平路89号 ,电话：0551-64474015 ,
滁州市百姓缘药品零售连锁有限公司凤阳三店,地址：安徽省滁州市凤阳县府城镇文昌街,电话：0550-6730693,
滁州市百姓缘药品零售连锁有限公司来安南大街店,地址：安徽省滁州市来安县花园综合楼从北向南第一间门面房,电话：0550-5633210,
老百姓大药房连锁股份有限公司百姓缘合肥金大塘店,地址：安徽省合肥市瑶海区明光路92号 ,电话：0551-64695311 ,
滁州市百姓缘药品零售连锁有限公司凤阳总铺店,地址：安徽省滁州市凤阳县总铺镇新街,电话：0550-6202096,
老百姓大药房连锁股份有限公司百姓缘合肥东湖店,地址：安徽省合肥市瑶海区东湖山庄碧云阁14号楼103、203 ,电话：0551-64859467 ,
滁州市百姓缘药品零售连锁有限公司来安永阳店,地址：安徽省滁州市来安县永阳市场,电话：0550-5633229,
老百姓大药房连锁股份有限公司百姓缘合肥胜利路店,地址：安徽省合肥市瑶海区窑湾路6号 ,电话：0551-64293385 ,
滁州市百姓缘药品零售连锁有限公司凤阳二店,地址：安徽省滁州市凤阳县府东街,电话：0550-6735986,
滁州市百姓缘药品零售连锁有限公司来安东大街店,地址：安徽省滁州市来安县东大街191号,电话：0550-5633259,
老百姓大药房连锁股份有限公司百姓缘合肥新海大道店,地址：安徽省合肥市瑶海区当涂路与新海大道交口X阳世纪城5幢107、207 ,电话：0551-64394653 ,
滁州市百姓缘药品零售连锁有限公司来安大马店,地址：安徽省滁州市来安县建阳南路12号,电话：0550-5633201,
滁州市百姓缘药品零售连锁有限公司来安二里桥店,地址：安徽省滁州市来安县来城建阳南路二里桥北侧,电话：0550-5633200,
滁州市百姓缘药品零售连锁有限公司全椒华巨十字店,地址：安徽省滁州市全椒县十字镇十字街道,电话：0550-3533151,
老百姓大药房连锁股份有限公司百姓缘合肥大通路店,地址：安徽省合肥市瑶海区大通路38中斜对面,电话：0551-64481317 ,
老百姓大药房连锁股份有限公司百姓缘合肥景秀世家店,地址：安徽省合肥市瑶海区徽州大道与紫云路交叉口金源购物中心 ,电话：0551-64429239 ,
滁州市百姓缘药品零售连锁有限公司华巨五店,地址：安徽省滁州市全椒县襄河镇庄曹新村商用C号楼,电话：0550-5208488,
老百姓大药房连锁股份有限公司百姓缘合肥巢湖路店,地址：安徽省合肥市瑶海区巢湖路春雨花园5号楼 ,电话：0551-62872135 ,
老百姓大药房连锁股份有限公司百姓缘合肥南七店,地址：安徽省合肥市蜀山区仰光路1号 ,电话：0551-63633391 ,
滁州市百姓缘药品零售连锁有限公司全椒华巨雅园店,地址：安徽省滁州市全椒县敬梓路雅园小区1幢门面房107,108号,电话：0550-5306332,
老百姓大药房连锁股份有限公司百姓缘城市绿苑店,地址：安徽省合肥市瑶海区铜陵路宝业城市绿苑紫街4栋103-1.2铺 ,电话：0551-64451960 ,
滁州市百姓缘药品零售连锁有限公司明光十一店,地址：安徽省滁州市明光市女山路43号科委楼门面自北向南第1.2间,电话：0550-8107881,
滁州市百姓缘药品零售连锁有限公司明光六店,地址：安徽省滁州市明光市四马路职高综合楼门面自西向东7、8、9间,电话：0550-8154392,
滁州市百姓缘药品零售连锁有限公司全椒华巨四店,地址：安徽省滁州市全椒县襄水北路,电话：0550-5208388,
滁州市百姓缘药品零售连锁有限公司华巨十店,地址：安徽省滁州市全椒县全椒城东三角花园2号商业楼16-17号,电话：0550-5303311,
老百姓大药房连锁股份有限公司百姓缘合肥香樟大道店,地址：安徽省合肥市蜀山区香樟大道272号 ,电话：0551-65732276 ,
老百姓大药房连锁股份有限公司百姓缘合肥潜山路店,地址：安徽省合肥市蜀山区潜山路永辉超市 ,电话：0551-63543275 ,
老百姓大药房连锁股份有限公司百姓缘合肥金屯店,地址：安徽省合肥市蜀山区金寨路227号 ,电话：0551-63638807 ,
滁州市百姓缘药品零售连锁有限公司全椒华巨三店,地址：安徽省滁州市全椒县襄水东路农村合作银行对面,电话：0550-5208288,
滁州市百姓缘药品零售连锁有限公司华巨九店,地址：安徽省滁州市全椒县襄河镇儒林路儒林东苑21#楼106-108号三间门面,电话：0550-5304411,
老百姓大药房连锁股份有限公司百姓缘合肥望江苑店,地址：安徽省合肥市蜀山区望江西路159号望江苑综合楼109-111号 ,电话：0551-65129455 ,
滁州市百姓缘药品零售连锁有限公司明光五店,地址：安徽省滁州市明光市三马路西段皖东拖车厂宿舍楼下第一层,电话：0550-8109321,
滁州市百姓缘药品零售连锁有限公司定远炉桥一店,地址：安徽省滁州市定远县炉桥镇工业区建材路,电话：0550-4301933,
老百姓大药房连锁股份有限公司百姓缘荣城花园北苑店,地址：安徽省合肥市庐阳区荣城北苑30幢1404室,电话：0551-65504573 ,
老百姓大药房连锁股份有限公司百姓缘合肥长江东路店,地址：安徽省合肥市瑶海区长江东路与定远路交叉口 ,电话：0551-64451093 ,
滁州市百姓缘药品零售连锁有限公司明光潘村店,地址：安徽省滁州市明光市潘村镇老街道,电话：0550-8934505,
老百姓大药房连锁股份有限公司百姓缘合肥木匠李路店,地址：安徽省合肥市蜀山区木匠李路新文采花园1号西区103 ,电话：0551-65325071 ,
老百姓大药房连锁股份有限公司百姓缘合肥合作化南路店,地址：安徽省合肥市蜀山区合作化路114号 ,电话：0551-65163529 ,
滁州市百姓缘药品零售连锁有限公司华巨八店,地址：安徽省滁州市全椒县襄河镇健康路过道数第四间、物资局楼一层南第五间,电话：0550-5207466,
滁州市百姓缘药品零售连锁有限公司全椒华巨二店,地址：安徽省滁州市全椒县襄河镇宝林居委会宝林路,电话：0550-5208188,
老百姓大药房连锁股份有限公司百姓缘合肥南苑店,地址：安徽省合肥市蜀山区宿松路155号 ,电话：0551-63652211 ,
滁州市百姓缘药品零售连锁有限公司明光四店,地址：安徽省滁州市明光市女山路与明珠苑小区西北入口处1号,电话：0550-8155290,
老百姓大药房连锁股份有限公司百姓缘合肥望江西路店,地址：安徽省合肥市蜀山区好帮手超市入口北面约30米 ,电话：0551-65736762 ,
老百姓大药房连锁股份有限公司百姓缘合肥花冲店,地址：安徽省合肥市瑶海区长江东路593号 ,电话：0551-64315611 ,
老百姓大药房连锁股份有限公司百姓缘肥西路店,地址：安徽省合肥市瑶海区肥西路299号 ,电话：0551-64262481 ,
滁州市百姓缘药品零售连锁有限公司明光九店,地址：安徽省滁州市明光市韩山南路与广场路路口,电话：0550-8022101,
老百姓大药房连锁股份有限公司百姓缘合肥人行店,地址：安徽省合肥市蜀山区梅山路2号银保大厦 ,电话：0551-63691251 ,
老百姓大药房连锁股份有限公司百姓缘合肥御琴湾店,地址：安徽省合肥市蜀山区樊洼路御琴湾1号102上下 ,电话：0551-65577479 ,
滁州市百姓缘药品零售连锁有限公司华巨六店,地址：安徽省滁州市全椒县襄河镇吴敬梓路西侧平安阁1幢8、9号,电话：0550-5034422,
老百姓大药房连锁股份有限公司百姓缘合肥双七店,地址：安徽省合肥市新站区双七路 ,电话：0551-62115277 ,
老百姓大药房连锁股份有限公司百姓缘合肥史河路店,地址：安徽省合肥市蜀山区史河路永辉超市 ,电话：0551-65596329 ,
滁州市百姓缘药品零售连锁有限公司明光三店,地址：安徽省滁州市明光市池河大道育才花园1号楼门面,电话：0550-8155979,
老百姓大药房连锁股份有限公司百姓缘合肥樊洼路店,地址：安徽省合肥市蜀山区樊洼路 ,电话：0551-65337465 ,
滁州市百姓缘药品零售连锁有限公司全椒华巨药品零售连锁有限公司,地址：安徽省滁州市全椒县儒林路,电话：0550-5034455,
滁州市百姓缘药品零售连锁有限公司明光八店,地址：安徽省滁州市明光市方家巷东方红电影院东侧,电话：0550-8109368,
老百姓大药房连锁股份有限公司百姓缘合肥聚云路店,地址：安徽省合肥市蜀山区聚云北路汇林阁 ,电话：0551-63539727 ,
老百姓大药房连锁股份有限公司百姓缘合肥天柱路店,地址：安徽省合肥市蜀山区长江西路888号徽商城市庭院1幢102室 ,电话：0551-65310365 ,
老百姓大药房连锁股份有限公司百姓缘合肥安居苑店,地址：安徽省合肥市蜀山区青阳路与长江路交叉口的信天商办楼一楼 ,电话：0551-65133061 ,
老百姓大药房连锁股份有限公司百姓缘合肥农发行店,地址：安徽省合肥市蜀山区金寨路农业发展银行内 ,电话：0551-63623746 ,
老百姓大药房连锁股份有限公司百姓缘合肥长江西路店,地址：安徽省合肥市蜀山区长江西路498号 ,电话：0551-65375821 ,
滁州市百姓缘药品零售连锁有限公司明光二店,地址：安徽省滁州市明光市龙山路37号,电话：0550-8139278,
老百姓大药房连锁股份有限公司百姓缘合肥西园店,地址：安徽省合肥市蜀山区长江西路306号和信大厦 ,电话：0551-65127171,
老百姓大药房连锁股份有限公司百姓缘合肥亳州路店,地址：安徽省合肥市蜀山区亳州路201号 ,电话：0551-65631534 ,
老百姓大药房连锁股份有限公司百姓缘十里店路店,地址：安徽省合肥市蜀山区公园道1号7栋1层103室 ,电话：0551-64426063 ,
老百姓大药房连锁股份有限公司百姓缘合肥东至路店,地址：安徽省合肥市蜀山区东至路5号陆军军官学院内综合服务楼2楼 ,电话：0551-65768292 ,
老百姓大药房连锁股份有限公司百姓缘肥东良小郢店,地址：安徽省合肥市肥东县店埠镇镇南良小郢（撮镇路人保对面） ,电话：0551-67702780 ,
老百姓大药房连锁股份有限公司百姓缘合肥板桥店,地址：安徽省合肥市庐阳区濉溪路2号 ,电话：0551-65691641 ,
滁州市百姓缘药品零售连锁有限公司定远永康店,地址：安徽省滁州市定远县永康镇滁谯路第一层（3间）,电话：0550-4404929,
老百姓大药房连锁股份有限公司百姓缘合肥肥东石塘路店,地址：安徽省合肥市肥东县店埠镇石塘路 ,电话：0551-67759239 ,
老百姓大药房连锁股份有限公司百姓缘合肥金鸟花园店,地址：安徽省合肥市庐阳区荣事达大道450号 ,电话：0551-65531121 ,
老百姓大药房连锁股份有限公司百姓缘肥东公园路店,地址：安徽省合肥市肥东县店埠镇镇西居委会桥西居民组（店埠镇公园路39号）,电话：0551-67704461 ,
老百姓大药房连锁股份有限公司百姓缘合肥轩辕路店,地址：安徽省合肥市经开区轩辕路以南、习友路以东南湖春城小区商铺E2 104 ,电话：0551-63484614 ,
老百姓大药房连锁股份有限公司百姓缘合肥和煦园店,地址：安徽省合肥市庐阳区蒙城北路和煦园小区11幢西1号 ,电话：0551-65695090 ,
滁州市百姓缘药品零售连锁有限公司定远六店,地址：安徽省滁州市定远县定城镇长征路与东城路交叉口M-115、M-116,电话：0550-4999059,
老百姓大药房连锁股份有限公司百姓缘合肥肥东龙泉西路二店,地址：安徽省合肥市肥东县埠镇龙泉西路97号 ,电话：0551-67708975 ,
滁州市百姓缘药品零售连锁有限公司定远张桥店,地址：安徽省滁州市定远县张桥镇合蚌路,电话：0550-4607779,
滁州市百姓缘药品零售连锁有限公司定远二店,地址：安徽省滁州市定远县人民路59号,电话：0550-4021766,
老百姓大药房连锁股份有限公司百姓缘合肥国轩苑店,地址：安徽省合肥市庐阳区国轩苑六幢101室 ,电话：0551-65110378 ,
老百姓大药房连锁股份有限公司百姓缘皖河路店,地址：安徽省合肥市包河区潜山路与皖河路交口新华国际金融广场A座 ,电话：0551-65280979 ,
滁州市百姓缘药品零售连锁有限公司定远十店,地址：安徽省滁州市定远县市场路东侧林业局综合楼南侧,电话：0550-4035106,
老百姓大药房连锁股份有限公司百姓缘肥东龙泉东路店,地址：安徽省合肥市肥东县埠镇龙泉东路76号过道西一、二间 ,电话：0551-67700060 ,
老百姓大药房连锁股份有限公司百姓缘合肥青年小区店,地址：安徽省合肥市包河区宁国路青年小区29幢南段,电话：0551-64654004 ,
老百姓大药房连锁股份有限公司百姓缘繁华大道店,地址：安徽省合肥市包河区内蒙古路1号 ,电话：0551-63478373 ,
老百姓大药房连锁股份有限公司百姓缘合肥莲花路店,地址：安徽省合肥市经开区莲花路交口 ,电话：0551-65417836 ,
老百姓大药房连锁股份有限公司百姓缘合肥固镇路店,地址：安徽省合肥市庐阳区固镇路 ,电话：0551-65366406 ,
老百姓大药房连锁股份有限公司百姓缘合肥肥东人民路店,地址：安徽省合肥市肥东县人民路14 ,电话：0551-67752969 ,
老百姓大药房连锁股份有限公司百姓缘合肥芙蓉路店,地址：安徽省合肥市经开区芙蓉路南松谷路西东海花园商铺H区 ,电话：0551-68991370 ,
老百姓大药房连锁股份有限公司百姓缘合肥马鞍山路店,地址：安徽省合肥市包河区马鞍山路店绿地赢海 ,电话：0551-63470857 ,
老百姓大药房连锁股份有限公司百姓缘合肥双岗店,地址：安徽省合肥市庐阳区阜阳北路5号 ,电话：0551-65621469 ,
滁州市百姓缘药品零售连锁有限公司定远九店,地址：安徽省滁州市定远县定滁路北侧编号为2006-15第1幢自东向西8-9号,电话：0550-4297138,
老百姓大药房连锁股份有限公司百姓缘合肥翠微店,地址：安徽省合肥市经开区翠微路11 ,电话：0551-63879796 ,
滁州市百姓缘药品零售连锁有限公司定远五店,地址：安徽省滁州市定远县定城镇西大街建设小学商住楼门面门,电话：0550-4022631,
滁州市百姓缘药品零售连锁有限公司乌衣二店,地址：安徽省滁州市乌衣镇清流路,电话：0550-3926587,
老百姓大药房连锁股份有限公司百姓缘合肥丰大苑店,地址：安徽省合肥市庐阳区丰大苑1号楼 ,电话：0551-65613161 ,
老百姓大药房连锁股份有限公司百姓缘肥东人民路二店,地址：安徽省合肥市肥东县店埠镇人民路青春苑小区A区7栋106，107号 ,电话：0551-67711692 ,
老百姓大药房连锁股份有限公司百姓缘望江西路二店,地址：安徽省合肥市高新区望江西路与文曲路交叉口C3座1楼 ,电话：0551-68564174 ,
老百姓大药房连锁股份有限公司百姓缘合肥九华山路店,地址：安徽省合肥市包河区九华山路菜市场大门西侧,电话：0551-64652940,
老百姓大药房连锁股份有限公司百姓缘合肥水阳江路店,地址：安徽省合肥市包河区菱水苑北7号楼112室 ,电话：0551-63438055 ,
老百姓大药房连锁股份有限公司百姓缘合肥肥东分公司,地址：安徽省合肥市肥东县新街12号 ,电话：0551-67747686 ,
老百姓大药房连锁股份有限公司百姓缘合肥肥西小庙店,地址：安徽省合肥市肥西县小庙镇卫星路31号 ,电话：0551-68599766 ,
老百姓大药房连锁股份有限公司百姓缘合肥撮镇店,地址：安徽省合肥市肥东县撮镇镇西居委会南街居民组商住房 ,电话：0551-67368225 ,
滁州市百姓缘药品零售连锁有限公司定远四店,地址：安徽省滁州市定远县合蚌路伟华新天地商业步行街A区,电话：0550-4029851,
老百姓大药房连锁股份有限公司百姓缘合肥卫岗店,地址：安徽省合肥市包河区徽州大道1024号 ,电话：0551-63417264 ,
老百姓大药房连锁股份有限公司百姓缘合肥肥东龙泉西路店,地址：安徽省合肥市肥东县龙泉西路49号 ,电话：0551-67756239 ,
老百姓大药房连锁股份有限公司百姓缘肥东梁园路店,地址：安徽省合肥市肥东县埠镇梁园路11号 ,电话：0551-67759272 ,
老百姓大药房连锁股份有限公司百姓缘合肥青年路店,地址：安徽省合肥市包河区望江路青年路交口西南侧 ,电话：0551-63436120 ,
老百姓大药房连锁股份有限公司百姓缘合肥葛大路店,地址：安徽省合肥市包河区葛大路南侧同心苑小区110、111 ,电话：0551-63497241 ,
滁州市百姓缘药品零售连锁有限公司定远八店,地址：安徽省滁州市定远县定城镇合蚌路1059号,电话：0550-4997780,
滁州市百姓缘药品零售连锁有限公司定远三店,地址：安徽省滁州市定远县严桥路108号,电话：0550-4285861,
滁州市百姓缘药品零售连锁有限公司东洲苑店,地址：安徽省滁州市东洲苑266-5.266-10室,电话：0550-3835790,
老百姓大药房连锁股份有限公司百姓缘合肥骆园小区店,地址：安徽省合肥市包河区青年路骆园小区2幢7号门面 ,电话：0551-63429859 ,
老百姓大药房连锁股份有限公司百姓缘合肥淝河路店,地址：安徽省合肥市包河区淝河南路772号凤巢园小区20幢402室 ,电话：0551-64676065 ,
滁州市百姓缘药品零售连锁有限公司乌衣一店,地址：安徽省滁州市乌衣镇乌衣合浦路9号,电话：0550-3836030,
老百姓大药房连锁股份有限公司百姓缘东流路二店,地址：安徽省合肥市包河区东流路9号 ,电话：0551-62833260 ,
滁州市百姓缘药品零售连锁有限公司小红庙店,地址：安徽省滁州市紫薇中路1668号,电话：0550-3836013,
滁州市百姓缘药品零售连锁有限公司龙蟠南苑店,地址：安徽省滁州市东坡路南侧龙蟠南苑综合楼一楼,电话：0550-3012276,
老百姓大药房连锁股份有限公司百姓缘合肥东流路店,地址：安徽省合肥市包河区东流路5号 ,电话：0551-63417594 ,
滁州市百姓缘药品零售连锁有限公司发能国际城店,地址：安徽省滁州市城南政务新区龙蟠大道166号,电话：0550-3030978,
滁州市百姓缘药品零售连锁有限公司中心店,地址：安徽省滁州市银花新村38号106、206室,电话：0550-3033517,
滁州市百姓缘药品零售连锁有限公司京华园店,地址：安徽省滁州市恒丰西路45.47号门面,电话：0550-3013813,
滁州市百姓缘药品零售连锁有限公司天逸华府店,地址：安徽省滁州市天逸华府永乐路桂园A段213.215号,电话：0550-3707115,
滁州市百姓缘药品零售连锁有限公司创业中苑店,地址：安徽省滁州市创业中苑9#一层,电话：0550-3787950,
老百姓大药房连锁股份有限公司百姓缘合肥工业大学店,地址：安徽省合肥市包河区工业大学南校区,电话：0551-62905076,
滁州市百姓缘药品零售连锁有限公司扬子路店,地址：安徽省滁州市扬子大市场门面房东12-13号,电话：0550-3725207,
滁州市百姓缘药品零售连锁有限公司铜矿店,地址：安徽省滁州市西涧路2699号铜乐园13幢06室,电话：0550-3012906,
滁州市百姓缘药品零售连锁有限公司珠龙店,地址：安徽省滁州市南谯区清流社区珠扬路60-1号,电话：0550-3010268,
滁州市百姓缘药品零售连锁有限公司裕坤丽晶店,地址：安徽省滁州市南谯南路788号裕坤丽晶城23幢806室,电话：0550-3057627,
滁州市百姓缘药品零售连锁有限公司铜欣花园店,地址：安徽省滁州市铜矿南村二区31幢104-105室,电话：0550-3057050,
滁州市百姓缘药品零售连锁有限公司天安小区店,地址：安徽省滁州市全椒路118号商铺118室,电话：0550-3075289,
滁州市百姓缘药品零售连锁有限公司古马路店,地址：安徽省滁州市琅琊区丰乐大道金色河畔商业单元81-5、81-6室,电话：0550-3704087,
滁州市百姓缘药品零售连锁有限公司菱溪苑店,地址：安徽省滁州市菱溪北路368号菱溪苑小区大门南侧1-2间,电话：0550-3034993,
滁州市百姓缘药品零售连锁有限公司北湖店,地址：安徽省滁州市南谯北路183号,电话：0550-3787135,
滁州市百姓缘药品零售连锁有限公司龙蟠北苑店,地址：安徽省滁州市龙蟠大道与草塘路交叉口,电话：0550-3122857,
滁州市百姓缘药品零售连锁有限公司凤凰小区店,地址：安徽省滁州市凤凰三村门市部22号,电话：0550-3316281,
滁州市百姓缘药品零售连锁有限公司天乐小区店,地址：安徽省滁州市天乐南区9#楼底层2-3号,电话：0550-3788179,
滁州市百姓缘药品零售连锁有限公司清流路店,地址：安徽省滁州市中都大道14、16号商业门面,电话：0550-3316283,
滁州市百姓缘药品零售连锁有限公司荣康店,地址：安徽省滁州市凤阳路258号,电话：0550-3052265,
滁州市百姓缘药品零售连锁有限公司天长东路店,地址：安徽省滁州市天长东路178号东源大厦1楼,电话：0550-3514820,
滁州市百姓缘药品零售连锁有限公司二纺机店,地址：安徽省滁州市二纺机9号楼营业房,电话：0550-3567907,
滁州市百姓缘药品零售连锁有限公司龙蟠店,地址：安徽省滁州市龙蟠小区1号楼地块商业楼叁标一层门面,电话：0550-3567871,
滁州市百姓缘药品零售连锁有限公司山水人家店,地址：安徽省滁州市丰乐南路86号,电话：0550-3536121,
滁州市百姓缘药品零售连锁有限公司城东店,地址：安徽省滁州市清流路896号,电话：0550-3057695,
滁州市百姓缘药品零售连锁有限公司凤阳一店,地址：安徽省滁州市凤阳县府北商贸城F4层101-102,电话：0550-6730389,
滁州市百姓缘药品零售连锁有限公司丰乐大道店,地址：安徽省滁州市丰乐大道678号,电话：0550-3044182,
滁州市百姓缘药品零售连锁有限公司来安北大街药店,地址：安徽省滁州市来安县来安北大街60号,电话：0550-5611200,
滁州市百姓缘药品零售连锁有限公司卫校店,地址：安徽省滁州市琅琊西路21号,电话：0550-3021244,
滁州市百姓缘药品零售连锁有限公司湖心路店,地址：安徽省滁州市凤阳路491号,电话：0550-3072062,
滁州市百姓缘药品零售连锁有限公司银花店,地址：安徽省滁州市湖心路89-95号,电话：0550-3074596,
滁州市百姓缘药品零售连锁有限公司紫薇店,地址：安徽省滁州市凤凰西路320号,电话：0550-3072629,
滁州市百姓缘药品零售连锁有限公司三里亭店,地址：安徽省滁州市瑞景颐园188号,电话：0550-3034975,
滁州市百姓缘药品零售连锁有限公司明光一店,地址：安徽省滁州市明光市车站路21号,电话：0550-8029108,
滁州市百姓缘药品零售连锁有限公司中信店,地址：安徽省滁州市南谯北路409号,电话：0550-3111063,
滁州市百姓缘药品零售连锁有限公司民泰店,地址：安徽省滁州市明光路298号,电话：0550-3023311,
滁州市百姓缘药品零售连锁有限公司定远一店,地址：安徽省滁州市定远县曲阳路商业步行街1号综合楼A112-A113、B101,电话：0550-4030966,
安徽国大药房连锁有限公司华府骏苑店,地址：安徽省合肥市蜀山区孔唐路与洪岗路商208号,电话：0551-66192028,
安徽国大药房连锁有限公司香榭水都店,地址：安徽省合肥市政务区习友路978号国建香榭水都26栋105室,电话：0551-65876792,
安徽国大药房连锁有限公司皖江路店,地址：安徽省合肥市包河区金悦领地6#102室,电话：0551-65573101,
安徽国大药房连锁有限公司姚公庙店,地址：安徽省合肥市姚公后街建工学院后门 ,电话：0551-63514796,
安徽国大药房连锁有限公司昊天园店,地址：安徽省合肥市新站区星火集贸市场109\/110号,电话：0551-64386882,
安徽国大药房连锁有限公司西七里塘店,地址：安徽省合肥市长江西路563号 ,电话：0551-65637580,
安徽国大药房连锁有限公司金寨路店,地址：安徽省合肥市金寨路机研所站牌处 ,电话：0551-63693509,
安徽国大药房连锁有限公司海棠花园店,地址：安徽省合肥市凤台路209号海棠花园42号楼门店 ,电话：0551-65655176,
安徽国大药房连锁有限公司桐城路店,地址：安徽省合肥市桐城南路 ,电话：0551-63643068,
安徽国大药房连锁有限公司王大郢店,地址：安徽省合肥市淝河路与铜陵路交叉口,电话：0551-63468807,
安徽国大药房连锁有限公司阜南路店,地址：安徽省合肥市阜南路32号 ,电话：0551-62645216,
安徽国大药房连锁有限公司菱水苑店,地址：安徽省合肥市水阳江路菱水苑南一栋102号 ,电话：0551-63430514,
安徽国大药房连锁有限公司包河苑店,地址：安徽省合肥市包河工业区包河苑小区A区017-018号门面房,电话：0551-65504592,
安徽国大药房连锁有限公司国际花都店,地址：安徽省合肥市政务区国际花都郁金香10-115、10-116号 ,电话：0551-63524655,
安徽国大药房连锁有限公司新华学府店,地址：安徽省合肥市蜀山区石台路美食一条街11号 ,电话：0551-65504359,
安徽国大药房连锁有限公司都市清华店,地址：安徽省合肥市临泉路与颖上路交口向北50米 ,电话：0551-65539316,
安徽国大药房连锁有限公司金地店,地址：安徽省合肥市马鞍山路金地国际城大门口 ,电话：0551-63480498,
安徽国大药房连锁有限公司香江世纪名城店,地址：安徽省合肥市临泉路合家福斜对面 ,电话：0551-64374821,
安徽国大药房连锁有限公司新亚店,地址：合肥市临泉路与站西路交口华府嘉园 ,电话：0551-64683576,
安徽国大药房连锁有限公司定远路店,地址：合肥市瑶海区龙岗开发区史城村金泰大学生创业基地研发楼一层 ,电话：0551-64474369,
先声再康江苏药业有限公司铜陵华城大药房,地址：安徽省铜陵市石城大道618号国际华城30号楼4号商铺,电话：0562-5317086,
先声再康江苏药业有限公司安庆华中东路药店,地址：安徽省安庆市华中东路店d7栋9-10门面,电话：0556-5703288,
先声再康江苏药业有限公司铜陵康富大药房,地址：安徽省铜陵市官塘二路人行后门旁,电话：无,
先声再康江苏药业有限公司安庆玉林路药店,地址：安徽省安庆市玉琳路81号,电话：0556-8761952,
先声再康江苏药业有限公司铜陵金康大药房,地址：安徽省铜陵市新光路449号,电话：0562-5317096,
先声再康江苏药业有限公司铜陵绿十字大药房,地址：安徽省铜陵市淮河大道中段446号朝阳大厦8号,电话：0562-2816078,
先声再康江苏药业有限公司安庆程墩路药店,地址：安徽省安庆市迎江区程墩路9号,电话：0556-8756116,
淮北市相山区付豪春天大药房,地址：安徽省淮北市相山区人民中路巴黎印象门面,电话：0561-3036882,
