晋城杏泽药品零售陵川百姓药店,地址：山西省晋城市陵川县崇文镇南关村,电话：无,
山西荣华大药房连锁有限公司上马街二店,地址：山西省太原市上马街2号,电话：无,
长城医药春怡南部,地址：山西省太原市杏花岭区中涧河春怡南小区小二楼,电话：无,
长城医药大同市东关店,地址：山西省大同市万寿路西侧,电话：0352-3100101,
长城医药大同市西街店,地址：山西省大同市大西街５号楼 ,电话：0352- 6083549 ,
长城医药小店学府街部,地址：山西省太原市小店区学府街33号西一间,电话：无,
长城医药大同市柳港园店,地址：山西省大同市南环路与柳泉南街交叉口,电话：0352-5012401,
长城医药小店康宁街部,地址：山西省太原市小店区康宁街中段,电话：无,
长城医药大同市东信店,地址：山西省大同市魏都大道59号附近,电话：0352-6032141,
长城医药南内环部,地址：山西省太原市迎泽区南内环135号一层,电话：0531-2148192,
长城医药王府花园部,地址：山西省太原市小店区长治路王府花园B座一层,电话：无,
长城医药大同长城药店二部,地址：山西省大同市同泉西路附近,电话：0352-6083574,
长城医药忻州市原平市体育南路店,地址：山西省忻州市原平市其他体育南路627-1159号,电话：0350-8232810,
长城医药大同连锁一店,地址：山西省大同市城区迎宾街51-53号,电话：0352-6035541,
长城医药忻州市原平市永康路部,地址：山西省忻州市原平市永康北路,电话：0350-8300104,
长城医药大同长城药店一部,地址：山西省大同市泰昌里附近,电话：无,
长城医药忻州市原平一部,地址：山西省忻州市原平市新原乡京原南路2148-2492号(东大购物西),电话：0350-8322014,
长城医药寿阳益康部,地址：山西省晋中市寿阳县九龙路附近,电话：0354-3544141,
长城医药大同市新荣区店,地址：山西省大同市新荣区长城西街9号 ,电话：0352-6020104,
长城医药临汾侯马部,地址：山西省临汾市侯马市浍滨街-文明路铁一处北侧,电话：0357-4081117,
长城医药临汾霍州东大街部,地址：山西省临汾市霍州鼓楼东街151号(霍州东大街部),电话：0357-5613896,
长城医药临汾市洪洞县,地址：山西省临汾市洪洞县飞虹西大街,电话：0357-6235311,
长城医药孝义四部,地址：山西省吕梁市孝义市府前街250,电话：0358-3526625,
长城医药晋中市汇隆店10部,地址：山西省晋中市花园路230号,电话：0354-3010254,
长城医药孝义府前街店,地址：山西省吕梁市孝义市清风国美对面,电话：0358-3036689,
长城医药晋中市经纬2部,地址：山西省晋中市榆次区经纬厂二生活区,电话：0354-3021145,
长城医药晋中市经纬店,地址：山西省晋中市纬四路和经四路的交叉口附近,电话：0354-3230402,
长城医药孝义一部,地址：山西省吕梁市孝义市新义街287号(孝义一部),电话：无,
长城医药晋中市榆次区新华店,地址：山西省晋中市榆次区新华东街,电话：0354-3036689,
长城医药晋中市菜园部,地址：山西省晋中市菜园西街附近,电话：0354-2454787,
长城医药海子边部,地址：山西省太原市迎泽区海子边儿童公园北门西侧,电话：无,
长城医药孝义二部,地址：山西省吕梁市孝义市建设街257号,电话：0358-3021001,
长城医药晋中市榆次区顺城西街店,地址：山西省晋中市榆次区东顺城街猫儿岭,电话：0354-2014474,
长城医药晋中玉湖店,地址：山西省晋中市文苑街附近,电话：0354-3457714,
长城医药郝家沟部,地址：山西省太原市迎泽区郝家沟街与东中环西南角,电话：无,
长城医药大马部,地址：山西省太原市小店区大马村东三排一号,电话：0351-7836652,
长城医药晋中市阳光花园店,地址：山西省晋中市顺城街府兴路阳光花园门面房长城药店旁,电话：0354-2088346,
长城医药晋中市榆次区猫儿岭店,地址：山西省晋中市榆次区顺城东街60,电话：0354-2310014,
长城医药榆次一部,地址：山西省晋中市榆次区粮店街39号,电话：0354-3547747,
长城医药后王部,地址：山西省太原市万柏林区后王南街三益东苑门面房,电话：0351-2346157,
长城医药殷家堡部,地址：山西省太原市小店区高新殷家堡大街南排43号,电话：0351-7438128,
长城医药晋中市迎宾店15部,地址：山西省晋中市迎宾街与中都路交叉口,电话：0354-2366001,
长城医药晋中市榆次区汇隆店,地址：山西省晋中市榆次区花园路230号,电话：0354-2300104,
长城医药榆次龙湖店,地址：山西省晋中市榆次区沈阳路,电话：0354-3526686,
长城医药西客站部,地址：山西省太原市万柏林区西客站进站楼北侧,电话：0351-6561534,
长城医药解南部,地址：山西省太原市迎泽区解放南路148号方圆大厦B座1层,电话：0351-4166348,
长城医药晋中市大众分店,地址：山西省晋中市灵石县滨河北路,电话：0354-3021445,
长城医药晋中市安宁街店,地址：山西省晋中市榆次区安宁大街223号,电话：0354-2447115,
长城医药晋中长城药店,地址：山西省晋中市汇通路338号,电话：0354-3230402,
长城医药长治路部,地址：山西省太原市小店区长治路与王村专街十字路口往北30米路西,电话：0351-7225179,
长城医药大众部,地址：山西省太原市万柏林区和平南路81号一层,电话：0351-6522667,
长城医药晋中市西顺城二店17部,地址：山西省晋中市榆次区顺城西街,电话：0354-3014101,
长城医药晋中市榆次区蕴华店,地址：山西省晋中市榆次区蕴华街438号,电话：0354-3586641,
长城医药北张二部,地址：山西省太原市小店区北张小区斜对面意尔康巷口往里10米,电话：0351-8781228,
长城医药亲贤部,地址：山西省太原市小店区亲贤北街59号商铺04号,电话：无,
长城医药赵庄部,地址：山西省太原市尖草坪区大同路213号赵庄小区29号楼,电话：0351-3550969,
长城医药晋中市使赵店,地址：山西省晋中市榆次区使赵街250,电话：0354-2100135,
长城医药晋中榆次区安宁新村店,地址：山西省晋中市榆次区新建北路485号附近,电话：0354-3988774,
长城医药解南二部,地址：山西省太原市迎泽去解放南路54号北起第一间,电话：0351-2346151,
长城医药大医院部,地址：山西省太原市小店区平阳南路小马村山西大医院西侧,电话：0351-7837826,
长城医药白桦苑部,地址：山西省太原市杏花岭区裕丰惠泽苑小区9号楼10号商铺,电话：无,
长城医药晋中市顺城街店,地址：山西省晋中市顺城街6号阳光写字楼,电话：0354-2474125,
长城医药南十方部,地址：山西省太原市迎泽区建设南路（南十方）380号,电话：无,
长城医药学府街部,地址：山西省太原市小店区学府街坞城路口西北角,电话：0351-7433798,
长城医药上兰村部,地址：山西省太原市尖草坪区上兰村炭市街49号,电话：0351-3923757,
长城医药并东部,地址：山西省太原市并州东街95号山西艺术职业学院东侧门面,电话：无,
长城医药义井部,地址：山西省太原市晋源区义井化工医院对面,电话：0351-6071663,
长城医药胜利街部,地址：山西省太原市杏花岭区胜利街14号金海湾商务会所西侧一层门面房,电话：0351-3576318,
长城医药南肖墙部,地址：山西省太原市杏花岭区南肖墙48号,电话：无,
长城医药闫家沟部,地址：山西省太原市万柏林区闫家沟社区18号,电话：0351-6821733,
长城医药天龙部,地址：山西省太原市迎泽区迎泽大街291号天龙大厦一层东门口,电话：0351-2148192,
长城医药北河湾部,地址：山西省太原市杏花岭区北河湾东街1-1号金林佳园小区底商,电话：0351-2346153,
长城医药文源巷部,地址：山西省太原市迎泽区文源巷35号东侧,电话：0351-4129785,
长城医药恒山路部,地址：山西省太原市尖草坪区恒山路14宿舍10楼底商,电话：0351-3162716,
长城医药公园路部,地址：山西省太原市万柏林区西矿街35号柏林宾馆地下室,电话：无,
长城医药体育路部,地址：山西省太原市小店区体育路11号1幢商铺7号,电话：无,
长城医药国师街部,地址：山西省太原市杏花岭区国师街21号底商4号,电话：无,
长城医药北大街部,地址：山西省太原市杏花岭区北大街48号金牛公寓底商,电话：0351-3086651,
长城医药南中环三部,地址：山西省太原市小店区南中环街殷堡西北角,电话：0351-2830589,
长城医药长风小区部,地址：山西省太原市小店区长风公寓34号楼东南侧商用房,电话：0351-2346152,
长城医药白龙庙部,地址：山西省太原市杏花岭区白龙庙红沟路临街零号楼一层底商,电话：0351-4426845,
长城医药五龙口二部,地址：山西省太原市杏花岭区五龙口街路北昌源胜景一层底商,电话：0351-4646266,
长城医药南中环二部,地址：山西省太原市小店区北张村西街63号,电话：无,
长城医药长风部,地址：山西省太原市小店区体育西路339号楼东侧北面第六间,电话：0351-8783583,
长城医药凯旋部,地址：山西省太原市杏花岭区职工新街15号,电话：0351-4651387,
长城医药公平南路部,地址：山西省太原市晋源区和平南路498号,电话：无,
长城医药五龙口部,地址：山西省太原市迎泽区五龙口街82号门面房,电话：无,
长城医药大都会部,地址：山西省太原市南外环200号罗马花苑10幢1层,电话：0351-7436671,
长城医药狄村部,地址：山西省太原市小店区狄村街20号,电话：0351-7189929,
长城医药水西关部,地址：山西省太原市迎泽区水西关街10号,电话：0351-2346150,
长城医药千峰北路部,地址：山西省太原市万柏林区瓦窑村北国名宅一单元一层,电话：0351-6591030,
长城医药晋机部,地址：山西省太原市尖草坪区小东流丰盛西区一排一号,电话：0351-6991330,
长城医药大唐部,地址：山西省太原市小店区平阳路王村北街大唐花园10-3号,电话：无,
长城医药敦化南路部,地址：山西省太原市杏花岭区敦化南路65号,电话：0351-4435823,
长城医药寇庄部,地址：山西省太原市迎泽区寇庄西路5号,电话：无,
长城医药千峰部,地址：山西省太原市万柏林区千峰南路大王北小区11号楼4号,电话：0351-6585999,
长城医药党校部,地址：山西省太原市小店区师范街149号1幢一层1001号,电话：0351-7029175,
长城医药许坦西街部,地址：山西省太原市小店区许坦西街53号,电话：0351-8712004,
长城医药大东关部,地址：山西省太原市杏花岭区大东关甲字19号,电话：0351-3175169,
长城医药菜园部,地址：山西省太原市迎泽区寇庄西路,电话：0351-7230243,
长城医药建南三部,地址：山西省太原市小店区建设南路363号,电话：无,
长城医药涧河部,地址：山西省太原市尖草坪区涧河尖草坪街北院48号,电话：0351-3141990,
长城医药董茹部,地址：山西省太原市晋源区金胜镇董茹村商业街3栋2号2楼,电话：0351-6555685,
长城医药昌盛小区部,地址：山西省太原市尖草坪区柴村昌盛小区1号楼底商,电话：无,
长城医药下元二部,地址：山西省太原市万柏林区和平北路15号,电话：0351-6041613,
长城医药建南二部,地址：山西省太原市迎泽区建设南路南十方380号,电话：无,
长城医药兴华街部,地址：山西省太原市尖草坪兴华街49号,电话：0351-6650261,
长城医药桃北部,地址：山西省太原市迎泽区桃园北路22号十四幢一层,电话：0351-4078598,
长城医药柴村二部,地址：山西省太原市尖草坪区柴村镇多福路物资局宿舍1单元1号,电话：0351-3667969,
长城医药下元一部,地址：山西省太原市万柏林区下元公交总站东侧,电话：0351-6108753,
长城医药建南部,地址：山西省太原市迎泽区建设南路51号,电话：0351-4182162,
长城医药桃南部,地址：山西省太原市迎泽区桃园南路38号,电话：0351-4072272,
长城医药老军营部,地址：山西省太原市迎泽区菜园西街9号省林业厅1号楼底商,电话：0351-7328707,
长城医药下元部,地址：山西省太原市万柏林区移村南街32号1#楼一层9号,电话：无,
长城医药朝阳三部,地址：山西省太原市迎泽区朝阳街76号西户,电话：0351-4399485,
长城医药白龙庙二部,地址：山西省太原市杏花岭区白龙庙街15号楼底商第2户,电话：0351-4830668,
长城医药康乐部,地址：山西省太原市迎泽区康乐街12号,电话：0351-4071268,
长城医药朝阳二部,地址：山西省太原市小店区小马村东街1巷1号,电话：无,
长城医药义井二部,地址：山西省太原市万柏林区和平南路248号太化和平苑小区A座底商10号,电话：0351-6075879,
长城医药朝阳部,地址：山西省太原市迎泽区朝阳街39号同至人购物中心A009号,电话：0351-2563472,
长城医药广场三部,地址：山西省太原市迎泽区侯家巷6号,电话：0351-4129785,
长城医药广场二部,地址：山西省太原市迎泽区并州北路11号,电话：无,
长城医药广场部,地址：山西省太原市迎泽区五一东街西口,电话：0351-4129702,
长城医药小店五部,地址：山西省太原市小店区人民北路康怡小区1号楼商铺2号,电话：无,
长城医药平阳路部,地址：山西省太原市小店区平阳路14号21幢一层底商,电话：0351-7339760,
长城医药小店四部,地址：山西省太原市小店康宁街西边万马仕斜对面,电话：无,
长城医药中涧河部,地址：山西省太原市尖草坪区建设北路享堂村,电话：0351-3283099,
长城医药宽银幕部,地址：山西省太原市迎泽区西羊市街22号,电话：0351-4050280,
长城医药小店三部,地址：山西省太原市小店区通达街13号,电话：0351-7264386,
长城医药大同路部,地址：山西省太原市尖草坪区大同路赵庄游泳馆对面,电话：0351-3550969,
长城医药迎新部,地址：山西省太原市迎新街130号,电话：0351-3159378,
长城医药小店二部,地址：山西省太原市小店区人民北路粮食局综合楼一层,电话：0351-7262687,
长城医药北张部,地址：山西省太原市尖草坪区大同路213号,电话：无,
长城医药坞城部,地址：山西省太原市小店区坞城路23号,电话：无,
长城医药小店部,地址：山西省太原市小店区人民南路1号,电话：0351-7174226,
长城医药晋机厂部,地址：山西省太原市尖草坪区和平北路晋机厂门口,电话：0351-6991330,
长城医药漪汾三部,地址：山西省太原市漪汾街86号,电话：0351-2564734,
长城医药五一路四部,地址：山西省太原市杏花岭区五一北路608号,电话：0351-3070655,
长城医药柴村城东部,地址：山西省太原市尖草坪中心医院往南100米星光街芮城东小区底铺,电话：0351-3667969,
长城医药漪汾二部,地址：山西省太原市万柏林区千峰北路漪汾苑北区2号楼底商2号,电话：0351-6283312,
长城医药五一路三部,地址：山西省太原市杏花岭区五一路264号37幢,电话：0351-3033158,
长城医药兴华部,地址：山西省太原市兴华街49号,电话：0351-6650261,
长城医药漪汾部,地址：山西省太原市万柏林区华宇购物广场,电话：无,
长城医药五一路二部,地址：山西省太原市杏花岭区五一路156号7幢二层,电话：0351-3073445,
长城医药迎新街部,地址：山西省太原市尖草坪区迎新街130号,电话：0351-3159378,
长城医药尖草坪部,地址：山西省太原市尖草坪区解放北路332号,电话：无,
长城医药五一路一部,地址：山西省太原市山医二院南侧30米,电话：0351-3363135,
长城医药昌盛部,地址：山西省太原市尖草坪区柴村昌盛小区1栋南2号,电话：0351-6030826,
长城医药总部,地址：山西省太原市五一路219号,电话：无,
长城医药迎新街二部,地址：山西省太原市尖草坪区新城西街104号,电话：0351-3053573,
长城医药柴村部,地址：山西省太原市尖草坪区柴村人民广场6号,电话：0351-6036086,
太原医药药材公司迎新药店,地址：山西省太原市迎新街正街2-3号,电话：无,
太原医药药材公司保宁堂药店,地址：山西省太原市小店区小店益丰西街1号（房地产交易大厦底商）,电话：0351-7175591,
太原医药药材公司城南药店,地址：山西省太原市杏花岭区涧河路39号,电话：无,
太原医药药材公司为民药店,地址：山西省太原市小店区人民北路52号,电话：无,
晋城杏泽药品零售陵川仁济生药店,地址：山西省晋城市陵川县崇文镇城内社区,电话：无,
晋城杏泽药品零售陵川旭康药店,地址：山西省晋城市陵川县崇文镇落雁街路南,电话：无,
晋城杏泽药品零售康利药店,地址：山西省晋城市城区新市东街336号,电话：无,
晋城杏泽药品零售八甲口药店,地址：山西省晋城市阳城县八甲口镇小庄村,电话：无,
晋城杏泽药品零售郑村药店,地址：山西省晋城市沁水县郑村镇肖庄村候许大路19号,电话：无,
晋城杏泽药品零售百姓缘药店,地址：山西省晋城市阳城县西河乡峪则村,电话：无,
晋城杏泽药品零售沁园春药店,地址：山西省晋城市沁水县端氏镇端氏村,电话：无,
晋城杏泽药品零售灵星药店,地址：山西省晋城市阳城县河北镇河北村,电话：无,
太原医药药材公司西马路药店,地址：山西省太原市杏花岭区享堂路60-10号,电话：0351-2521655,
晋城杏泽药品零售陵川欣和药店,地址：山西省晋城市陵川县崇文镇落雁街,电话：无,
晋城杏泽药品零售兴龙药店,地址：山西省晋城市阳城县凤城镇北环路,电话：无,
晋城杏泽药品零售陵川康济药店,地址：山西省晋城市陵川县城开云街,电话：无,
晋城杏泽药品零售福仁堂药店,地址：山西省晋城市阳城县演礼乡坪上村,电话：无,
晋城杏泽药品零售永恒药店,地址：山西省晋城市阳城县町店镇张沟村,电话：无,
晋城杏泽药品零售陵川天仙药店,地址：山西省晋城市陵川县崇文镇北关村望洛北路,电话：无,
晋城杏泽药品零售德康药店,地址：山西省晋城市阳城县北留镇北留村,电话：无,
晋城杏泽药品零售茹敏药店,地址：山西省晋城市阳城县北留镇坨村,电话：无,
晋城杏泽药品零售下芹药店,地址：山西省晋城市阳城县凤城镇下芹村 ,电话：无,
晋城杏泽药品零售町店药店,地址：山西省晋城市阳城县町店镇町店村 ,电话：无,
晋城杏泽药品零售旭华春药店,地址：山西省晋城市泽州县南村镇迎宾路东侧富泽小区17号楼 ,电话：无,
晋城杏泽药品零售心连心药店,地址：山西省晋城市高平市南城办唐庄村,电话：无,
晋城杏泽药品零售南村药店,地址：山西省晋城市泽州县南村镇原家村,电话：无,
晋城杏泽药品零售大东沟药店,地址：山西省晋城市泽州县大东沟镇东沟村路南,电话：无,
晋城杏泽药品零售益得堂药店,地址：山西省晋城市泽州县下村镇史村村,电话：无,
晋城杏泽药品零售北义城药店,地址：山西省晋城市泽州县北义城镇北义城村,电话：无,
晋城杏泽药品零售水东药店,地址：山西省晋城市泽州县金村镇水东村,电话：无,
晋城杏泽药品零售康宁药店,地址：山西省晋城市城区北石店镇政和街,电话：无,
晋城杏泽药品零售魏魏药店,地址：山西省晋城市泽州县晋庙铺镇晋庙铺村 ,电话：无,
晋城杏泽药品零售史村药店,地址：山西省晋城市泽州县下村镇史村村东侧,电话：无,
晋城杏泽药品零售高都药店,地址：山西省晋城市泽州县高都镇保福村,电话：无,
晋城杏泽药品零售龙泉药店,地址：山西省晋城市红星西街（晋钢小学旁）,电话：无,
晋城杏泽药品零售安平药店,地址：山西省晋城市泽州县周村镇苇町村 ,电话：无,
晋城杏泽药品零售李寨药店,地址：山西省晋城市泽州县李寨乡李寨村,电话：无,
晋城杏泽药品零售来村药店,地址：山西省晋城市泽州县巴公镇来村村,电话：无,
晋城杏泽药品零售百济药店,地址：山西省晋城市城区晋韩路485号,电话：无,
晋城杏泽药品零售惠泽堂药店,地址：山西省晋城市泽州县下村镇下村村 ,电话：无,
晋城杏泽药品零售山河药店,地址：山西省晋城市泽州县山河镇上马街村,电话：无,
晋城杏泽药品零售渠头药店,地址：山西省晋城市泽州县巴公镇渠头村,电话：无,
晋城杏泽药品零售人民药店,地址：山西省晋城市新市西街82号,电话：无,
晋城杏泽药品零售益华药店,地址：山西省晋城市泽州县下村镇下村村西侧 ,电话：无,
晋城杏泽药品零售犁川药店,地址：山西省晋城市泽州县犁川镇上犁川村,电话：无,
晋城杏泽药品零售三家店药店,地址：山西省晋城市泽州县巴公镇三家店村,电话：无,
晋城杏泽药品零售南大街药店,地址：山西省晋城市南大街555号,电话：无,
晋城杏泽药品零售同乐药店,地址：山西省晋城市泽州县金村镇孟匠村昆玉小区26号楼202 ,电话：无,
晋城杏泽药品零售周村药店,地址：山西省晋城市泽州县周村镇周村村,电话：无,
晋城杏泽药品零售仁心药店,地址：山西省晋城市育才街四季花城15-A-101号,电话：无,
晋城杏泽药品零售西大街药店,地址：山西省晋城市西大街860号,电话：无,
晋城杏泽药品零售康盛药店,地址：山西省晋城市泽州县山河镇时街村 ,电话：无,
晋城杏泽药品零售大阳药店,地址：山西省晋城市泽州县大阳镇广场南侧,电话：无,
晋城杏泽药品零售巴公药店,地址：山西省晋城市泽州县巴公镇巴原街,电话：无,
晋城杏泽药品零售泽州国药店,地址：山西省晋城市太行路与红星街交叉口,电话：无,
晋城杏泽药品零售阳光药店,地址：山西省晋城市泽州县大东沟镇东沟村,电话：无,
晋城杏泽药品零售连西后河药店,地址：山西省晋城市西后河社区80号,电话：无,
晋城杏泽药品零售乐民药店,地址：山西省晋城市晓庄社区三里桥小区22号,电话：无,
晋城杏泽药品零售新世纪药店,地址：山西省晋城市城区新市西街1901号,电话：无,
晋城杏泽药品零售凤鸣药店,地址：山西省晋城市城区文昌东街246号,电话：无,
太原市弘生万民药房王府花园店,地址：山西省太原市长治路79号,电话：0351-4048039,
太原市弘生万民药房和平公寓店,地址：山西省太原市和平南路5号,电话：0351-3527572,
太原市弘生万民药房一电厂店,地址：山西省太原市晋源区金胜镇新村新源市场四门面店,电话：无,
太原市弘生万民药房中翰店,地址：山西省太原市小店区平阳路110号,电话：0351-6062888,
太原市弘生万民药房并州南店,地址：山西省太原市并州南路66号,电话：0351-3074628,
太原市弘生万民药房民康店,地址：山西省太原市万柏林区千峰北路瓦窑南街43号南1户,电话：无,
太原市弘生万民药房福乐部店,地址：山西省太原市万柏林区西矿街134号,电话：无,
太原市弘生万民药房迎春街店,地址：山西省太原市迎春街12号,电话：0351-5228387,
太原市弘生万民药房聚华堂店,地址：山西省太原市小店区黄陵路4号,电话：0351-5228377,
太原市弘生万民药房罗城店,地址：山西省太原市旧晋祠路三段156号,电话：无,
太原市弘生万民药房如一堂部店,地址：山西省太原市迎泽区小南关街29号,电话：0351-7778646,
太原市弘生万民药房如意店,地址：山西省太原市和平北路和平巷青年小区后门北侧,电话：0351-5228327,
太原市弘生万民药房尖草坪五部店,地址：山西省太原市尖草坪兴华街299号（近十字路口）,电话：0351-5228384,
太原市弘生万民药房泽辉店,地址：山西省太原市小店区南中环街北张小区北门西侧,电话：0351-5228339,
太原市弘生万民药房鸿锦店,地址：山西省太原市迎泽区桥东街桥东小区K1区5号楼2号,电话：无,
太原市众力弘生万民药房东岗路店,地址：山西省太原市迎泽区东岗路美达新天地商场一层底商,电话：无,
太原市弘生万民药房慈济店,地址：山西省太原市杏花岭区新开南巷16号-3,电话：0351-5649538,
太原市弘生万民药房宝佳丽景店,地址：山西省太原市并州北路45号,电话：0351-5228342,
太原市弘生万民药房羽丰店,地址：山西省太原市尖草坪区九丰路66号,电话：无,
太原市弘生万民药房青年路店,地址：山西省太原市迎泽区青年路28号一层中户,电话：无,
太原市弘生万民药房太原体育南路店,地址：山西省太原市小店区许坦西街69号开元小区D座底商,电话：无,
太原市弘生万民药房亚新店,地址：山西省太原市小店区并州南路西一巷79号,电话：0351-3527572,
太原市弘生万民药房杏花岭五店,地址：山西省太原市国师街28号,电话：0351-5228335,
太原市弘生万民药房矿机店,地址：山西省太原市杏花岭区杏花岭街5号,电话：0351-5228333,
太原市众力弘生万民药房漪汾街店,地址：山西省太原市万柏林区漪汾街58号A座一层1002,电话：无,
太原市弘生万民康大药房,地址：山西省太原市小店区郑村,电话：无,
太原市弘生万民药房羽嘉部店,地址：山西省太原市建设北路225号,电话：0351-5228384,
太原市弘生万民药房双塔店,地址：山西省太原市双塔西街111号,电话：0351-5228333,
太原市弘生万民药房天康店,地址：山西省太原市新城西门外15号,电话：0351-5228358,
太原市弘生万民药房宏康店,地址：山西省太原市尖草坪区花园后南街12号底商,电话：0351-5250870,
太原市弘生万民药房天意店,地址：山西省太原市小店区二营盘街8号,电话：无,
太原市弘生万民药房惠平部店,地址：山西省太原市万柏林区后王东街1号,电话：0351-5228327,
太原市弘生万民药房新融大厦店,地址：山西省太原市金刚堰路18号新融大厦一层,电话：0351-4948900,
太原市弘生万民药房惠泽店,地址：山西省太原市杏花岭区桃园北路141号,电话：无,
太原市弘生万民药房誉阳店,地址：山西省太原市杏花岭区桃园三巷29号,电话：无,
太原市弘生万民药房天悦店,地址：山西省太原市尖草坪区南寨兴建街75号楼,电话：0351-6062888,
太原市弘生万民药房金竹园部店,地址：山西省太原市兴华南区竹园路平房商店10号,电话：无,
太原市弘生万民药房怡康店,地址：山西省太原市小店区长治路164号,电话：无,
太原市众力弘生万民药房山大二院店,地址：山西省太原市杏花岭区五一路精英家园3号楼179号,电话：无,
太原市弘生万民药房天和店,地址：山西省太原市尖草坪区恒山路41号,电话：0351-5228346,
太原市弘生万民药房,地址：山西省太原市太钢118小区唐久便利旁,电话：无,
太原市众力弘生万民药房西矿街店,地址：山西省太原市万柏林区西矿街134号,电话：无,
太原市弘生万民药房北大街店,地址：山西省太原市杏花岭区北大街77号,电话：0351-3074628,
太原市弘生万民药房忆家店,地址：山西省太原市万柏林区和平北路彭村新区门面房,电话：0351-5228342,
太原市弘生万民药房郝家沟店,地址：山西省太原市郝家沟街双塔铁路住宅区C区4号楼一层底商2号,电话：0351-4397533,
太原市弘生万民药房好家店,地址：山西省太原市尖草坪区小东流村壹街1号,电话：无,
太原市弘生万民药房康家店,地址：山西省太原市万柏林区漪汾小区烟波居F区,电话：0351-5228333,
太原市弘生万民药房羽欣店,地址：山西省太原市小店区体育北街13号4-1-2,电话：无,
太原市弘生万民药房千峰南路二号店,地址：山西省太原市万柏林区千峰南路168号4栋商铺15号,电话：无,
太原市弘生万民大药房杏花岭三部店,地址：山西省太原市杏花岭区柳溪街东区一号,电话：无,
太原市弘生万民药房千峰南路店,地址：山西省太原市万柏林区千峰南路58号南,电话：无,
太原市弘生万民大药房杏花岭六部店,地址：山西省太原市杏花岭区杨家峪乡马道坡街205号,电话：无,
太原市弘生大药房草坪部店,地址：山西省太原市尖草坪区解放北路149号(近草坪部),电话：无,
太原市弘生万民药房西山店,地址：山西省太原市万柏林区西矿街建筑中巷51号永昌丰便民店北侧一跨一层,电话：无,
太原市弘生万民大药房杏花岭四部店,地址：山西省太原市杏花岭区杨家峪乡马道坡街251号,电话：无,
太原市弘生万民药房四部店,地址：山西省太原市杏花岭区马道坡街252号,电话：0351-4410113,
太原市弘生万民药房山大医院店,地址：山西省太原市迎泽区解放南路87号15号商铺,电话：无,
太原市弘生万民大药房享堂西街部,地址：山西省太原市杏花岭区享堂西街189号,电话：无,
太原市弘生大药房赵庄部店,地址：山西省太原市尖草坪区大同路222号(近赵庄部),电话：无,
太原市弘生万民药房山西大医院店,地址：山西省太原市小店区平阳南路小马社区万盛市场一层北侧第一间,电话：无,
太原市弘生万民大药房东社部店,地址：山西省太原市万柏林区东社村小康路7号,电话：无,
太原市弘生万民药房杏花岭店,地址：山西省太原市杏花岭区尖草坪街立信超市对面,电话：无,
太原市弘生万民药房重机店,地址：山西省太原市万柏林区玉河街203号楼底商9号门面房,电话：无,
太原市弘生万民药房弘生大同路店,地址：山西省太原市尖草坪区大同路361,电话：无,
太原市弘生万民药房享堂南街店,地址：山西省太原市享堂南街2号,电话：无,
太原市弘生万民药房敦化北路店,地址：山西省太原市杏花岭区敦化北路五金宿舍1号楼底商,电话：无,
太原市弘生万民大药房享堂部店,地址：山西省太原市杏花岭区南享堂街树人中学旁边,电话：0351-3270168,
太原市弘生万民药房六部店,地址：山西省太原市杏花岭区白龙庙13号15楼,电话：无,
太原市弘生万民药房桃园北路店,地址：山西省太原市杏花岭区桃园北路92号,电话：无,
太原市弘生万民大药房仁民部店,地址：山西省太原市万柏林区漪汾街86号5栋,电话：无,
太原市弘生万民大药房二部店,地址：山西省太原市尖草坪区大同路赵庄集贸市场,电话：0351-3554096,
太原市弘生万民药房五一路店,地址：山西省太原市五一路景观新贵小区从北往南数第四间门面房,电话：无,
太原市弘生大药房杨家峪店,地址：山西省太原市杏花岭区马道坡路152号,电话：0351-4410113,
太原市弘生万民大药房一部店,地址：山西省太原市尖草坪区解放北路319号,电话：0351-3168626,
太原市弘生万民药房大同路店,地址：山西省太原市尖草坪区大同路邮政储蓄对面,电话：无,
德仁堂药庄昌平大街店,地址：山西省临汾市蒲县昌平大街184号,电话：无,
德仁堂大药房学圣苑小区店,地址：山西省阳泉市平定县学院西路附近,电话：0353-6067779,
德仁堂大药房正大南路店,地址：山西省长治市长治县正大南路附近,电话：无,
德仁堂药店小牛线店,地址：山西省太原市小店区小牛线,电话：无,
德仁堂大药房轻院巷店,地址：山西省晋中市榆次区轻院巷,电话：无,
德仁堂大药房南大街店,地址：山西省阳泉市城区南大街附近,电话：0353-2152658,
山西临汾竹林大药房连锁有限公司翼城县竹林大药房西闫镇西闫药店,地址：山西省临汾市翼城县西闫镇西闫村,电话：无,
山西临汾竹林大药房连锁有限公司翼城县竹林大药房中卫小燕子药店,地址：山西省临汾市翼城县中卫乡中卫村,电话：无,
山西临汾竹林大药房连锁有限公司翼城县竹林大药房中卫乡浍史药店,地址：山西省临汾市翼城县中卫乡浍史村,电话：无,
山西临汾竹林大药房连锁有限公司翼城县竹林大药房南梁镇西堡药店,地址：山西省临汾市翼城县南梁镇西堡村,电话：无,
山西临汾竹林大药房连锁有限公司翼城县竹林大药房中卫乡吴寨药店,地址：山西省临汾市翼城县中卫乡吴寨村,电话：无,
山西临汾竹林大药房连锁有限公司翼城县竹林大药房唐兴镇封比村药,地址：山西省临汾市翼城县唐兴镇封比村,电话：无,
山西临汾竹林大药房连锁有限公司翼城县竹林大药房唐兴镇冶南药店,地址：山西省临汾市翼城县唐兴镇冶南村,电话：无,
山西临汾竹林大药房连锁有限公司翼城县竹林大药房中卫乡中卫药店,地址：山西省临汾市翼城县中卫乡中卫村,电话：无,
山西临汾竹林大药房连锁有限公司翼城县竹林大药房南梁镇庄里药店,地址：山西省临汾市翼城县南梁镇庄里村,电话：无,
山西临汾竹林大药房连锁有限公司翼城县竹林大药房中卫乡史庄药店,地址：山西省临汾市翼城县中卫乡史庄村,电话：无,
山西临汾竹林大药房连锁有限公司临汾市尧都区竹林大药房康寿药店,地址：山西省临汾市山西省临汾市尧都区迎春北街39号,电话：无,
山西临汾竹林大药房连锁有限公司浮山第响水河药店,地址：山西省临汾市浮山县响水河镇梁家河村,电话：无,
山西临汾竹林大药房连锁有限公司临汾市尧都区竹林大药房临纺药店,地址：山西省临汾市尧都区解放路126号,电话：无,
山西临汾竹林大药房连锁有限公司临汾市尧都区竹林大药房好心人药,地址：山西省临汾市山西省临汾市尧都区贡院街21号楼下,电话：无,
山西临汾竹林大药房连锁有限公司浮山第北王药店,地址：山西省临汾市浮山县北王乡北王村,电话：无,
山西临汾竹林大药房连锁有限公司临汾市尧都区竹林大药房老兵药店,地址：山西省临汾市尧都区平阳南街99号,电话：无,
山西临汾竹林大药房连锁有限公司浮山第东张药店,地址：山西省临汾市浮山县东张乡东张村,电话：无,
山西临汾竹林大药房连锁有限公司蒲县第三连锁药店,地址：山西省临汾市蒲县城区西大街,电话：无,
山西临汾竹林大药房连锁有限公司蒲县第一连锁药店,地址：山西省临汾市蒲县城区西大街1号,电话：无,
山西临汾竹林大药房连锁有限公司洪洞县竹林大药房大槐树镇西环路,地址：山西省临汾市洪洞县大槐树镇西环路,电话：无,
山西临汾竹林大药房连锁有限公司大宁东关连锁药店,地址：山西省临汾市大宁县昕水镇城东路,电话：无,
山西临汾竹林大药房连锁有限公司大宁新城连锁药店,地址：山西省临汾市大宁县昕水镇新城区,电话：无,
山西临汾竹林大药房连锁有限公司洪洞县竹林大药房明姜镇南环路药,地址：山西省临汾市洪洞县明姜镇,电话：无,
山西临汾竹林大药房连锁有限公司洪洞县竹林大药房赵城镇候村药店,地址：山西省临汾市洪洞县赵城镇候村,电话：无,
山西临汾竹林大药房连锁有限公司大宁第二连锁药店,地址：山西省临汾市大宁县昕水镇西街6号,电话：无,
山西临汾竹林大药房连锁有限公司洪洞县竹林大药房广胜寺镇道觉药,地址：山西省临汾市洪洞县广胜寺镇道觉村,电话：无,
山西临汾竹林大药房连锁有限公司洪洞县竹林大药房明姜镇明姜药店,地址：山西省临汾市洪洞县明姜镇明姜村,电话：无,
山西临汾竹林大药房连锁有限公司大宁第一连锁药店,地址：山西省临汾市大宁县昕水镇东街16号,电话：无,
山西临汾竹林大药房连锁有限公司洪洞县竹林大药房刘家垣镇刘家垣,地址：山西省临汾市洪洞县刘家垣镇刘家垣村,电话：无,
山西临汾竹林大药房连锁有限公司洪洞县竹林大药房明姜宝红药店,地址：山西省临汾市洪洞县明姜镇韩家庄村,电话：无,
山西临汾竹林大药房连锁有限公司洪洞县竹林大药房广胜寺镇马头药,地址：山西省临汾市洪洞县广胜寺镇马头村,电话：无,
山西临汾竹林大药房连锁有限公司洪洞县竹林大药房大槐树镇南城区,地址：山西省临汾市洪洞县大槐树镇南城区村,电话：无,
山西临汾竹林大药房连锁有限公司洪洞县竹林大药房大槐树镇梗壁药,地址：山西省临汾市洪洞县大槐树镇梗壁村,电话：无,
山西临汾竹林大药房连锁有限公司洪洞县竹林大药房辛村乡石东药店,地址：山西省临汾市洪洞县辛村乡石东村,电话：无,
山西临汾竹林大药房连锁有限公司洪洞县竹林大药房大槐树镇南王药,地址：山西省临汾市洪洞县大槐树镇南王村,电话：无,
山西临汾竹林大药房连锁有限公司洪洞县竹林大药房淹底乡孔峪村药,地址：山西省临汾市洪洞县淹底乡孔峪村,电话：无,
山西临汾竹林大药房连锁有限公司洪洞县竹林大药房左木乡三交河药,地址：山西省临汾市洪洞县左木乡三交河村,电话：无,
山西临汾竹林大药房连锁有限公司洪洞县竹林大药房兴唐寺乡苑川闫,地址：山西省临汾市洪洞县兴唐寺乡苑川村,电话：无,
山西临汾竹林大药房连锁有限公司洪洞县竹林大药房曲亭镇古罗药店,地址：山西省临汾市洪洞县曲亭镇古罗村,电话：无,
山西临汾竹林大药房连锁有限公司洪洞县竹林大药房赵城镇孙堡药店,地址：山西省临汾市洪洞县赵城镇孙堡村,电话：无,
山西临汾竹林大药房连锁有限公司洪洞县竹林大药房惠康药店,地址：山西省临汾市洪洞县左木乡三交河煤矿矿区,电话：无,
山西临汾竹林大药房连锁有限公司蒲县竹林大药房新建路连锁药店,地址：山西省临汾市蒲县城关镇荆坡村,电话：无,
山西临汾竹林大药房连锁有限公司汾西县竹林大药房僧念会生连锁药,地址：山西省临汾市汾西县僧念镇畔底洼村,电话：无,
山西临汾竹林大药房连锁有限公司蒲县竹林大药房黑龙关南街药店,地址：山西省临汾市蒲县黑龙关镇南街,电话：无,
山西临汾竹林大药房连锁有限公司汾西县晨熙药店,地址：山西省临汾市汾西县晨熙社区晨熙路,电话：无,
山西临汾竹林大药房连锁有限公司汾西县竹林大药房永安镇城东连锁,地址：山西省临汾市汾西县勍香镇回城村,电话：无,
山西临汾竹林大药房连锁有限公司蒲县竹林大药房乔家湾药店,地址：山西省临汾市蒲县乔家湾乡乔家湾村,电话：无,
山西临汾竹林大药房连锁有限公司汾西县竹林大药房城东立志药店,地址：山西省临汾市汾西县永安镇城关村,电话：无,
山西临汾竹林大药房连锁有限公司汾西县竹林大药房平安药店,地址：山西省临汾市汾西县勍香镇云城村,电话：无,
山西临汾竹林大药房连锁有限公司尧都区竹林大药房魏村镇魏村药店,地址：山西省临汾市尧都区魏村镇魏村,电话：无,
山西临汾竹林大药房连锁有限公司尧都区竹林大药房河西工业区药店,地址：山西省临汾市尧都区高河桥村,电话：无,
山西临汾竹林大药房连锁有限公司尧都区亚平药店,地址：山西省临汾市尧都区魏村镇魏村,电话：无,
山西临汾竹林大药房连锁有限公司尧都区竹林大药房乔李镇北麻药店,地址：山西省临汾市尧都区乔李镇北麻村,电话：无,
山西临汾竹林大药房连锁有限公司尧都区竹林大药房河底乡河底药店,地址：山西省临汾市尧都区河底乡河底村,电话：无,
山西临汾竹林大药房连锁有限公司尧都区竹林大药房松龄堂药店,地址：山西省临汾市尧都区枕头乡枕头村,电话：无,
山西临汾竹林大药房连锁有限公司尧都区竹林大药房养颐堂药店,地址：山西省临汾市尧都区乔李镇,电话：无,
山西临汾竹林大药房连锁有限公司尧都区竹林大药房汾东药店,地址：山西省临汾市尧都区屯汾东路,电话：无,
山西临汾竹林大药房连锁有限公司浮山第六连锁药店,地址：山西省临汾市浮山县天坛镇聚粮村,电话：无,
山西临汾竹林大药房连锁有限公司尧都区竹林大药房屯里镇屯里药店,地址：山西省临汾市尧都区屯里镇东屯里村,电话：无,
山西临汾竹林大药房连锁有限公司浮山第五连锁药店,地址：山西省临汾市浮山县西环路35号,电话：无,
山西临汾竹林大药房连锁有限公司浮山第三连锁药店,地址：山西省临汾市浮山县天坛镇223号,电话：无,
山西临汾竹林大药房连锁有限公司浮山第一连锁药店,地址：山西省临汾市浮山县天坛路37号,电话：无,
山西临汾竹林大药房连锁有限公司尧都区竹林大药房大阳镇大阳药店,地址：山西省临汾市尧都区大阳镇大阳村,电话：无,
山西临汾竹林大药房连锁有限公司浮山第四连锁药店,地址：山西省临汾市浮山县新凤街89号,电话：无,
山西临汾竹林大药房连锁有限公司浮山第二连锁药店,地址：山西省临汾市浮山县尧山西路120号,电话：无,
山西临汾竹林大药房连锁有限公司尧都区竹林大药房军嫂药店,地址：山西省临汾市尧都区枕51384部队旁,电话：无,
山西恩惠来医药连锁有限公司芮城店,地址：山西省运城市盐湖区永乐北路（晨光照相馆隔壁）,电话：0359-3035887,
山西恩惠来医药连锁有限公司垣曲店,地址：山西省运城市盐湖区垣曲县东峰山中条北大街（电影院对面）,电话：0359-6035816,
山西恩惠来医药连锁有限公司临猗店,地址：山西省运城市盐湖区临猗县五一广场北,电话：0359-4027347,
山西恩惠来医药连锁有限公司永济电机店,地址：山西省运城市永济市盐湖区电机集贸市场1楼门面房1-4号,电话：0359-8076739,
山西恩惠来医药连锁有限公司永济超市店,地址：山西省运城市永济市盐湖区银杏东街（市人民医院斜对面）,电话：0359-8036717,
山西恩惠来医药连锁有限公司稷峰西街店,地址：山西省运城市盐湖区稷峰西街（县公安局对面）,电话：0359-5523300,
山西恩惠来医药连锁有限公司稷峰街店,地址：山西省运城市盐湖区稷峰镇政府楼下,电话：0359-5532949,
山西恩惠来医药连锁有限公司凤凰北路店,地址：山西省运城市盐湖区盐湖会堂斜对面,电话：0359-2088199,
山西恩惠来医药连锁有限公司稷山店,地址：山西省运城市盐湖区稷山县稷峰街（县委广场对面）,电话：0359-5528367,
山西恩惠来医药连锁有限公司高家垣店,地址：山西省运城市盐湖区南枫华庭门面房,电话：0359-2255893,
山西恩惠来医药连锁有限公司解州恩德店,地址：山西省运城市盐湖区盐湖区解州镇五一路,电话：0359-2801886,
山西恩惠来医药连锁有限公司瀚林店,地址：山西省运城市盐湖区瀚林湖畔小区外门面房（市二院对面）,电话：0359-2124565,
山西恩惠来医药连锁有限公司中银店,地址：山西省运城市盐湖区中银北大街359号（癫痫病医院楼下）,电话：0359-2091172,
山西恩惠来医药连锁有限公司空港大药房店,地址：山西省运城市盐湖区空港南区星河城,电话：无,
山西恩惠来医药连锁有限公司潞村店,地址：山西省运城市盐湖区潞村街粮食储备库（隔壁）,电话：0359-2084009,
山西恩惠来医药连锁有限公司解放北路店,地址：山西省运城市盐湖区解放北路（新中心汽车站对面）,电话：0359-2120837,
山西恩惠来医药连锁有限公司河东店,地址：山西省运城市盐湖区河东东街与槐东路交叉口西北角,电话：0359-2095220,
山西恩惠来医药连锁有限公司安邑店,地址：山西省运城市盐湖区运城安邑北大门口东拐角,电话：0359-2431011,
山西恩惠来医药连锁有限公司工农西街店,地址：山西省运城市盐湖区工农西街（逸夫二校楼下）,电话：0359-2123480,
山西恩惠来医药连锁有限公司来旺店,地址：山西省运城市盐湖区红旗东街（金旺人家对面）,电话：0359-2086130,
山西恩惠来医药连锁有限公司药品超市店,地址：山西省运城市盐湖区红旗西街（市中心医院对面）,电话：0359-2067171,
山西恩惠来医药连锁有限公司北郊超市店,地址：山西省运城市盐湖区解放北路620号（蓝燕大厦楼下）,电话：0359-2120911,
山西恩惠来医药连锁有限公司禹香苑店,地址：山西省运城市盐湖区运城市禹香苑小区后广场,电话：0359-2519071,
山西恩惠来医药连锁有限公司南环店,地址：山西省运城市盐湖区南环西路（日化厂斜对面）,电话：0359-2061630,
山西恩惠来医药连锁有限公司大药房店,地址：山西省运城市盐湖区双桥路56号（五洲汽车站南门）,电话：0359-2020031,
山西恩惠来医药连锁有限公司恒大绿洲店,地址：山西省运城市盐湖区恒大绿洲门面房,电话：无,
山西恩惠来医药连锁有限公司金象店,地址：山西省运城市盐湖区禹都市场八区（禹王大厦楼下）,电话：0359-2581364,
山西恩惠来医药连锁有限公司南街店,地址：山西省运城市盐湖区南门外中巷2号(实验小学对面),电话：0359-2272289,
山西恩惠来医药连锁有限公司南环东路店,地址：山西省运城市盐湖区南环东路（黄河古玩市场口）,电话：0359-2213730,
山西恩惠来医药连锁有限公司圣惠南路店,地址：山西省运城市盐湖区圣惠公园旁,电话：0359-2050662,
山西恩惠来医药连锁有限公司四季绿城店,地址：山西省运城市盐湖区四季绿城B区13号楼门面房7号,电话：0359-2194142,
山西恩惠来医药连锁有限公司恩健店,地址：山西省运城市盐湖区南环东路23号（盐湖幼儿园隔壁）,电话：0359-2086319,
山西恩惠来医药连锁有限公司禹都店,地址：山西省运城市盐湖区禹都五区13—15号（广悦七部对面）,电话：0359-2580642,
山西恩惠来医药连锁有限公司河东西街店,地址：山西省运城市盐湖区河东西街（西花园后门家电市场斜对面）,电话：0359-2262242,
山西恩惠来医药连锁有限公司黄金水岸店,地址：山西省运城市盐湖区黄金水岸小区门面房,电话：0359-2512122,
山西恩惠来医药连锁有限公司府东店,地址：山西省运城市盐湖区府东街（地震局北边）,电话：0359-2069019,
山西恩惠来医药连锁有限公司凤凰店,地址：山西省运城市盐湖区河东东街凤凰小区12#门面房1号,电话：0359-2090635,
山西恩惠来医药连锁有限公司蓝天店,地址：山西省运城市盐湖区河东东街308号（地区妇幼院对面）,电话：0359-2268082,
山西恩惠来医药连锁有限公司贺村铺店,地址：山西省运城市盐湖区学苑路贺村铺村口,电话：0359-2581945,
吕梁市同仁康大药房有限责任公司总店,地址：山西省吕梁市离石区滨河北路水利局（美年大健康）一层,电话：0358-3365999,
吕梁市同仁康大药房有限责任公司永宁店,地址：山西省吕梁市离石区永宁东路离石商厦一楼,电话：0358-8229680,
吕梁市同仁康大药房有限责任公司永东店,地址：山西省吕梁市离石区永宁东路农业银行旁,电话：无,
吕梁市同仁康大药房有限责任公司新建店,地址：山西省吕梁市兴县蔚汾镇新建东路菜市场旁,电话：0358-3362297,
吕梁市同仁康大药房有限责任公司庄西店,地址：山西省吕梁市离石区马茂庄红十字医院旁,电话：无,
吕梁市同仁康大药房有限责任公司新华店,地址：山西省吕梁市离石区新华北街龙凤装饰城旁,电话：0358-3361628,
吕梁市同仁康大药房有限责任公司中阳店,地址：山西省吕梁市中阳县凤城街4号,电话：0358-5500065,
吕梁市同仁康大药房有限责任公司幸福店,地址：山西省吕梁市离石区昌平路幸福家园对面,电话：0358-8211900,
吕梁市同仁康大药房有限责任公司文化店,地址：山西省吕梁市离石区文化路（师范背面）军分区门面,电话：0358-8225797,
吕梁市同仁康大药房有限责任公司欣荣店,地址：山西省吕梁市离石区马茂庄欣荣小区一楼（东方百合酒店旁）,电话：0358-8211906,
吕梁市同仁康大药房有限责任公司振兴店,地址：山西省吕梁市临县公路段家属楼一层（电业局右侧30米）,电话：0358-4426522,
吕梁市同仁康大药房有限责任公司兴县店,地址：山西省吕梁市兴县紫石街县医院右侧50米,电话：0358-6321966,
吕梁市同仁康大药房有限责任公司卫校店,地址：山西省吕梁市离石区滨河北路吕梁卫校旁,电话：0358-3382287,
吕梁市同仁康大药房有限责任公司袁家庄店,地址：山西省吕梁市离石区离石区袁家庄路村委对面,电话：0358-3383198,
吕梁市同仁康大药房有限责任公司兴南店,地址：山西省吕梁市离石区兴南市场内,电话：0358-8213267,
吕梁市同仁康大药房有限责任公司王家庄店,地址：山西省吕梁市离石区交通路区交警队对面,电话：无,
吕梁市同仁康大药房有限责任公司孝义店,地址：山西省吕梁市孝义市新义街家家利超市对面,电话：0358-7632363,
吕梁市同仁康大药房有限责任公司永西店,地址：山西省吕梁市离石区永宁西路一小旁（离石区医院对面）,电话：0358-8222632,
吕梁市同仁康大药房有限责任公司兴北店,地址：山西省吕梁市离石区兴南市场内延昌路第五排第一家,电话：无,
吕梁市同仁康大药房有限责任公司西崖底店,地址：山西省吕梁市离石区西崖底中国人寿保险对面,电话：0358-3366987,
吕梁市同仁康大药房有限责任公司团结店,地址：山西省吕梁市离石区新华街团结路十字路口,电话：0358-8287975,
吕梁市同仁康大药房有限责任公司天益店,地址：山西省吕梁市离石区世纪广场大台北影楼旁,电话：0358-3370234,
吕梁市同仁康大药房有限责任公司文水店,地址：山西省吕梁市文水县则天大街茂盛鑫都一层（县医院对面）,电话：0358-3029985,
吕梁市同仁康大药房有限责任公司青龙店,地址：山西省吕梁市柳林县青龙街大鸿祥酒店旁,电话：0358-4310318,
吕梁市同仁康大药房有限责任公司前瓦店,地址：山西省吕梁市离石区滨河北路前瓦一巷月泽楼一层,电话：无,
吕梁市同仁康大药房有限责任公司前进店,地址：山西省吕梁市离石区前进街（交警支队）永宁东路交叉口,电话：0358-8230290,
吕梁市同仁康大药房有限责任公司七里滩店,地址：山西省吕梁市离石区七里滩新兰街市场,电话：无,
吕梁市同仁康大药房有限责任公司南康店,地址：山西省吕梁市离石区南关坡底三岔口,电话：无,
吕梁市同仁康大药房有限责任公司刘家沟店,地址：山西省吕梁市柳林县刘家沟口计生办对面 ,电话：0358-4084651,
吕梁市同仁康大药房有限责任公司马茂庄店,地址：山西省吕梁市离石区马茂庄路中药厂斜对面,电话：0358-8227739,
吕梁市同仁康大药房有限责任公司南关店,地址：山西省吕梁市临县南关街农行对面,电话：0358-4427396,
吕梁市同仁康大药房有限责任公司临州店,地址：山西省吕梁市临县电影院糖酒公司门口一层,电话：0358-2388717,
吕梁市同仁康大药房有限责任公司交通店,地址：山西省吕梁市离石区交通路电业局右侧一层,电话：0358-8234043,
吕梁市同仁康大药房有限责任公司汾阳店,地址：山西省吕梁市汾阳市鼓楼西街天爱商场对面,电话：0358-7282299,
吕梁市同仁康大药房有限责任公司龙欣店,地址：山西省吕梁市离石区交通路东交警支队附近,电话：0358-8232511,
吕梁市同仁康大药房有限责任公司方正店,地址：山西省吕梁市方山县方正街经贸局以西20米,电话：0358-6024311,
吕梁市同仁康大药房有限责任公司交口店,地址：山西省吕梁市交口县龙泉街粮食局楼底（二中斜对面）,电话：0358-5420133,
吕梁市同仁康大药房有限责任公司民康店,地址：山西省吕梁市离石区交口镇商业街中段,电话：0358-8334505,
吕梁市同仁康大药房有限责任公司丽景店,地址：山西省吕梁市离石区丽景街城镇中学门口,电话：无,
吕梁市同仁康大药房有限责任公司建设店,地址：山西省吕梁市孝义市建设东街城建东区左侧（孝中宿舍对面）,电话：0358-7636966,
吕梁市同仁康大药房有限责任公司方山店,地址：山西省吕梁市方山县方正街运输公司一楼,电话：0358-6023710,
吕梁市同仁康大药房有限责任公司龙山店,地址：山西省吕梁市离石区交通路建设南街交叉口城建局家属院一层,电话：无,
吕梁市同仁康大药房有限责任公司技校店,地址：山西省吕梁市离石区滨河北东路技校左侧50米旁,电话：0358-8249239,
吕梁市同仁康大药房有限责任公司东关店,地址：山西省吕梁市离石区永宁东路旧铁厂对面,电话：0358-8221866,
吕梁市同仁康大药房有限责任公司美信店,地址：山西省吕梁市离石区滨河北路水利局（美年大健康）一层,电话：0358-8284666,
吕梁市同仁康大药房有限责任公司龙凤店,地址：山西省吕梁市离石区龙凤南大街检察院楼底,电话：0358-8213208,
吕梁市同仁康大药房有限责任公司岚县店,地址：山西省吕梁市岚县民觉路与秀荣街丁字路口,电话：0358-6729969,
吕梁市同仁康大药房有限责任公司贺昌店,地址：山西省吕梁市柳林县贺昌大街明珠商厦一楼,电话：0358-4026551,
吕梁市同仁康大药房有限责任公司大众店,地址：山西省吕梁市离石区西崖底一巷十字路口,电话：无,
吕梁市同仁康大药房有限责任公司美嘉乐店,地址：山西省吕梁市离石区龙凤南大街（马茂庄）美嘉乐超市内,电话：无,
吕梁市同仁康大药房有限责任公司柳林店,地址：山西省吕梁市柳林县十八米街22号,电话：0358-4020009,
吕梁市同仁康大药房有限责任公司和平店,地址：山西省吕梁市离石区长治路和平街十字路口鑫万联汽车装饰城对面,电话：0358-8493398,
吕梁市同仁康大药房有限责任公司朝阳店,地址：山西省吕梁市离石区滨河北路法院以西,电话：0358-8497386,
吕梁市同仁康大药房有限责任公司刘家湾店,地址：山西省吕梁市离石区刘家湾口芙蓉路,电话：无,
吕梁市同仁康大药房有限责任公司久安店,地址：山西省吕梁市离石区凤山底与久安路交叉路口,电话：无,
吕梁市同仁康大药房有限责任公司广场店,地址：山西省吕梁市离石区世纪广场西面天益超市对面,电话：无,
吕梁市同仁康大药房有限责任公司长治店,地址：山西省吕梁市离石区长治路新华街十字路口投资公司家属楼一层,电话：无,
吕梁市同仁康大药房有限责任公司经管店,地址：山西省吕梁市离石区马茂庄路经管学校对面,电话：无,
吕梁市同仁康大药房有限责任公司府前店,地址：山西省吕梁市方山县方正街府前路口,电话：无,
吕梁市同仁康大药房有限责任公司滨河店,地址：山西省吕梁市离石区滨河南路国际宾馆旁50米,电话：0358-8226666,
吕梁市同仁康大药房有限责任公司凤山店,地址：山西省吕梁市离石区体育馆东对面,电话：0358-8282864,
山西临汾竹林大药房连锁有限公司迎旭第二连锁药店,地址：山西省临汾市乡宁县昌宁镇迎旭街,电话：无,
山西临汾竹林大药房连锁有限公司向阳路连锁药店,地址：山西省临汾市尧都区向阳路27号,电话：无,
山西临汾竹林大药房连锁有限公司万金堂连锁药店,地址：山西省临汾市尧都区福利巷7号楼6号门店,电话：无,
山西临汾竹林大药房连锁有限公司同和连锁药店,地址：山西省临汾市尧都区贡院街47号,电话：无,
山西临汾竹林大药房连锁有限公司贡院街连锁药店,地址：山西省临汾市尧都区安宇花苑D区12号楼1单元东门店,电话：无,
山西临汾竹林大药房连锁有限公司体育街连锁药店,地址：山西省临汾市尧都区体育南街,电话：无,
山西临汾竹林大药房连锁有限公司怡年堂连锁药店,地址：山西省临汾市尧都区建设路91号,电话：无,
山西临汾竹林大药房连锁有限公司新村连锁药店,地址：山西省临汾市尧都区临钢一区49号楼8号,电话：无,
山西临汾竹林大药房连锁有限公司兆丰连锁药店,地址：山西省临汾市尧都区襄汾县东大街国土资源楼1层,电话：无,
山西临汾竹林大药房连锁有限公司平安连锁药店,地址：山西省临汾市尧都区临钢一区桥东40楼一层2号,电话：无,
山西临汾竹林大药房连锁有限公司尧都药庄连锁药店,地址：山西省临汾市尧都区平阳南街31号,电话：无,
山西临汾竹林大药房连锁有限公司新华连锁药店,地址：山西省临汾市尧都区华州路紫金花园楼下,电话：无,
山西临汾竹林大药房连锁有限公司平阳连锁药店,地址：山西省临汾市尧都区平阳南街三和家园1号楼,电话：无,
山西临汾竹林大药房连锁有限公司古城连锁药店,地址：山西省临汾市尧都区博浩源君临苑1号楼0117号,电话：无,
山西临汾竹林大药房连锁有限公司东关连锁药店,地址：山西省临汾市尧都区东关十字华瑞大酒店一层,电话：无,
山西临汾竹林大药房连锁有限公司康达连锁药店,地址：山西省临汾市尧都区解放西路29号,电话：无,
山西临汾竹林大药房连锁有限公司鹤年堂连锁药店,地址：山西省临汾市尧都区向阳路1号,电话：无,
山西临汾竹林大药房连锁有限公司东大街连锁药店,地址：山西省临汾市尧都区北财神楼1号,电话：无,
山西临汾竹林大药房连锁有限公司通达连锁药店,地址：山西省临汾市尧都区贡院东街,电话：无,
山西临汾竹林大药房连锁有限公司恒泰连锁药店,地址：山西省临汾市尧都区迎春北街5号,电话：无,
山西临汾竹林大药房连锁有限公司巨仁连锁药店,地址：山西省临汾市尧都区建设路8号楼128号,电话：无,
山西临汾竹林大药房连锁有限公司康平连锁药店,地址：山西省临汾市尧都区贡院街3号楼4号,电话：无,
山西临汾竹林大药房连锁有限公司五一连锁药店,地址：山西省临汾市尧都区五一西路34号,电话：无,
山西临汾竹林大药房连锁有限公司益康连锁药店,地址：山西省临汾市尧都区五一东路42号名仕花园9号门店,电话：无,
山西临汾竹林大药房连锁有限公司华康连锁药店,地址：山西省临汾市尧都区鼓楼北大街94号,电话：无,
山西临汾竹林大药房连锁有限公司五一西路连锁药店,地址：山西省临汾市尧都区五一西路B区7号楼,电话：无,
山西临汾竹林大药房连锁有限公司诚信连锁药店,地址：山西省临汾市尧都区解放东路47号,电话：无,
山西临汾竹林大药房连锁有限公司解放路医药商场连锁药店,地址：山西省临汾市尧都区解放西路13号,电话：0357-5780111,
山西仁和大药店连锁有限公司晋源区南堰店,地址：山西省太原市晋源区南堰村东街29号,电话：0351-6938862,
山西荣华大药房连锁有限公司兴安二店,地址：山西省太原市新兰路龙凤苑小区18号商铺,电话：无,
山西荣华大药房连锁有限公司瓦窑二店,地址：山西省太原市万柏林区公园路95号化纤所宿舍10号楼西6号底商,电话：无,
山西荣华大药房连锁有限公司太钢二店,地址：山西省太原市尖草坪区柏杨树街同煦苑11号楼底商8号、9号商铺,电话：无,
山西荣华大药房连锁有限公司重机店,地址：山西省太原市万柏林区玉河街底商202号,电话：无,
山西荣华大药房连锁有限公司长治路店,地址：山西省太原市小店区长治路20号,电话：无,
山西荣华大药房连锁有限公司重机二店,地址：山西省太原市万柏林区北河北岸下元二小区A区底商四号商铺,电话：无,
山西荣华大药房连锁有限公司小店昌盛店,地址：山西省太原市小店区昌盛西街64号老干部活动中心底商,电话：无,
山西荣华大药房连锁有限公司小井峪街店,地址：山西省太原市万柏林区小井峪街和平苑小区二幢1001号,电话：无,
山西荣华大药房连锁有限公司杨家堡二店,地址：山西省太原市杨家堡小区御公馆12号楼一层西侧,电话：无,
山西荣华大药房连锁有限公司一电厂店,地址：山西省太原市旧晋祠路青创田园生活广场B1-9、B1-10号商铺,电话：无,
山西荣华大药房连锁有限公司北大街二店,地址：山西省太原市杏花岭区北大街中段3号门面房,电话：无,
山西荣华大药房连锁有限公司和平南路店,地址：山西省太原市迎泽区青年路151号唐久便利店旁,电话：无,
山西荣华大药房连锁有限公司胜利西街店,地址：山西省太原市亲贤北街94号宜佳公寓321幢2号,电话：无,
山西荣华大药房连锁有限公司二营盘店,地址：山西省太原市小店区并州南路80号底商南起3号、4号门面房,电话：无,
山西荣华大药房连锁有限公司罗城二店,地址：山西省太原市晋源区化肥厂生活区化肥一巷综合楼住宅楼底商2号商铺,电话：无,
山西荣华大药房连锁有限公司大都会店,地址：山西省太原市小店区南中环街200号瑞士花苑,电话：无,
山西荣华大药房连锁有限公司文兴苑店,地址：山西省太原市小店区寇庄西路120号文兴苑北侧一层,电话：无,
山西荣华大药房连锁有限公司新源店,地址：山西省太原市小店区荣军北街95号新源小区B座1011号商铺,电话：无,
山西荣华大药房连锁有限公司西华苑店,地址：山西省太原市万柏林区西苑南路太原奥林匹克花园5号楼5号店,电话：无,
山西荣华大药房连锁有限公司王村南街店,地址：山西省太原市小店区王村南街60号门面房,电话：无,
山西荣华大药房连锁有限公司敦化北路店,地址：山西省太原市杏花岭区敦化北路五金小区3号楼18号商铺,电话：无,
山西荣华大药房连锁有限公司杨家堡店,地址：山西省太原市小店区杨家堡村南,电话：无,
山西荣华大药房连锁有限公司迎春街店,地址：山西省太原市杏花岭区彩新街58号东,电话：无,
山西荣华大药房连锁有限公司桥东街二店,地址：山西省太原市桥东街桥东小区M区1幢地下室1层2号,电话：无,
山西荣华大药房连锁有限公司北营二店,地址：山西省太原市小店区晋阳街北六巷点式1号楼底商,电话：无,
山西荣华大药房连锁有限公司敦化南路店,地址：山西省太原市杏花岭区敦化南路47号1间,电话：无,
山西荣华大药房连锁有限公司半坡东街店,地址：山西省太原市杏花岭区半坡东街18号底商商铺,电话：无,
山西荣华大药房连锁有限公司集祥店,地址：山西省太原市尖草坪区大东流集祥小区9号楼5单元1层102号,电话：无,
山西荣华大药房连锁有限公司前进路店,地址：山西省太原市万柏林区前进路下元小区15号楼一层门面房,电话：无,
山西荣华大药房连锁有限公司双西店,地址：山西省太原市迎泽区双塔西街220号东3间,电话：无,
山西荣华大药房连锁有限公司师范街二店,地址：山西省太原市小店区坞城南街37号,电话：无,
山西荣华大药房连锁有限公司东岗路店,地址：山西省太原市迎泽区东岗路172号第4-5间,电话：无,
山西荣华大药房连锁有限公司黄陵二店,地址：山西省太原市小店区黄陵路9号门面房,电话：无,
山西荣华大药房连锁有限公司南内环店,地址：山西省太原市迎泽区南内环街423号,电话：无,
山西荣华大药房连锁有限公司晋安店,地址：山西省太原市杏花岭区胜利街27号院,电话：无,
山西荣华大药房连锁有限公司平阳路泽丰店,地址：山西省太原市小店区平阳路西一巷泽丰苑小区一号楼底商,电话：无,
山西荣华大药房连锁有限公司三桥街店,地址：山西省太原市杏花岭区三桥街西6号门面房3间,电话：无,
山西荣华大药房连锁有限公司白桦苑店,地址：山西省太原市杏花岭区白桦苑小区1号楼0号底商,电话：无,
山西荣华大药房连锁有限公司向阳店,地址：山西省太原市尖草坪区新兰路尖草坪六中校门北侧,电话：无,
山西荣华大药房连锁有限公司五龙口店,地址：山西省太原市迎泽区五龙口海鲜市场门面房M-3号,电话：无,
山西荣华大药房连锁有限公司寇庄店,地址：山西省太原市小店区寇庄南街53号底商6号,电话：无,
山西荣华大药房连锁有限公司路泽店,地址：山西省太原市小店区师范街62号门面房,电话：无,
山西荣华大药房连锁有限公司许东店,地址：山西省太原市小店区许坦东街有机化工厂对面10.11号,电话：无,
山西荣华大药房连锁有限公司山大店,地址：山西省太原市小店区学府东街路南20号楼房一层大厅,电话：无,
山西荣华大药房连锁有限公司纺织街店,地址：山西省太原市万柏林区纺织街纺织苑B区10号楼9号底商,电话：无,
山西荣华大药房连锁有限公司义井三店,地址：山西省太原市晋源区和平南路105号,电话：无,
山西荣华大药房连锁有限公司北河湾店,地址：山西省太原市杏花岭区敦化南路99号清华苑6单元999号,电话：无,
山西荣华大药房连锁有限公司瓦窑店,地址：山西省太原市万柏林区千峰北路18号 自由空间网吧底商,电话：无,
山西荣华大药房连锁有限公司解放路店,地址：山西省太原市杏花岭区解放路371号3幢1号,电话：无,
山西荣华大药房连锁有限公司尖草坪第二店,地址：山西省太原市杏花岭区太钢20宿舍高层楼底商房,电话：无,
山西荣华大药房连锁有限公司殷家堡店,地址：山西省太原市小店区殷家堡大街南排37号,电话：无,
山西荣华大药房连锁有限公司旱西关街二店,地址：山西省太原市杏花岭区旱西关街83号,电话：无,
山西荣华大药房连锁有限公司黄陵店,地址：山西省太原市小店区黄陵路8号,电话：无,
山西荣华大药房连锁有限公司新开南巷店,地址：山西省太原市杏花岭区新开南巷25号怡和煕园9幢1006号,电话：无,
山西荣华大药房连锁有限公司北大街店,地址：山西省太原市杏花岭区北大街151号,电话：无,
山西荣华大药房连锁有限公司高新店,地址：山西省太原高新区产业路36号,电话：无,
山西荣华大药房连锁有限公司南华门店,地址：山西省太原市杏花岭区南华门2号1号楼1单元底商1—1号,电话：无,
山西荣华大药房连锁有限公司迎新街店,地址：山西省太原市尖草坪区迎新街迎新路迎新南巷1号,电话：无,
山西荣华大药房连锁有限公司汇丰店,地址：山西省太原市尖草坪区九丰路139号,电话：无,
山西荣华大药房连锁有限公司漪汾小区店,地址：山西省太原市万柏林区漪汾苑B区文娱楼,电话：无,
山西荣华大药房连锁有限公司并州南路西一巷店,地址：山西省太原市小店区并州南路133号底商西起第三间,电话：无,
山西荣华大药房连锁有限公司旱西关街一店,地址：山西省太原市杏花岭区旱西关街20号4.5商铺,电话：无,
山西荣华大药房连锁有限公司敦化坊店,地址：山西省太原市杏花岭区晋安西街1号楼底商1号,电话：无,
山西荣华大药房连锁有限公司体育西路店,地址：山西省太原市小店区体育西路省工商局底商主楼1006号,电话：无,
山西荣华大药房连锁有限公司涧河店,地址：山西省太原市杏花岭区尖草坪街48号（北院）,电话：无,
山西荣华大药房连锁有限公司兴安店,地址：山西省太原市尖草坪区新兰路112号14楼,电话：无,
山西荣华大药房连锁有限公司学府街药店,地址：山西省太原市小店区学府街319号,电话：无,
山西荣华大药房连锁有限公司桃园四巷药店,地址：山西省太原市迎泽区桃园四巷27号1幢,电话：无,
山西荣华大药房连锁有限公司彭村路药店,地址：山西省太原市万柏林区彭村路缤纷苑12号楼门面房,电话：无,
山西荣华大药房连锁有限公司旧城街药店,地址：山西省太原市迎泽区南海街13号5层办公楼一层门面房,电话：无,
山西荣华大药房连锁有限公司后王街药店,地址：山西省太原市万柏林区后王南街石油煤气化公司宿舍对面,电话：无,
山西荣华大药房连锁有限公司胜利桥东店,地址：山西省太原市北大街217号,电话：无,
山西荣华大药房连锁有限公司义井第二药店,地址：山西省太原市万柏林区磷肥厂综合3号楼一层9、10号,电话：无,
山西荣华大药房连锁有限公司康乐街药店,地址：山西省太原市杏花岭区三墙路裕德东里10号盛世华庭广场第一层部分,电话：无,
山西荣华大药房连锁有限公司上马街药店,地址：山西省太原市迎泽区永安里1号楼底商2号,电话：无,
山西荣华大药房连锁有限公司平阳西一巷店,地址：山西省太原市小店区平阳路西一巷5号1号楼底商西起第五间,电话：无,
山西荣华大药房连锁有限公司程家村药店,地址：山西省太原市杏花岭区程家村东巷1号,电话：无,
山西荣华大药房连锁有限公司朝阳街药店,地址：山西省太原市迎泽区朝阳街51号（原175号）门面房,电话：无,
山西荣华大药房连锁有限公司师范街药店,地址：山西省太原市小店区坞城街道坞城村东街46号,电话：无,
山西荣华大药房连锁有限公司兴华二店,地址：山西省太原市尖草坪区兴华街309号,电话：无,
山西荣华大药房连锁有限公司体育路药店,地址：山西省太原市小店区体育路44号,电话：无,
山西荣华大药房连锁有限公司建设南路药店,地址：山西省太原市迎泽区建设南路15号,电话：无,
山西荣华大药房连锁有限公司文华苑药店,地址：山西省太原市小店区平阳路288号1号楼3单元1号,电话：无,
山西荣华大药房连锁有限公司沙沟药店,地址：山西省太原市万柏林区和平南路西侧沙沟住宅小区1幢1单元1层,电话：无,
山西荣华大药房连锁有限公司尖草坪药店,地址：山西省太原市杏花岭区解放北路258号,电话：无,
山西荣华大药房连锁有限公司大东关店,地址：山西省太原市杏花岭区大东关街138号,电话：无,
山西荣华大药房连锁有限公司杜儿坪药店,地址：山西省太原市万柏林区杜矿街154号,电话：无,
山西荣华大药房连锁有限公司长风药店,地址：山西省太原市小店区寇庄西路200号,电话：无,
山西荣华大药房连锁有限公司文源巷店,地址：山西省太原市迎泽区文源巷1号 原23号,电话：无,
山西荣华大药房连锁有限公司金刚里药店,地址：山西省太原市杏花岭区金刚堰路58号,电话：无,
山西荣华大药房连锁有限公司兴华街药店,地址：山西省太原市兴华街309号,电话：无,
山西荣华大药房连锁有限公司君人店,地址：山西省太原市杏花岭区五一北路甲字396号,电话：无,
山西荣华大药房连锁有限公司罗城药店,地址：山西省太原市旧晋祠路三段384号,电话：无,
山西荣华大药房连锁有限公司康健药店,地址：山西省太原市杏花岭区凯旋街15号,电话：无,
山西荣华大药房连锁有限公司西羊市药店,地址：山西省太原市杏花岭区西羊市街59号,电话：无,
山西荣华大药房连锁有限公司北营药店,地址：山西省太原市小店区晋阳街2号,电话：无,
山西荣华大药房连锁有限公司老军营一店,地址：山西省太原市迎泽区老军营小区东巷6号,电话：无,
山西荣华大药房连锁有限公司五一药店,地址：山西省太原市杏花岭区五一路423号,电话：无,
山西荣华大药房连锁有限公司小东门药店,地址：山西省太原市杏花岭区小东门街63号,电话：无,
山西荣华大药房连锁有限公司西宫药店,地址：山西省太原市和平北路214号,电话：无,
山西荣华大药房连锁有限公司双北药店,地址：山西省太原市迎泽区双塔北路铁路宿舍出口南侧a区9号楼底商,电话：无,
山西荣华大药房连锁有限公司桥东店,地址：山西省太原市迎泽区桥东街79号（k1区2号楼）底商一层东1.2号,电话：无,
山西荣华大药房连锁有限公司解南药店,地址：山西省太原市迎泽区解放南路54号,电话：无,
山西荣华大药房连锁有限公司老军营二店,地址：山西省太原市迎泽区老军营小区小环路8号,电话：无,
山西荣华大药房连锁有限公司太钢药店,地址：山西省太原市杏花岭区柏杨树街38号,电话：无,
山西荣华大药房连锁有限公司坞城药店,地址：山西省太原市小店区坞城路20号,电话：无,
山西荣华大药房连锁有限公司千峰药店,地址：山西省太原市万柏林区千峰南路千峰工贸大楼一层,电话：无,
山西鸿翔一心堂迎泽大街店,地址：山西省太原市迎泽大街75号,电话：0351-4399018,
山西鸿翔一心堂鱼池街店,地址：山西省太原市杏花岭区鱼池街6号警备区锦和苑小区临街商铺22号,电话：0351-3530126,
山西鸿翔一心堂太原府东街店,地址：山西省太原市杏花岭区府东街25号双龙大厦1-a5-2号商铺,电话：0351-3371009,
山西鸿翔一心堂许坦西街店,地址：山西省太原市小店区许坦西街开元南小区1-4楼自西向东第8号商铺,电话：0351-7635828,
山西鸿翔一心堂长风大街店,地址：山西省太原市小店区平阳路街道办事处长风街264号,电话：0351-7623288,
山西鸿翔一心堂云路街店,地址：山西省太原市迎泽区云路街18号创源大厦1号商铺C,电话：0351-4128700,
山西鸿翔一心堂平阳路店,地址：山西省太原市小店区平阳路144号平阳商贸城一层,电话：0351-7342116,
山西鸿翔一心堂经园路店,地址：山西省太原市迎泽区五龙口街666号一层,电话：0351-4687086,
山西鸿翔一心堂永乐店,地址：山西省太原市万柏林区永乐苑小区翡翠园16幢4号,电话：0351-6296831,
山西鸿翔一心堂朝阳店,地址：山西省太原市迎泽区郝庄正街15号一层,电话：0351-4683084,
山西鸿翔一心堂漪汾街店,地址：山西省太原市万柏林区漪汾街68号5幢商铺7号,电话：0351-6161262,
山西鸿翔一心堂郝庄南街店,地址：山西省太原市迎泽区郝庄南四街31号,电话：0351-4046661,
山西鸿翔一心堂众纺路店,地址：山西省太原市万柏林区鑫昌顺市场一层住楼区3、4、5号商铺,电话：0351-6581747,
山西鸿翔一心堂郝家沟店,地址：山西省太原市迎泽区郝家沟铁路小区一马路二号,电话：0351-4379606,
山西鸿翔一心堂新庄北街店,地址：山西省太原市万柏林区新庄北街新庄东小区1栋1层1号商铺,电话：0351-6770957,
山西鸿翔一心堂西苑南路店,地址：山西省太原市万柏林区西华苑二期南区1-4#楼第2幢4单元3号房,电话：0351-6587188,
山西鸿翔一心堂松庄西街店,地址：山西省太原市迎泽区郝庄镇松庄西街23号,电话：0351-4381397,
山西鸿翔一心堂万水澜庭二店,地址：山西省太原市万柏林区南内环西街2号万水澜庭一号楼底商11号商铺,电话：0351-3831137,
山西鸿翔一心堂郝家沟五店,地址：山西省太原市迎泽区郝家沟东配楼1号商铺,电话：0351-4858146,
山西鸿翔一心堂和平南路店,地址：山西省太原市万柏林区和平南路26号下元商贸城一层,电话：0351-6043811,
山西鸿翔一心堂千峰北路店,地址：山西省太原市万柏林区玉河东街9号（天和园小区）4幢1-2层1002号商铺,电话：0351-6386788,
山西鸿翔一心堂五龙口街店,地址：山西省太原市杏花岭区小沟坡22号8号楼底商3号,电话：0351-4438018,
山西鸿翔一心堂龙山大街店,地址：山西省太原市晋源区龙山大街1幢商铺9号,电话：0351-6592064,
山西鸿翔一心堂晋源店,地址：山西省太原市晋源区旧晋源镇南大街58号,电话：0351-6940826,
山西鸿翔一心堂东客站店,地址：山西省太原市杏花岭区五龙口街168号2幢负1层西二号商铺,电话：0351-4858476,
山西鸿翔一心堂晋祠店,地址：山西省太原市晋源区旧晋祠新镇D区1号楼1层,电话：0351-6346194,
山西鸿翔一心堂南屯村店,地址：山西省太原市万柏林区长风街办南屯村北一街,电话：0351-6090893,
山西鸿翔一心堂晨光上东店,地址：山西省太原市双塔北路116号晨光上东小区2号楼1002号,电话：0351-4858925,
山西鸿翔一心堂西华苑店,地址：山西省太原市西华苑四期7#楼旁1003号1004号,电话：无,
山西鸿翔一心堂湖景一号店,地址：山西省太原市杏花岭区坡子街15号1幢D座1层1006号2-3号商铺,电话：0351-3084468,
山西鸿翔一心堂紫正园店,地址：山西省太原市杏花岭区经园路46号紫正园小区B0003-B0004号商铺,电话：0351-4866839,
山西鸿翔一心堂万水澜庭店,地址：山西省太原市万柏林区南内环西街2号万水澜庭三号楼底8号商铺,电话：0351-3693320,
山西鸿翔一心堂桥东街店,地址：山西省太原市桥东街桥东小区K1区3幢4号,电话：0351-4885302,
山西鸿翔一心堂晋祠新镇三店,地址：山西省太原市晋祠新镇长巷古唐苑壹号楼壹层玖户,电话：0351-6828591,
山西鸿翔一心堂府东公园六栋店,地址：山西省太原市杏花岭区北一巷府东公园6栋D4-1.D4-2号商铺,电话：0351-4866386,
山西鸿翔一心堂郝家沟三店,地址：山西省太原市民营区郝家沟村正街1号,电话：0351-4384799,
山西鸿翔一心堂松庄西街二店,地址：山西省太原市迎泽区松庄西街35号,电话：0351-4397899,
山西鸿翔一心堂晨光西街店,地址：山西省太原市小店区晨光西街,电话：0351-7172343,
山西鸿翔一心堂龙山大街二店,地址：山西省太原市晋源区贤富苑龙山大街临铺D6楼东6户,电话：0351-6159538,
山西鸿翔一心堂春天广场店,地址：山西省太原市迎泽区双塔北路甲六号春天广场A座1号商铺,电话：0351-4661370,
山西鸿翔一心堂西矿街店,地址：山西省太原市西矿街科大世纪园花园2号楼底商一层(西起第四、五间门面房),电话：0351-6999468,
山西鸿翔一心堂晋祠新镇二店,地址：山西省太原市晋源区晋祠新镇天龙山路十字路口西南一排3号,电话：0351-6771336,
山西鸿翔一心堂中正花园店,地址：山西省太原市建设南路206号中正花园二期8幢1002号房,电话：0351-2358619,
山西鸿翔一心堂南内环街店,地址：山西省太原市东岗路229号5幢1层,电话：0351-7049063,
山西国大万民药房晋城西大街店,地址：山西省晋城市城区西大街29号,电话：0356-3033466,
山西国大万民药房晋中顺城西街店,地址：山西省晋中市榆次区顺城西街泽盛苑小区105号,电话：0354-3237191,
山西国大万民药房晋中中都店,地址：山西省晋中市中都北路28号,电话：0354-3237176,
山西国大万民药房长治太行西街店,地址：山西省长治市太行西街258号,电话：0355-3552879,
山西国大万民药房长治城北西街店,地址：山西省长治市城北西街118号,电话：0355-2204570,
山西国大万民药房晋城白云社区店,地址：山西省晋城市黄华街栖凤小区13号楼2单元102室,电话：0356-2032466,
山西国大万民药房大同矿区店,地址：山西省大同市矿区平泉路92号,电话：0352-7052802,
山西国大万民药房太原旺景店,地址：山西省太原市旺景家园一层商铺,电话：无,
山西国大万民药房太原五一路店,地址：山西省太原市五一路铜锣湾美特好对面,电话：0351-7778642,
山西国大万民药房晋城建设路店,地址：山西省晋城市建设北路1568号,电话：0356-2026466,
山西国大万民药房太原小东门店,地址：山西省太原市小东门街9号,电话：0351-3378177,
山西国大万民药房长治长钢店,地址：山西省长治市郊区长钢钢城大街金威超市一楼门面,电话：0355-5060938,
山西国大万民药房长治长兴店,地址：山西省长治市长兴中路长治商厦北,电话：0355-2180172,
山西国大万民药房晋中文化广场店,地址：山西省晋中市榆次区东顺城街131号,电话：0354-8569806,
山西国大万民药房太原桃北店,地址：山西省太原市桃园北路与水西关十字路口华联对面,电话：0351-7778645,
山西国大万民药房太原金刚堰二号店,地址：山西省太原市金刚堰路旱西关口政务大厅旁,电话：0351-3337326,
山西国大万民药房太原实康店,地址：山西省太原市桃园北路府东街口,电话：0351-4222133,
山西国大万民药房太原柏杨树店,地址：山西省太原市尖草坪太钢总医院往东,电话：0351-3819995,
山西国大万民药房长治淮海店,地址：山西省长治市延安南路293号,电话：0355-3588288,
山西国大万民药房太原人民南路店,地址：山西省太原市人民南路和昌盛街交叉口西南角,电话：0351-7177702,
山西国大万民药房太原南内环店,地址：山西省太原市南内环太原师范学院南门旁,电话：0351-4948900,
山西国大万民药房太原义井店,地址：山西省太原市和平南路原义井电影院,电话：0351-6695078,
山西国大万民药房太原山大二院店,地址：山西省太原市五一路199号,电话：无,
山西国大万民药房太原并州店,地址：山西省太原市迎泽区并州东街95号,电话：0351-5271706,
山西国大万民药房大同鼓楼店,地址：山西省大同市永泰街综合楼5-6号,电话：0352-2052611,
山西国大万民药房太原原庙前街店,地址：山西省太原市水西门康隆商城背后,电话：0351-2113936,
山西国大万民药房太原国瑞店,地址：山西省太原市长风街南二巷底商,电话：无,
山西国大万民药房大同新健康医院店,地址：山西省大同市魏都大道152号,电话：0352-2019258,
山西国大万民药房太原山大一院店,地址：山西省太原市山大一院东门南侧,电话：0351-4048039,
山西国大万民药房太原义井二号店,地址：山西省太原市和平南路太化幼儿园对面,电话：0351-6695468,
山西国大万民药房太原体育南路店,地址：山西省太原市体育路与许坦西街十字路口开元市场对面,电话：无,
山西国大万民药房太原迎泽西大街店,地址：山西省太原市迎泽西大街西华苑口,电话：0351-5636270,
山西国大万民药房太原平阳店,地址：山西省太原市小店区平阳路110号,电话：0351-5271702,
山西国大万民药房太原太原并西店,地址：山西省太原市并州西街167号,电话：0351-5220027,
山西国大万民药房太原大东关店,地址：山西省太原市大东关和新源里交叉路口,电话：无,
山西国大万民药房太原国师街店,地址：山西省太原市国师街28号,电话：0351-3527572,
山西国大万民药房太原二营盘店,地址：山西省太原市并州南路66号,电话：0351-7082103,
山西国大万民药房太原下元新店,地址：山西省太原市和平南路5号,电话：0351-6062888,
山西国大万民药房太原长风店,地址：山西省太原市小店区长风街与长治路十字路口西南角,电话：0351-7240288,
山西国大万民药房太原金刚堰店,地址：山西省太原市杏花岭区金刚堰路101号,电话：0351-5228370,
山西国大万民药房太原水西关店,地址：山西省太原市迎泽区水西关南街5号,电话：0351-5228340,
山西国大万民药房太原迎新店,地址：山西省太原市迎新路21号,电话：0351-5649538,
山西国大万民药房太原西羊市店,地址：山西省太原市西羊市街48号锦江之星旁,电话：0351-5228360,
山西国大万民药房太原解放店,地址：山西省太原市解放路89号,电话：0351-3181919,
山西国大万民药房太原长治路店,地址：山西省太原市小店区长治路35号,电话：0351-5228343,
山西国大万民药房太原尖草坪店,地址：山西省太原市尖草坪区尖草坪街北四巷24号,电话：0351-5228332,
山西国大万民药房太原赛马场店,地址：山西省太原市迎春街12号,电话：0351-5228394,
山西国大万民药房太原桃南店,地址：山西省太原市迎泽区桃园南路甲49号,电话：0351-5228349,
山西国大万民药房太原太原五龙口店,地址：山西省太原市五龙口街173号,电话：0351-5228323,
山西国大万民药房晋中文教城店,地址：山西省晋中市108国道鸣里段汇通北路090号底商西南街1号房屋,电话：0354-3237135,
山西国大万民药房太原北张小区店,地址：山西省太原市小店区南中环街北张小区北门西侧一层,电话：0351-7638046,
山西国大万民药房太原敦化北路店,地址：山西省太原市富丽城斜对面,电话：无,
山西国大万民药房太原东岗路店,地址：山西省太原市东岗路双东商城,电话：0351-4259200,
山西国大万民药房太原双西店,地址：山西省太原市双塔西街111号,电话：0351-4093558,
山西国大万民药房太原服装城店,地址：山西省太原市服装城山姆士底商,电话：0351-7333326,
山西国大万民药房太原柴村店,地址：山西省太原市尖草坪柴村昌盛小区10号楼北侧,电话：0351-3924821,
山西国大万民药房太原五一北路店,地址：山西省太原市北方明珠一层商铺,电话：无,
山西国大万民药房太原千峰路店,地址：山西省太原市万柏林区千峰南路美特好往北,电话：0351-7778646,
山西国大万民药房太原西山店,地址：山西省太原市西矿街电子中校,电话：0351-6129060,
山西国大万民药房太原千峰二号店,地址：山西省太原市千峰南路大唐四季旁,电话：0351-7778636,
山西国大万民药房太原清徐店,地址：山西省太原市清徐县湖东二街296号宏达小区,电话：0351-5722289,
山西国大万民药房太原中正花园店,地址：山西省太原市建设路亲贤街中正花园门口,电话：0351-8335275,
山西国大万民药房太原和平北路西三巷店,地址：山西省太原市和平北路西三巷,电话：0351-3693685,
山西国大万民药房太原山西大医院店,地址：山西省太原市平阳南路小马市场万盛北侧第一层,电话：0351-7778648,
山西国大万民药房太原千峰北路店,地址：山西省太原市千峰北路北中环口集祥美地底商,电话：0351-3965145,
山西国大万民药房太原南社店,地址：山西省太原市西线街十二局对面,电话：0351-4846499,
山西国大万民药房太原晋安新村店,地址：山西省太原市晋安西街8号,电话：0351-3420069,
山西国大万民药房太原康宁街店,地址：山西省太原市小店区康宁街万马仕商贸,电话：无,
山西国大万民药房太原兴华店,地址：山西省太原市兴华街299号,电话：0351-5250869,
山西国大万民药房太原西华苑店,地址：山西省太原市西华苑3期10号楼,电话：0351-5636281,
山西国大万民药房太原寇庄西路店,地址：山西省太原市寇庄西路与王村北街十字路口,电话：0351-7330016,
山西国大万民药房太原阳曲店,地址：山西省太原市阳曲县新阳东街双龙苑家家利超市底商18号,电话：0351-5568730,
山西国大万民药房太原后王村店,地址：山西省太原市万柏林区后王东街1号,电话：无,
山西国大万民药房太原兴园堂店,地址：山西省太原市小店区官道巷,电话：0351-8616815,
山西国大万民药房太原漪汾街店,地址：山西省太原市漪汾街大唐世家底商2号,电话：0351-6160800,
山西国大万民药房太原新开南巷店,地址：山西省太原市新开南巷,电话：0351-3074628,
山西国大万民药房太原金竹园店,地址：山西省太原市万柏林区兴华南小区竹园路平房商店10号,电话：0351-6286900,
山西国大万民药房太原小北门店,地址：山西省太原市北大街中段3号,电话：0351-3076879,
山西国大万民药房太原新建北路店,地址：山西省太原市北大街与新建北路十字路口东北角民生银行旁,电话：0351-3386560,
山西国大万民药房太原郝家沟店,地址：山西省太原市郝家沟街同致人背后往东,电话：0351-4397533,
山西国大万民药房太原太钢118小区店,地址：山西省太原市太钢118小区唐久便利旁,电话：0351-3202361,
山西国大万民药房太原漪汾小区店,地址：山西省太原市漪汾小区内,电话：0351-6284137,
山西国大万民药房太原花园后街店,地址：山西省太原市尖草坪花园后街,电话：0351-3130613,
山西国大万民药房太原千峰北路瓦窑店,地址：山西省太原市千峰北路瓦窑南街43号,电话：0351-6196901,
山西国大万民药房太原九丰路店,地址：山西省太原市九丰路公交总站对面,电话：0351-6995708,
山西国大万民药房太原大营盘店,地址：山西省太原市大营盘体育北路,电话：无,
山西国大万民药房太原一电厂店,地址：山西省太原市晋源区金胜镇新村新源市场四号门面房,电话：0351-6322838,
山西国大万民药房太原彭村新区店,地址：山西省太原市和平北路彭村新区,电话：0351-6348639,
山西国大万民药房太原北大街店,地址：山西省太原市北大街城墙对面,电话：0351-5666800,
山西国大万民药房太原鸿锦店,地址：山西省太原市桥东街K1区5号楼2号,电话：无,
山西国大万民药房太原天和店,地址：山西省太原市尖草坪太钢二中旁,电话：0351-3162319,
山西国大万民药房太原青年路店,地址：山西省太原市青年路16号,电话：0351-4128177,
山西国大万民药房太原罗城店,地址：山西省太原市罗城一电厂,电话：0351-8282932,
山西国大万民药房太原誉阳店,地址：山西省太原市桃园三巷,电话：0351-4222907,
山西国大万民药房太原晋机店,地址：山西省太原市和平北路晋机厂门口,电话：0351-6991399,
山西国大万民药房太原杏花岭医院店,地址：山西省太原市杏花岭医院对面,电话：0351-4152663,
山山西国大万民药房太原二营盘街店,地址：山西省太原市二营盘街,电话：0351-7969546,
山西国大万民药房太原聚华堂店,地址：山西省太原市黄陵路黄陵乡政府斜对面,电话：0351-7122936,
山西国大万民药房太原旱西关店,地址：山西省太原市新建路与旱西关十字路口东南角,电话：0351-3532860,
山西国大万民药房太原西矿街店,地址：山西省太原市西矿街阎家沟村口,电话：0351-6182129,
山西国大万民药房太原重机店,地址：山西省太原市重机宿舍区美特好超市往西,电话：0351-6362115,
山西国大万民药房太原府西街店,地址：山西省太原市桃园北路与府西街十字路口西北角,电话：无,
山西国大万民药房太原旧彭村店,地址：山西省太原市彭村西一巷与西二巷中间,电话：无,
山西国大万民药房太原天悦店,地址：山西省太原市新兰路新建街75楼底商,电话：0351-3562700,
山西国大万民药房太原新城店,地址：山西省太原市迎新街新城西门外15号,电话：0351-3151566,
山西国大万民药房太原菜园店,地址：山西省太原市小南关街29号,电话：0351-7329508,
山西国大万民药房太原体育场店,地址：山西省太原市体育南路西一巷,电话：0351-7040955,
山西仁和大药店连锁有限公司杏花岭区柳苍店,地址：山西省太原市校尉营东米市小区,电话：0351-4129835,
山西仁和大药店连锁有限公司小店区寇庄北街店,地址：山西省太原市小店区寇庄北街老军营新村二排十二号,电话：0351-7237546,
山西仁和大药店连锁有限公司小店区师范街店,地址：山西省太原市小店区坞城路师范街中街1号,电话：0351-7040688,
山西仁和大药店连锁有限公司尖草坪区恒山三部店,地址：山西省太原市尖草坪区恒山路51号晋塔苑19号,电话：无,
山西仁和大药店连锁有限公司小店区北格店,地址：山西省太原市小店区北格镇,电话：0351-7691189,
山西仁和大药店连锁有限公司小店平阳路店,地址：山西省太原市小店区平阳路御公馆小区2号商铺,电话：0351-7622450,
山西仁和大药店连锁有限公司尖草坪区柴村店,地址：山西省太原市尖草坪区迎宾路8号,电话：0351-3853846,
山西仁和大药店连锁有限公司万柏林区千峰二店,地址：山西省太原市万柏林区千峰南路大王小区北区,电话：0351-6581339,
山西仁和大药店连锁有限公司尖草坪区恒山路店,地址：山西省太原市尖草坪区恒山路70号,电话：0351-3632306,
山西仁和大药店连锁有限公司迎泽区菜园店,地址：山西省太原市迎泽区菜园西街13号2号楼,电话：0351-7333513,
山西仁和大药店连锁有限公司晋源区十六中店,地址：山西省太原市晋源区义井街办西峪东街,电话：0351-6537602,
山西仁和大药店连锁有限公司太原市以外太谷西农业大学店,地址：山西省晋中市太谷山西农业大学北院,电话：0354-6288994,
山西仁和大药店连锁有限公司太原市以外代县店,地址：山西省忻州市代县大南街,电话：0350-5225938,
山西仁和大药店连锁有限公司迎泽区铁匠巷店,地址：山西省太原市迎泽去小铁匠巷怡华院小区,电话：0351-4695809,
山西仁和大药店连锁有限公司尖草坪区恒山路二部店,地址：山西省太原市尖草坪区恒山路,电话：0351-3443731,
山西仁和大药店连锁有限公司太原市以外愈康四部店,地址：山西省太原市娄烦东区威美商贸中心西约185米路北 ,电话：0351-5320178,
山西仁和大药店连锁有限公司杏花岭区金刚星店,地址：山西省太原市杏花岭区柳溪街11号,电话：0351-3236806,
山西仁和大药店连锁有限公司小店区锦绣店,地址：山西省太原市小店区南中环体育路交叉口千禧锦绣苑23号楼9号商铺,电话：0351-2731901,
山西仁和大药店连锁有限公司太原市以外峨口店,地址：山西省忻州市代县峨口镇郝街,电话：0350-5262518,
山西仁和大药店连锁有限公司太原市以外愈康二店,地址：山西省太原市娄烦县尖山生活区,电话：0351-5361922,
山西仁和大药店连锁有限公司太原市以外愈康一店,地址：山西省太原市娄烦县城南大街,电话：0351-5321558,
山西仁和大药店连锁有限公司杏花岭区桃园店,地址：山西省太原市杏花岭区桃园东二巷市二院后门,电话：0351-3070807,
山西仁和大药店连锁有限公司万柏林区千峰店,地址：山西省太原市万柏林区千峰北路学院国际裙楼商铺西2号,电话：0351-6591250,
山西仁和大药店连锁有限公司杏花岭区西缉虎营店,地址：山西省太原市杏花岭区西缉虎营三桥小区12号楼底层13-19轴底商一号,电话：0351-3849698,
山西仁和大药店连锁有限公司小店区东岗南路店,地址：山西省太原市小店区新寇庄南街5号,电话：0351-7060674,
山西仁和大药店连锁有限公司万柏林区窊流路店,地址：山西省太原市万柏林区窊流路中段,电话：0351-6539151,
山西仁和大药店连锁有限公司杏花岭区北大街店,地址：山西省太原市杏花岭区北大街45号,电话：0351-3048202,
山西仁和大药店连锁有限公司万柏林区重机店,地址：山西省太原市万柏林区西矿街110号,电话：0351-6181198,
山西仁和大药店连锁有限公司小店区药科学院店,地址：山西省太原市小店区民航南路16号,电话：0351-7820550,
山西仁和大药店连锁有限公司迎泽区庙前街店,地址：山西省太原市迎泽区羊市街38号,电话：0351-4076992,
山西仁和大药店连锁有限公司太原市以外太谷一部店,地址：山西省晋中市太谷县阳光城市花园第B05、B06商铺,电话：0354-6233622,
山西仁和大药店连锁有限公司万柏林区开城街店,地址：山西省太原市万柏林区开城路1号,电话：0351-6965618,
山西仁和大药店连锁有限公司尖草坪区晋机店,地址：山西省太原市尖草坪区小东流丰盛东区二排二号,电话：0351-6994207,
山西仁和大药店连锁有限公司迎泽区并州东街店,地址：山西省太原市迎泽区并州东街55号2号商铺,电话：0351-2112403,
山西仁和大药店连锁有限公司太原市以外繁峙二部店,地址：山西省忻州市繁峙县滹源东街,电话：0350-5545228,
山西仁和大药店连锁有限公司杏花岭区敦化坊店,地址：山西省太原市杏花岭区敦化坊北区9号楼19-27段,电话：0351-3433789,
山西仁和大药店连锁有限公司万柏林区大王村店,地址：山西省太原市万柏林区千峰南路168号17栋商铺7号,电话：0351-6073366,
山西仁和大药店连锁有限公司杏花岭区程家村店,地址：山西省太原市杏花岭区胜利西街程家村东巷18号,电话：0351-3375892,
山西仁和大药店连锁有限公司尖草坪区向阳店,地址：山西省太原市尖草坪区向阳镇派出所对面,电话：0351-3930186,
山西仁和大药店连锁有限公司太原市以外繁峙店,地址：山西省忻州市繁峙县向阳路,电话：0350-5521196,
山西仁和大药店连锁有限公司太原市以外原平店,地址：山西省忻州市原平市平安东大街吉祥花园小区,电话：0350-8288202,
山西仁和大药店连锁有限公司万柏林区东社店,地址：山西省太原市万柏林区东社小康路16号1户,电话：0351-6383516,
山西仁和大药店连锁有限公司太原市以外峨口二部店,地址：山西省忻州市代县峨口村,电话：0350-5263008,
山西仁和大药店连锁有限公司杏花岭区城坊街店,地址：山西省太原市杏花岭区解放路3号楼底商4号,电话：0351-3043003,
山西仁和大药店连锁有限公司杏花岭区卧虎山店,地址：山西省太原市杏花岭区卧虎山路与钢中路交叉口惠泽园28号,电话：0351-3846363,
山西仁和大药店连锁有限公司晋源区龙山店,地址：山西省太原市晋源区龙山大街1号,电话：0351-6779284,
山西仁和大药店连锁有限公司太原市以外太谷二部店,地址：山西省晋中市太谷县文化广场安泰家园1号商铺,电话：0354-6233868 ,
山西仁和大药店连锁有限公司杏花岭区东涧河店,地址：山西省太原市杏花岭区东涧河红祉路涧河花园濮园一号楼1单元,电话：0351-4866040,
山西仁和大药店连锁有限公司万柏林区和平北路店,地址：山西省太原市万柏林区和平北路109号,电话：0351-6839380,
山西仁和大药店连锁有限公司万柏林区重机二店,地址：山西省太原市万柏林区玉河街5号,电话：0351-6364041,
山西仁和大药店连锁有限公司小店区黄陵店,地址：山西省太原市小店区黄陵路15号,电话：0351-7639843,
山西仁和大药店连锁有限公司万柏林区西峪店,地址：山西省太原市万柏林区西峪煤矿集贸市场一层五号,电话：0351-2333509,
山西仁和大药店连锁有限公司小店区新庄店,地址：山西省太原市小店区新庄小区2号楼2单元一层西铺商铺,电话：0351-7864017,
山西仁和大药店连锁有限公司晋源区清徐文源店,地址：山西省太原市晋源区清徐县文源中段120号,电话：0351-5726120,
山西仁和大药店连锁有限公司尖草坪区上兰村二部店,地址：山西省太原市尖草坪区上兰村龙山大街,电话：0351-3925887,
山西仁和大药店连锁有限公司小店区王村北街店,地址：山西省太原市小店区王村北街柏林风情101号门面,电话：0351-7325761,
山西仁和大药店连锁有限公司晋源区万水源店,地址：山西省太原市晋源区旧晋祠路兰亭御湖城小区4号楼1006号,电话：0351-6828187,
山西仁和大药店连锁有限公司小店区富康街店,地址：山西省太原市小店区富康街B区18号,电话：0351-7877533,
山西仁和大药店连锁有限公司尖草坪区城镇村店,地址：山西省太原市尖草坪区柏板乡镇城村,电话：0351-3928096,
山西仁和大药店连锁有限公司尖草坪区新城村店,地址：山西省太原市尖草坪区新城村新城东街4号,电话：0351-3934619,
山西仁和大药店连锁有限公司迎泽区五龙口二部店,地址：山西省太原市迎泽区五龙口街550号,电话：0351-4658018,
山西仁和大药店连锁有限公司尖草坪区兴安店,地址：山西省太原市尖草坪区南寨村龙凤苑小区商铺,电话：0351-3818284,
山西仁和大药店连锁有限公司尖草坪区选煤街店,地址：山西省太原市尖草坪区摄乐村南园新村东区58号,电话：0351-6037820,
山西仁和大药店连锁有限公司尖草坪区上兰四部店,地址：山西省太原市尖草坪区上兰村火车站旁桃李园商业街B08-09-B12,电话：无,
山西仁和大药店连锁有限公司晋源区罗城店,地址：山西省太原市小店区北格镇 山西省太原市晋源区旧晋祠路化肥路段罗城商贸对面二层商铺,电话：0351-6935936,
山西仁和大药店连锁有限公司尖草坪区迎新街店,地址：山西省太原市尖草坪区迎新街66中对面,电话：0351-3376817,
山西仁和大药店连锁有限公司小店区大吴村店,地址：山西省太原市小店区荣军北街臻观苑第九幢门面房9号,电话：0351-7122335,
山西仁和大药店连锁有限公司杏花岭区五龙口店,地址：山西省太原市杏花岭区小沟坡22号,电话：0351-4429331,
山西仁和大药店连锁有限公司晋源区晋祠店,地址：山西省太原市晋源区天龙山路中段晋祠村,电话：0351-6981588,
山西仁和大药店连锁有限公司尖草坪区兴华北街店,地址：山西省太原市尖草坪区兴华北巷朝霞小区,电话：0351-6291761,
山西仁和大药店连锁有限公司晋源区姚村店,地址：山西省太原市晋源区姚村镇桃源居门面房,电话：0351-6988699,
山西仁和大药店连锁有限公司万柏林区兴汾苑店,地址：山西省太原市万柏林兴汾苑小区1号高层底商3号,电话：0351-8361032,
山西仁和大药店连锁有限公司杏花岭区化工路店,地址：山西省太原市杏花岭区敦化化工路6号,电话：0351-3076890,
山西仁和大药店连锁有限公司尖草坪区阳曲店,地址：山西省太原市尖草坪区阳曲镇阳曲村中大街供销社门面房,电话：0351-3372196,
山西仁和大药店连锁有限公司杏花岭区北河湾店,地址：山西省太原市杏花岭区北河湾东街1号金林佳园17号楼,电话：0351-3859696,
山西仁和大药店连锁有限公司尖草坪区西流村店,地址：山西省太原市尖草坪区和平北路西流村综合大楼242号,电话：无,
山西仁和大药店连锁有限公司尖草坪区古城店,地址：山西省太原市尖草坪区大同路古城西街新建4号,电话：0351-3550080,
山西仁和大药店连锁有限公司尖草坪区上兰村店,地址：山西省太原市尖草坪区上兰村中北大学内,电话：0351-3925233,
山西仁和大药店连锁有限公司迎泽区桥东街店,地址：山西省太原市迎泽区桥东街K1区-7号营业房,电话：0351-4637861,
山西仁和大药店连锁有限公司尖草坪区江阳店,地址：山西省太原市尖草坪区向阳镇江阳化工厂南门西侧,电话：0351-3352290,
山西仁和大药店连锁有限公司小店区郑村店,地址：山西省太原市小店区煤海湾2号楼3单元102室,电话：0351-8237169,
山西仁和大药店连锁有限公司尖草坪区因迎新二部店,地址：山西省太原市尖草坪区迎新街北二巷34号,电话：0351-3058253,
山西仁和大药店连锁有限公司迎泽区西太堡店,地址：山西省太原市迎泽区建设南路中正花园12、13号商铺,电话：0351-7673414,
山西仁和大药店连锁有限公司小店区康宁街店,地址：山西省太原市小店区康宁街中段晋港小区2号楼8框,电话：0351-7852658,
山西仁和大药店连锁有限公司小店区平阳二部,地址：山西省太原市小店区平阳路23号,电话：0351-7969596,
山西仁和大药店连锁有限公司杏花岭区新北店,地址：山西省太原市杏花岭区北大街179号,电话：0351-3049311,
国药控股国大药房山西益源连锁有限公司师范店,地址：山西省太原市坞城路师范街38号,电话：0351-7088029,
国药控股国大药房山西益源连锁有限公司精英店,地址：山西省太原市解放路153号,电话：0351-5245887,
国药控股国大药房山西益源连锁有限公司郝庄店,地址：山西省太原市朝阳街58号,电话：0351-4375055,
国药控股国大药房山西益源连锁有限公司西岸小区店,地址：山西省太原市和平南路西岸小区西区门口,电话：无,
国药控股国大药房山西益源连锁有限公司大医院店,地址：山西省太原市小店区平阳南路小马村东街2巷10号2户,电话：0351-7837927,
国药控股国大药房山西益源连锁有限公司大医院二店,地址：山西省太原市小店区平阳南路75号,电话：0351-7285467,
国药控股国大药房山西益源连锁有限公司恒大绿洲店,地址：山西省太原市小店区恒大绿洲南门口,电话：无,
国药控股国大药房山西益源连锁有限公司旱西关店,地址：山西省太原市杏花岭区旱西关南二条18号,电话：0351-3583700,
国药控股国大药房山西益源连锁有限公司百盛店,地址：山西省太原市体育西路50号,电话：0351-7552608,
国药控股国大药房山西益源连锁有限公司兴华二店,地址：山西省太原市兴华北校区西6号楼底商6号,电话：0351-6262661,
国药控股国大药房山西益源连锁有限公司和平路二店,地址：山西省太原市和平南路123号-1号,电话：无,
国药控股国大药房山西益源连锁有限公司九院店,地址：山西省太原市九院小区,电话：无,
国药控股国大药房山西益源连锁有限公司开发区店,地址：山西省太原市产业路48号,电话：无,
国药控股国大药房山西益源连锁有限公司文化苑店,地址：山西省太原市小店区平阳路268号,电话：0351-5665798,
国药控股国大药房山西益源连锁有限公司中医院店,地址：山西省太原市晋祠路一段75号高层底商,电话：无,
国药控股国大药房山西益源连锁有限公司煦东店,地址：山西省太原市小店区许东村小区4号楼一单元102号,电话：0351-5270337,
国药控股国大药房山西益源连锁有限公司滨河城店,地址：山西省太原市滨河城商铺2－05号,电话：0351-5270336,
国药控股国大药房山西益源连锁有限公司榆次桥东店,地址：山西省晋中市榆次区桥东街128号,电话：0354-3104090,
国药控股国大药房山西益源连锁有限公司韶九巷店,地址：山西省太原市迎泽区韶九巷中段梧桐小区一层3号,电话：无,
国药控股国大药房山西益源连锁有限公司榆次文教城店,地址：山西省晋中市开发区新兴国际文教城C12号商铺,电话：0354-2469659,
国药控股国大药房山西益源连锁有限公司和平路店,地址：山西省太原市和平北路159号,电话：0351-5288720,
国药控股国大药房山西益源连锁有限公司东华门店,地址：山西省太原市杏花岭区东华门街11号9-13号商铺,电话：0351-3955839,
国药控股国大药房山西益源连锁有限公司体育路店,地址：山西省太原市体育路同苑小区北侧1层商铺,电话：0351-4824688,
国药控股国大药房山西益源连锁有限公司绿军苑店,地址：山西省太原市小店区坞城路绿军苑底商,电话：无,
国药控股国大药房山西益源连锁有限公司冶金店,地址：山西省太原市杏花岭区北大街296号十三冶小区48栋底商,电话：0351-3236305,
国药控股国大药房山西益源连锁有限公司选煤厂店,地址：山西省太原市尖草坪区摄乐村商业街13号,电话：0351-3853885,
国药控股国大药房山西益源连锁有限公司丽华店,地址：山西省太原市丽华西路南波湾6号商铺,电话：0351-6105805,
国药控股国大药房山西益源连锁有限公司榆次辽阳店,地址：山西省晋中市榆次区辽阳北路22号,电话：0354-3207282,
国药控股国大药房山西益源连锁有限公司双西店,地址：山西省太原市双塔寺街61号,电话：0351-5288719,
国药控股国大药房山西益源连锁有限公司平阳三店,地址：山西省太原市平阳路66号,电话：0351-7324489,
国药控股国大药房山西益源连锁有限公司西太堡店,地址：山西省太原市迎泽区西太堡街3号,电话：0351-5245878,
国药控股国大药房山西益源连锁有限公司康乐二店,地址：山西省太原市康乐街2号,电话：0351-4036689,
国药控股国大药房山西益源连锁有限公司康乐店,地址：山西省太原市迎泽区康乐街18号,电话：0351-4043889,
国药控股国大药房山西益源连锁有限公司心研所店,地址：山西省太原市万柏林区后北屯东街漪苑东区5号,电话：0351-6163536,
国药控股国大药房山西益源连锁有限公司敦化南路店,地址：山西省太原市太原市杏花岭区敦化南路62号,电话：0351-4416116,
国药控股国大药房山西益源连锁有限公司阳光店,地址：山西省太原市亲贤北街51号,电话：0351-7083840,
国药控股国大药房山西益源连锁有限公司人民路二店,地址：山西省太原市小店区人民北路35号,电话：0351-7173558,
国药控股国大药房山西益源连锁有限公司南上庄店,地址：山西省太原市万柏林区和平南路化二建旧三号楼,电话：无,
国药控股国大药房山西益源连锁有限公司许西店,地址：山西省太原市小店区许西社区许坦南街2号,电话：0351-2790681,
国药控股国大药房山西益源连锁有限公司鸿峰店,地址：山西省太原市千峰南路大王小区北区01号楼一单元,电话：0351-3693802,
国药控股国大药房山西益源连锁有限公司中涧河店,地址：山西省太原市尖草坪街春怡苑西区101号,电话：0351-3375584,
国药控股国大药房山西益源连锁有限公司黄陵店,地址：山西省太原市黄陵路中段,电话：0351-7121979,
国药控股国大药房山西益源连锁有限公司西一巷店,地址：山西省太原市平阳路西一巷19号15幢1001号,电话：0351-7233521,
国药控股国大药房山西益源连锁有限公司半坡南巷店,地址：山西省太原市杏花岭区半坡街南巷,电话：0351-4062889,
国药控股国大药房山西益源连锁有限公司漪汾店,地址：山西省太原市漪汾街槐荫苑5号楼,电话：0351-6283866,
国药控股国大药房山西益源连锁有限公司东社店,地址：山西省太原市万柏林路8号,电话：0351-6381578,
国药控股国大药房山西益源连锁有限公司许东店,地址：山西省太原市小店区许坦东街28-A-11-12,电话：0351-7978772,
国药控股国大药房山西益源连锁有限公司古城店,地址：山西省太原市古城西街4号,电话：0351-3553650,
国药控股国大药房山西益源连锁有限公司恒山路店,地址：山西省太原市解放北路165号,电话：0351-3168822,
国药控股国大药房山西益源连锁有限公司桥东三店,地址：山西省太原市桥东街太原三立中学对面,电话：0351-4928070,
国药控股国大药房山西益源连锁有限公司化工店,地址：山西省太原市义井街南三巷往东,电话：0351-6081953,
国药控股国大药房山西益源连锁有限公司程家村店,地址：山西省太原市程家村东巷西社区4号楼,电话：0351-3663727,
国药控股国大药房山西益源连锁有限公司山机店,地址：山西省太原市新开南巷绿源小区16号楼,电话：0351-3378804,
国药控股国大药房山西益源连锁有限公司体育馆店,地址：山西省太原市解放南路美特好店内,电话：0351-5627108,
国药控股国大药房山西益源连锁有限公司享堂店,地址：山西省太原市太钢耐火宿舍13号楼3号,电话：0351-3446298,
国药控股国大药房山西益源连锁有限公司闻汇店,地址：山西省太原市迎泽区双塔东街124号,电话：0351-4283143,
国药控股国大药房山西益源连锁有限公司开化寺店,地址：山西省太原市迎泽区东米市小区81号5段1层,电话：0351-4067145,
国药控股国大药房山西益源连锁有限公司桃园店,地址：山西省太原市迎泽区桃园北路177号,电话：0351-3335153,
国药控股国大药房山西益源连锁有限公司滨汾店,地址：山西省太原市万柏林区彭村路滨汾苑小区8号,电话：0351-6160875,
国药控股国大药房山西益源连锁有限公司前进店,地址：山西省太原市万柏林区和平北路西三巷底商2号,电话：0351-6695153,
国药控股国大药房山西益源连锁有限公司万达店,地址：山西省太原市解放路151号,电话：0351-3084153,
国药控股国大药房山西益源连锁有限公司新开巷店,地址：山西省太原市新开巷9号楼前底商,电话：0351-3072897,
国药控股国大药房山西益源连锁有限公司四巷店,地址：山西省太原市桃园东四巷9号,电话：0351-4077787,
国药控股国大药房山西益源连锁有限公司桥东店,地址：山西省太原市桥东街梦想空间底商21-22号,电话：0351-2118887,
国药控股国大药房山西益源连锁有限公司三桥街店,地址：山西省太原市杏华岭三桥街28号,电话：0351-3042862,
国药控股国大药房山西益源连锁有限公司二院店,地址：山西省太原市五一路232号,电话：0351-3361205,
国药控股国大药房山西益源连锁有限公司花园店,地址：山西省太原市花园后街22号院2号楼底商5号,电话：0351-3140140,
国药控股国大药房山西益源连锁有限公司东辑虎营店,地址：山西省太原市东缉虎营1号楼底商2单元5间,电话：0351-4071666,
国药控股国大药房山西益源连锁有限公司人民路店,地址：山西省太原市人民北路84号,电话：0351-7263263,
国药控股国大药房山西益源连锁有限公司大王店,地址：山西省太原市万柏林区大王村中街17号1户门面房,电话：0351-6333090,
国药控股国大药房山西益源连锁有限公司柏杨树店,地址：山西省太原市柏杨树街太钢关心下一代中学旁,电话：0351-3623323,
国药控股国大药房山西益源连锁有限公司菜园店,地址：山西省太原市太原体育西路16号,电话：0351-4068648,
国药控股国大药房山西益源连锁有限公司晋机店,地址：山西省太原市万柏林区安广社区新友谊二小区,电话：0351-6269846,
国药控股国大药房山西益源连锁有限公司东岗店,地址：山西省太原市东岗路太阳小区288-9号,电话：0351-7684098,
国药控股国大药房山西益源连锁有限公司旧城街店,地址：山西省太原市旧城街11号,电话：0351-4166725,
国药控股国大药房山西益源连锁有限公司鼓楼店,地址：山西省太原市解放路136号,电话：0351-4160981,
国药控股国大药房山西益源连锁有限公司汾东店,地址：山西省太原市桃园北路110号,电话：0351-4047995,
国药控股国大药房山西益源连锁有限公司敦化店,地址：山西省太原市敦化新区南区二号楼一层5号,电话：0351-3242896,
国药控股国大药房山西益源连锁有限公司许坦店,地址：山西省太原市小店区坞城南街1号楼一层底商,电话：0351-7532860,
国药控股国大药房山西益源连锁有限公司北门店,地址：山西省太原市北大街三静饭店附近,电话：0351-3083360,
国药控股国大药房山西益源连锁有限公司新城店,地址：山西省太原市杏花岭区新城南街21号,电话：0351-4180576,
国药控股国大药房山西益源连锁有限公司并西店,地址：山西省太原市并州南路西一巷10号,电话：0351-8367563,
国药控股国大药房山西益源连锁有限公司新北店,地址：山西省太原市迎新路太钢青高层迎新街医院斜对面,电话：0351-3158028,
国药控股国大药房山西益源连锁有限公司西山店,地址：山西省太原市西矿街416号,电话：0351-6213318,
国药控股国大药房山西益源连锁有限公司老军营店,地址：山西省太原市老军营南小区21-1-1,电话：0351-7223196,
国药控股国大药房山西益源连锁有限公司新民街店,地址：山西省太原市新民北街13号附近 ,电话：0351-3036298,
国药控股国大药房山西益源连锁有限公司平阳路店,地址：山西省太原市平阳路西二巷统建宿舍底商,电话：0351-7234552,
国药控股国大药房山西益源连锁有限公司兴隆店,地址：山西省太原市迎泽区兴隆街颐园6号楼底商5号门面房,电话：无,
国药控股国大药房山西益源连锁有限公司兴南店,地址：山西省太原市兴华南小区荔园5号楼一层,电话：0351-6263183,
国药控股国大药房山西益源连锁有限公司旱西门店,地址：山西省太原市鱼池街18号,电话：0351-3538097,
国药控股国大药房山西益源连锁有限公司西铭店,地址：山西省太原市万柏林区西铭2号西山商厦底商,电话：0351-6967869,
国药控股国大药房山西益源连锁有限公司高新店,地址：山西省太原市五一路194号,电话：0351-4166685,
国药控股国大药房山西益源连锁有限公司狄村店,地址：山西省太原市建南汽车站西狄村电机厂宿舍2号楼门面房,电话：0351-7082069,
国药控股国大药房山西益源连锁有限公司太钢二店,地址：山西省太原市柏杨树街38号,电话：0351-3126260,
国药控股国大药房山西益源连锁有限公司北肖墙店,地址：山西省太原市小北门4号5单元1-2层,电话：0351-3209007,
国药控股国大药房山西益源连锁有限公司剪子湾店,地址：山西省太原市杏花岭区剪子湾富康苑对面8号门面房,电话：0351-4673058,
国药控股国大药房山西益源连锁有限公司府西店,地址：山西省太原市府西街73号,电话：0351-3587510,
国药控股国大药房山西益源连锁有限公司平阳二店,地址：山西省太原市平阳路42号,电话：0351-7239886,
国药控股国大药房山西益源连锁有限公司彭村店,地址：山西省太原市千峰北路彭村四巷口,电话：0351-6369434,
国药控股国大药房山西益源连锁有限公司兴华店,地址：山西省太原市兴华街游泳馆南侧,电话：0351-6293386,
国药控股国大药房山西益源连锁有限公司机场店,地址：山西省太原市武宿机场宿舍院内,电话：0351-7012065,
国药控股国大药房山西益源连锁有限公司广场店,地址：山西省太原市并州北路23号,电话：0351-4189130,
国药控股国大药房山西益源连锁有限公司桃南店,地址：山西省太原市文源巷34号,电话：0351-4068088,
国药控股国大药房山西益源连锁有限公司半坡街店,地址：山西省太原市半坡东街6号门面房,电话：0351-4072338,
国药控股国大药房山西益源连锁有限公司益民店,地址：山西省太原市解放路79号,电话：0351-2027166,
国药控股国大药房山西益源连锁有限公司七府园店,地址：山西省太原市七府园路1号,电话：0351-3202669,
国药控股国大药房山西益源连锁有限公司滨东店,地址：山西省太原市杏华岭区滨河东路76号滨东花园1号商铺1号,电话：0351-7656309,
国药控股国大药房山西益源连锁有限公司玉河街店,地址：山西省太原市康乐巷重机宿舍门面房,电话：0351-6379293,
国药控股国大药房山西益源连锁有限公司尖草坪店,地址：山西省太原市解放北路56号,电话：0351-3167358,
国药控股国大药房山西益源连锁有限公司中辐院店,地址：山西省太原市学府街中辐院内,电话：0351-2200067,
国药控股国大药房山西益源连锁有限公司通达店,地址：山西省太原市小店通达街交通局对面,电话：0351-7269198,
国药控股国大药房山西益源连锁有限公司重机店,地址：山西省太原市太原市万柏林区玉河街203号底商2号,电话：0351-6365888,
国药控股国大药房山西益源连锁有限公司胜利桥店,地址：山西省太原市胜利桥东路6号,电话：0351-3080777,
国药控股国大药房山西益源连锁有限公司亲贤店,地址：山西省太原市腾龙苑小区门口,电话：0351-3831025,
国药控股国大药房山西益源连锁有限公司西矿街店,地址：山西省太原市西矿街396号北寒,电话：0351-6145008,
国药控股国大药房山西益源连锁有限公司解北店,地址：山西省太原市解放北路100号,电话：0351-3083999,
国药控股国大药房山西益源连锁有限公司榆次顺城店,地址：山西省晋中市榆次东顺城街6号,电话：0354-2088551,
国药控股国大药房山西益源连锁有限公司后北屯二店,地址：山西省太原市万柏林区千峰北路金城商务大厦南裙楼,电话：0351-3831025,
国药控股国大药房山西益源连锁有限公司北大街店,地址：山西省太原市北大街284号,电话：0351-3420201,
国药控股国大药房山西益源连锁有限公司城坊店,地址：山西省太原市城坊东街14号,电话：0351-4188666,
国药控股国大药房山西益源连锁有限公司小店店,地址：山西省太原市小店区人民北路216号,电话：0351-7170999,
国药控股国大药房山西益源连锁有限公司大东关店,地址：山西省太原市大东关街149号,电话：0351-4425289,
国药控股国大药房山西益源连锁有限公司玉门河店,地址：山西省太原市万柏林区小井峪街道下元社区北河北岸,电话：0351-3420201,
国药控股国大药房山西益源连锁有限公司大营盘店,地址：山西省太原市小店区并州南路47号门面房,电话：无,
国药控股国大药房山西益源连锁有限公司昌盛店,地址：山西省太原市三墙路国师街小区24号楼2-2号,电话：0351-3521558,
国药控股国大药房山西益源连锁有限公司晋安店,地址：山西省太原市晋安西街1号2号1层3号,电话：0351-3420201,
国药控股国大药房山西益源连锁有限公司海子边店,地址：山西省太原市皇华馆邮电宿舍门口,电话：0351-4165623,
国药控股国大药房山西益源连锁有限公司朝阳店,地址：山西省太原市白龙庙红沟路临街2号,电话：0351-4435828,
国药控股国大药房山西益源连锁有限公司赵庄店,地址：山西省太原市大同路赵庄北1号楼,电话：0351-3555295,
国药控股国大药房山西益源连锁有限公司解放路店,地址：山西省太原市解放路93号,电话：0351-4088087,
国药控股国大药房山西益源连锁有限公司汾机店,地址：山西省太原市彭村二巷汾机宿舍门口,电话：0351-6286338,
国药控股国大药房山西益源连锁有限公司王村店,地址：山西省太原市长治路139号,电话：0351-7229920,
国药控股国大药房山西益源连锁有限公司民阳店,地址：山西省太原市和平南路85号,电话：0351-6524808,
国药控股国大药房山西益源连锁有限公司康维尔店,地址：山西省太原市职工新村肿瘤医院对面,电话：0351-4651417,
国药控股国大药房山西益源连锁有限公司众利店,地址：山西省太原市解放南路88号,电话：0351-4935904,
国药控股国大药房山西益源连锁有限公司德源店,地址：山西省太原市桃园四巷东23号,电话：0351-4730138,
国药控股国大药房山西益源连锁有限公司义井店,地址：山西省太原市义井大华宇超市旁,电话：0351-6092567,
国药控股国大药房山西益源连锁有限公司迎新街店,地址：山西省太原市迎新商场北楼8号,电话：0351-3059529,
国药控股国大药房山西益源连锁有限公司乐仁堂店,地址：山西省太原市青年路14号,电话：0351-2026488,
国药控股国大药房山西益源连锁有限公司太钢店,地址：山西省太原市太钢25宿舍西门,电话：0351-3127330,
国药控股国大药房山西益源连锁有限公司五一店,地址：山西省太原市东三道巷6号,电话：0351-3037248,
国药控股国大药房山西益源连锁有限公司新泽巷店,地址：山西省太原市新泽巷3号省广电局后勤中心综合楼一层,电话：0351-4060229,
国药控股国大药房山西益源连锁有限公司平阳四店,地址：山西省太原市平阳路105号天鑫花园底商南一间,电话：0351-8369186,
国药控股国大药房山西益源连锁有限公司双塔店,地址：山西省太原市双塔寺街67号,电话：0351-8269157,
国药控股国大药房山西益源连锁有限公司并州店,地址：山西省太原市许坦西街25号,电话：0351-7965189,
国药控股国大药房山西益源连锁有限公司中欣店,地址：山西省太原市桃园北路40号,电话：0351-4040006,
国药控股国大药房山西益源连锁有限公司柳巷店,地址：山西省太原市柳巷67号,电话：0351-2029460,
国药控股国大药房山西益源连锁有限公司震华店,地址：山西省太原市西矿街198号,电话：0351-6193233,
