康乐医药俊涛大药房,地址：河南省郑州市登封市告成镇政府南侧,电话：0371-62812555,
康乐医药瑞华大药房,地址：河南省郑州市登封市卢店镇卢西村,电话：0371-62812555,
康乐医药秀娟大药房,地址：河南省郑州市登封市阳城区铝庄村,电话：0371-62812555,
康乐医药得心康大药房,地址：河南省郑州市登封市徐庄镇市场桥南,电话：0371-62812555,
康乐医药民康大药房,地址：河南省郑州市登封市宣化镇柴沟村,电话：0371-62812555,
康乐医药健民大药房,地址：河南省郑州市登封市市区新兴街,电话：0371-62812555,
康乐医药永和堂大药房,地址：河南省郑州市登封市大冶镇沙沟村三组文化大舞台隔壁,电话：0371-62812555,
康乐医药福康大药房,地址：河南省郑州市登封市卢店镇迎宾大道中段,电话：0371-62812555,
康乐医药浩男大药房,地址：河南省郑州市登封市宣化镇王村,电话：0371-62812555,
康乐医药众康大药房,地址：河南省郑州市登封市颖河小区,电话：0371-62812555,
康乐医药大冶南环路杏林大药房,地址：河南省郑州市登封市大冶镇南环路,电话：0371-62812555,
康乐医药瑞康大药房,地址：河南省郑州市登封市徐庄镇普堂村兴裕大道中段,电话：0371-62812555,
康乐医药恒康大药房,地址：河南省郑州市登封市石道乡石道村,电话：0371-62812555,
康乐医药徐庄村大药房,地址：河南省郑州市登封市徐庄乡徐庄村,电话：0371-62812555,
康乐医药颖河大药房,地址：河南省郑州市登封市嵩阳办菜园村,电话：0371-62812555,
康乐医药大冶新市场大药房,地址：河南省郑州市登封市大冶镇新市场,电话：0371-62812555,
康乐医药利民大药房,地址：河南省郑州市登封市中岳办事处东十里铺村,电话：0371-62812555,
康乐医药振涛大药房,地址：河南省郑州市登封市大冶镇桥板河村,电话：0371-62812555,
康乐医药唐东大药房,地址：河南省郑州市登封市唐庄乡唐东村,电话：0371-62812555,
康乐医药济世堂大药房,地址：河南省郑州市登封市商埠街,电话：0371-62812555,
康乐医药景福堂大药房,地址：河南省郑州市登封市大冶镇槐下公路中段,电话：0371-62812555,
康乐医药梁三大药房,地址：河南省郑州市登封市东华镇北高马村,电话：0371-62812555,
康乐医药康愈大药房,地址：河南省郑州市登封市中岳办事处韩村,电话：0371-62812555,
康乐医药快聪大药房,地址：河南省郑州市登封市送表矿区东送表村,电话：0371-62812555,
康乐医药仁康大药房,地址：河南省郑州市登封市嵩阳路与东关街交叉口东,电话：0371-62812555,
康乐医药垌头大药房,地址：河南省郑州市登封市大冶镇垌头村,电话：0371-62812555,
康乐医药恒源大药房,地址：河南省郑州市登封市送表矿区西送表村,电话：0371-62812555,
康乐医药惠发大药房,地址：河南省郑州市登封市东华镇尤兰村,电话：0371-62812555,
康乐医药焦河村大药房,地址：河南省郑州市登封市焦河村,电话：0371-62812555,
康乐医药华康药房,地址：河南省郑州市登封市卢店镇振兴路,电话：0371-62812555,
康乐医药鑫达大药房,地址：河南省郑州市登封市大冶镇后柿杭村,电话：0371-62812555,
康乐医药幸福人大药房,地址：河南省郑州市登封市送表乡东送表街与207国道交叉口,电话：0371-62812555,
康乐医药万家福大药房,地址：河南省郑州市登封市大金店镇金东村,电话：0371-62812555,
康乐医药铁林中药房,地址：河南省郑州市登封市少林办事处耿庄村,电话：0371-62812555,
康乐医药环球大药房,地址：河南省郑州市登封市卢店镇卫生院东隔壁,电话：0371-62812555,
康乐医药刘备大药房,地址：河南省郑州市登封市大冶镇刘备村,电话：0371-62812555,
康乐医药颖阳大药房,地址：河南省郑州市登封市颖阳镇颖东村,电话：0371-62812555,
康乐医药福乐大药房,地址：河南省郑州市登封市少林小区永泰路,电话：0371-62812555,
康乐医药胥店大药房,地址：河南省郑州市登封市胥店村,电话：0371-62812555,
康乐医药益康药店,地址：河南省郑州市登封市大冶镇大冶街,电话：0371-62812555,
康乐医药健康人大药房,地址：河南省郑州市登封市古城新村,电话：0371-62812555,
康乐医药瑞星大药房,地址：河南省郑州市登封市告城镇告城村,电话：0371-62812555,
康乐医药太康大药房,地址：河南省郑州市登封市大平矿区,电话：0371-62812555,
康乐医药东金店大药房,地址：河南省郑州市登封市东金店村,电话：0371-62812555,
康乐医药塔庙大药房,地址：河南省郑州市登封市大冶镇塔庙村,电话：0371-62812555,
康乐医药毕家村大药房,地址：河南省郑州市登封市大金店毕家村,电话：0371-62812555,
康乐医药康平大药房,地址：河南省郑州市登封市大金店镇金西村,电话：0371-62812555,
康乐医药惠康大药房,地址：河南省郑州市登封市白坪乡白坪街乡卫生院西,电话：0371-62812555,
康乐医药亿鑫大药房,地址：河南省郑州市登封市白坪小区与谷路街交叉口西北角,电话：0371-62812555,
康乐医药德园大药房,地址：河南省郑州市登封市城关镇北街村,电话：0371-62812555,
康乐医药平价大药房,地址：河南省郑州市登封市嵩山路南段南庄村,电话：0371-62812555,
康乐医药德康药店,地址：河南省郑州市登封市中岳大街,电话：0371-62812555,
康乐医药金阳大药房,地址：河南省郑州市登封市中岳大街东段,电话：0371-62812555,
康乐医药和平大药房,地址：河南省郑州市登封市东华镇东华大道,电话：0371-62812555,
康乐医药燕飞大药房,地址：河南省郑州市登封市北菜园村,电话：0371-62812555,
康乐医药城东大药房,地址：河南省郑州市登封市中岳区新店村,电话：0371-62812555,
康乐医药新颖药店,地址：河南省郑州市登封市大金店镇,电话：0371-62812555,
康乐医药益家康大药房,地址：河南省郑州市登封市区北环路东段北侧,电话：0371-62812555,
康乐医药永康药店,地址：河南省郑州市登封市城关镇菜园村,电话：0371-62812555,
康乐医药老百姓大药房,地址：河南省郑州市登封市卢店镇栗子沟村,电话：0371-62812555,
康乐医药天森大药房,地址：河南省郑州市登封市区菜园路南段,电话：0371-62812555,
康乐医药爱心大药房,地址：河南省郑州市登封市中岳大街东段中医院西30米,电话：0371-62812555,
康乐医药益春堂大药房,地址：河南省郑州市登封市唐庄乡玉溪社区大门东,电话：0371-62812555,
康乐医药广维大药房,地址：河南省郑州市登封市嵩阳办事处南庄村,电话：0371-62812555,
康乐医药继红大药房,地址：河南省郑州市登封市嵩阳路南段,电话：0371-62812555,
康乐医药王杰大药房,地址：河南省郑州市登封市少室路与洧河路交叉口,电话：0371-62812555,
康乐医药永安大药房,地址：河南省郑州市登封市唐庄乡大唐路,电话：0371-62812555,
康乐医药吉祥药店,地址：河南省郑州市登封市崇福路北段,电话：0371-62812555,
康乐医药民意大药房,地址：河南省郑州市登封市大冶镇南街村,电话：0371-62812555,
康乐医药为民药店,地址：河南省郑州市登封市唐庄乡沈福路,电话：0371-62812555,
康乐医药佳康大药房,地址：河南省郑州市登封市少林路与少室路交叉口,电话：0371-62812555,
康乐医药白坪新区大药房,地址：河南省郑州市登封市谷路街南段西侧豫鑫苑A区,电话：0371-62812555,
康乐医药送表大药房,地址：河南省郑州市登封市送表乡,电话：0371-62812555,
康乐医药银环大药房,地址：河南省郑州市登封市宣化镇南街,电话：0371-62812555,
康乐医药爱心大药房二分店,地址：河南省郑州市登封市中岳办事处新店,电话：0371-62812555,
康乐医药瑞福祥大药房,地址：河南省郑州市登封市徐庄乡徐庄村南侧,电话：0371-62812555,
康乐医药便民大药房,地址：河南省郑州市登封市告城镇石淙街,电话：0371-62812555,
河南人民医药有限公司郑州市家家乐大药房,地址：河南省郑州市建设路与西三环路口南500米路西西湖东岸小区,电话：0371-63953082,
安阳千年健医药连锁银基分店,地址：河南省安阳市银基商贸城南门西侧,电话：0372-5958120,
安阳千年健医药连锁华强新天地店,地址：河南省安阳市平原路南段华强新天地楼下,电话：0372-5050175,
安阳千年健医药连锁惠苑分店,地址：河南省安阳市惠苑街华联超市西侧,电话：0372-3691160,
安阳千年健医药连锁火车站店,地址：河南省安阳市火车站东南角,电话：0372-5957917,
安阳千年健医药连锁洹水大药房,地址：河南省安阳市洹水公园南50米路东,电话：0372-3682350,
安阳千年健医药连锁温泉分店,地址：河南省安阳市昌泰路36路车终点,电话：0372-5363120,
安阳千年健医药连锁德隆分店,地址：河南省安阳市德隆街老师苑家属院南门斜对面,电话：0372-3693623,
安阳千年健医药连锁安和分店,地址：河南省安阳市曙光路南段安和苑门口北侧,电话：0372-2961120,
安阳千年健医药连锁文化宫大药房,地址：河南省安阳市彰德路与灯塔路交叉口东南角,电话：0372-3653360,
安阳千年健医药连锁安漳分店,地址：河南省安阳市豆腐营小学路西,电话：0372-3688720,
安阳千年健医药连锁医东路店,地址：河南省安阳市医东路教堂北50米路西,电话：0372-2912120,
安阳千年健医药连锁人民大药房,地址：河南省安阳市曙光中学南50米路西,电话：0372-3658080,
安阳千年健医药连锁京林分店,地址：河南省安阳市易园东门对面京林中央公园楼下,电话：0372-2156509,
安阳千年健医药连锁铁西分店,地址：河南省安阳市铁西建设银行向北50米路东原铁西医院北侧,电话：0372-5959056,
安阳千年健医药连锁新八中店,地址：河南省安阳市朝阳路与文明大道交叉口北150米向西,电话：0372-2151206,
信阳市羊山新区好一生大药房,地址：河南省信阳市羊山新区第六大街7-1号（信阳市羊山新区第一人民医院隔壁) ,电话：0376-6808686,
信阳老百姓大药房,地址：河南省信阳市羊山京汉街53号（信阳市羊山建设银行对面）,电话：0376-6880088,
河南省越人大药房连锁有限公司郑州枫杨街分店,地址：河南省郑州市高新区枫杨街12号10幢1层附33-34号,电话：无,
河南省越人大药房连锁有限公司郑州第八十五分店,地址：河南省郑州市上街区中心路81号院5幢1层东1单元M2号,电话：无,
河南省越人大药房连锁有限公司郑州第四十九分店,地址：河南省郑州市中原区大岗刘乡段庄,电话：无,
河南省越人大药房连锁有限公司登封弘园分店,地址：河南省郑州市登封市少林大道与福佑路交叉口北,电话：无,
河南省越人大药房连锁有限公司第一百一十三分店,地址：河南省郑州新郑市龙湖镇东徐村环乡路西段,电话：无,
河南省越人大药房连锁有限公司登封中岳大街三分店,地址：河南省郑州市登封市中岳大街中医院西,电话：0371-62906658,
河南省越人大药房连锁有限公司登封卢店镇分店,地址：河南省郑州市登封市卢店镇百货楼西20米,电话：0371-62980003,
河南省越人大药房连锁有限公司登封嵩山路分店,地址：河南省郑州市登封市嵩山路与南环路交叉口向北50米,电话：0371-62860761,
河南省越人大药房连锁有限公司登封嵩阳路二分店,地址：河南省郑州市登封市嵩阳路与崇高路交叉口北300米,电话：0371-62708961,
河南省越人大药房连锁有限公司郑州高庄路分店,地址：河南省郑州市郑东新区龙子湖街道办事处姚桥社区高庄路,电话：无,
河南省越人大药房连锁有限公司郑州第三十一分店,地址：河南省郑州市金水区天明路72号2号楼1-2层商7号,电话：无,
河南省越人大药房连锁有限公司登封东华镇分店,地址：河南省郑州市登封市东华镇乡政府西,电话：0371-85503300,
河南省越人大药房连锁有限公司登封嵩阳路一分店,地址：河南省郑州市登封市嵩阳路与少林路交叉口西南,电话：0371-62811070,
河南省越人大药房连锁有限公司郑州第五十分店,地址：河南省郑州市二七区侯寨乡牛王庙嘴81号,电话：无,
河南省越人大药房连锁有限公司登封唐庄分店,地址：河南省郑州市登封市唐庄街邮局对面,电话：0371-62714988,
河南省越人大药房连锁有限公司登封少林路分店,地址：河南省郑州市登封市少林路第二人民医院对面,电话：0371-62863877,
河南省越人大药房连锁有限公司郑州第一百二十六分店,地址：河南省郑州航空港区郑港六路北侧26号36号楼1层116号、117号,电话：无,
河南省越人大药房连锁有限公司登封大冶镇分店,地址：河南省郑州市登封市大冶新市场,电话：0371-62931226,
河南省越人大药房连锁有限公司登封少室路分店,地址：河南省郑州市登封市中岳大街与少室路交叉口南,电话：0371-62883956,
河南省越人大药房连锁有限公司郑州第三十四分店,地址：河南省郑州市金水区宏祥路（银河小区）29号8幢1层附9号房,电话：无,
河南省越人大药房连锁有限公司登封洧河路分店,地址：河南省郑州市登封市洧河路百特超市对面,电话：0371-62850039,
河南省越人大药房连锁有限公司登封崇高路分店,地址：河南省郑州市登封市崇高路与崇福路交叉口,电话：0371-62905869,
河南省越人大药房连锁有限公司第一百零五分店,地址：河南省郑州市荥阳市大海寺路东段南侧,电话：无,
河南省越人大药房连锁有限公司登封大金店镇分店,地址：河南省郑州市登封市大金店千惠超市隔壁,电话：0371-62765955,
河南省越人大药房连锁有限公司登封中岳大街二分店,地址：河南省郑州市登封市中岳大街西段,电话：0371-62870365,
河南省越人大药房连锁有限公司第一百零七分店,地址：河南省郑州市荥阳市万山路南段东侧帝旺世家13号楼104号商铺,电话：无,
河南省越人大药房连锁有限公司登封告成镇一分店,地址：河南省郑州市登封市告成镇告成街菜市场口,电话：0371-62950660,
河南省越人大药房连锁有限公司登封中岳大街一分店,地址：河南省郑州市登封市中岳大街中医院西50米,电话：0371-62819871,
河南省越人大药房连锁有限公司登封告成镇二分店,地址：河南省郑州市登封市阳城开发区烟庄加油站对面,电话：0371-62950266,
河南省越人大药房连锁有限公司登封守敬路分店,地址：河南省郑州市登封市中岳大街与守敬路交叉口南,电话：0371-62869212,
河南省越人大药房连锁有限公司文体路店,地址：河南省安阳市殷都区文体路都市领地小区8号门面房,电话：0372-5986120,
河南省越人大药房连锁有限公司文明大道店,地址：河南省安阳市龙安区文明大道52号,电话：0372-5921120,
河南省越人大药房连锁有限公司红庙街店,地址：河南省安阳市红庙街东段路南,电话：0372-5902120,
河南省越人大药房连锁有限公司银杏北路店,地址：河南省安阳市高新区银杏北路银杏市场临街门面房,电话：0372-5903120,
河南省越人大药房连锁有限公司纱厂店,地址：河南省安阳市殷都区纱厂生活区光荣碑十字路口西南角,电话：0372-5963120,
河南省越人大药房连锁有限公司东风路店,地址：河南省安阳市东风路与德隆街交叉口东南角,电话：0372-5922120,
河南省越人大药房连锁有限公司曙光店,地址：河南省安阳市北关区曙光小区西门路北,电话：0372-5925120,
河南省越人大药房连锁有限公司东工南路店,地址：河南省安阳市文峰区东工路与文明大道交叉口向南100米路西,电话：0372-5990120,
河南省越人大药房连锁有限公司盘庚街店,地址：河南省安阳市盘庚街48号,电话：0372-5917120,
河南省越人大药房连锁有限公司电厂店,地址：河南省安阳市殷都区柴库村电厂西苑小区门口,电话：0372-5932120,
河南省越人大药房连锁有限公司钢一路店,地址：河南省安阳市殷都区钢一路枫林水郡小区E区18号楼一层4号,电话：0372-5936120,
河南省越人大药房连锁有限公司安阳中心店,地址：河南省安阳市文峰区东工路与灯塔路交叉口临街门面房,电话：0372-5980120,
河南省越人大药房连锁有限公司洹北店,地址：河南省安阳市北关区洹北小区菜市场,电话：0372-5926120,
河南省越人大药房连锁有限公司中道口店,地址：河南省安阳市殷都区中道口豫北图书馆大厦一层门面房,电话：0372-5927120,
河南省越人大药房连锁有限公司同兴街店,地址：河南省安阳市文峰区同兴街西段路北,电话：0372-5923120,
河南省越人大药房连锁有限公司铁西路店,地址：河南省安阳市殷都区铁西路与安钢大道交叉口东南角,电话：0372-5913120,
河南省越人大药房连锁有限公司郑州第一百分店,地址：河南省郑州市金水区纬四路25号12号楼一层,电话：0371-56013770,
河南省越人大药房连锁有限公司迎春西街店,地址：河南省安阳市迎春西街东段路南,电话：0372-5962120,
河南省越人大药房连锁有限公司郑州第三十六分店,地址：河南省郑州市航空港区郑港七路南侧琴台街东侧郑港九路北侧公寓1幢118号房,电话：0371-56675015,
河南省越人大药房连锁有限公司清风街店,地址：河南省安阳市殷都区清风街西段,电话：0372-5997120,
河南百姓福大药房民主店,地址：河南省信阳市固始县蓼北路老华联对面俏巴街内 ,电话：0376-4099033,
河南百姓福大药房踏月寺店,地址：河南省信阳市固始县中山大街与踏月寺交叉口往南200米,电话：0376-4094676,
河南百姓福大药房黄河店,地址：河南省信阳市固始县黄河路与将军路交叉口路北,电话：0376-4095886,
河南百姓福大药房信阳龙潭店,地址：河南省信阳市龙潭大酒店对面 ,电话：0376-6325288,
河南百姓福大药房中山店,地址：河南省信阳市固始县中山大街老百货大楼华联超市一楼 ,电话：0376-4657766,
河南百姓福大药房迎宾店,地址：河南省信阳市固始县迎宾路南段 ,电话：0376-4961188,
河南百姓福大药房信阳万家灯火店,地址：河南省信阳市沃尔玛超市南门,电话：0376-6257288,
河南百姓福大药房中心店,地址：河南省信阳市固始县政和玉花苑,电话：0376-4639339,
河南百姓福大药房信阳南湖店,地址：河南省信阳市浉河区南湖路中段 ,电话：0376-6318200,
河南百姓福大药房一中店,地址：河南省信阳市固始县一中对面 ,电话：0376-4685828,
河南百姓福大药房信阳中山店,地址：河南省信阳市中心医院对面 ,电话：0376-6257388,
河南百姓福大药房幸福店,地址：河南省信阳市固始县幸福小区红星医院对面,电话：0376-4660096,
河南百姓福大药房崇学苑店,地址：河南省信阳市固始县王审知大道与淮河路交叉口 ,电话：0376-4693982,
河南百姓福大药房黎集店,地址：河南省信阳市固始县黎集街道,电话：0376-4221699,
河南百姓福大药房中原店,地址：河南省信阳市固始县中原路菜市场对面 ,电话：0376-4657788,
河南百姓福大药房香樟苑店,地址：河南省信阳市固始县香樟苑小区南门东侧 ,电话：0376-4996552,
河南百姓福大药房往流店,地址：河南省信阳市固始县往流街道华联超市对面,电话：0376-4233723,
河南百姓福大药房凤凰店,地址：河南省信阳市固始县凤凰大道与红苏路交叉口,电话：0376-4625111,
河南百姓福大药房南山店,地址：河南省信阳市固始县蓼城东路中段,电话：0376-4653588,
河南百姓福大药房黄淮店,地址：河南省信阳市固始县黄河路与淮河路交叉口路北 ,电话：0376-4699997,
河南百姓福大药房秀水店,地址：河南省信阳市固始县蓼城大道与秀水路交叉口,电话：0376-4626599,
河南百姓福大药房蓼中店,地址：河南省信阳市固始县中原路与蓼北路交叉口技术监督局楼下,电话：0376-4629092,
河南百姓福大药房蓼北店,地址：河南省信阳市固始县人民医院对面 ,电话：0376-4941188,
河南百姓福大药房红苏店,地址：河南省信阳市固始县红苏路国源超市旁 ,电话：0376-4941616,
德仁堂大药房府后街店,地址：河南省郑州市新郑市府后街与薛店大道交叉口西100米路南,电话：0371-62588282,
德仁堂大药房新一街店,地址：河南省新乡市红旗区新一街附近,电话：无,
德仁堂药店真源大道店,地址：河南省周口市鹿邑县真源大道附近,电话：0394-7286692,
德仁堂药店健康路店,地址：河南省新乡市卫辉市健康路附近,电话：0373-4486882,
德仁堂大药房滑县店,地址：河南省安阳市滑县101省道附近,电话：0372-5573008,
德仁堂医药平原路店,地址：河南省安阳市文峰区平原路附近,电话：0372-2260120,
开封市协和医药连锁有限公司晋安店,地址：河南省开封市晋安路与武夷路交叉口,电话：0371-22182222 ,
开封市协和医药连锁有限公司曹门店,地址：河南省开封市东环路2附4号,电话：0371-22856108,
开封市协和医药连锁有限公司天天好店,地址：河南省开封市汉兴路59号,电话：0371-25960333 ,
开封市协和医药连锁有限公司东郊店,地址：河南省开封市公园路35号(东郊万宝南隔壁）,电话：0371-22993333,
开封市协和医药连锁有限公司劳动路店,地址：河南省开封市苹果园东路2号附9号(东郊男科阳光医院北隔壁）,电话：0371-23728800 ,
开封市协和医药连锁有限公司旗舰店,地址：河南省开封市金明东街44号(花好月圆酒店北隔壁）,电话：0371-23726066,
开封市协和医药连锁有限公司集英店,地址：河南省开封市集英街167号,电话：0371-23980555 ,
开心人大药房中州东路店,地址：河南省洛阳市瀍河回族区中州东路163号,电话：0379-63966631,
开心人大药房嵩山店,地址：河南省洛阳市涧西区嵩山路13号丹尼斯隔壁,电话：0379-63155115,
开心人大药房新区店,地址：河南省洛阳市洛龙区太康路附近,电话：0379-60627771,
开心人大药房解放大道店,地址：河南省安阳市文峰区解放大道315号,电话：0372-3659888,
开心人大药房宜人路店,地址：河南省洛阳市洛龙区宜人路附近,电话：0379-60627771,
开心人大药房洗耳路分店,地址：河南省平顶山市汝州市洗耳中路330号,电话：0375-6916619,
开心人大药房上阳路店,地址：河南省洛阳市西工区丽春东路与上阳路交叉口,电话：0379-64792737,
开心人大药房王城店,地址：河南省洛阳市西工区中州中路附近,电话：0379-63928315,
开心人大药房九都西路店,地址：河南省洛阳市涧西区银川路35号,电话：无,
开心人大药房香港街店,地址：河南省焦作市沁阳市香港街附近,电话：0391-3835185,
开心人大药房道南路店,地址：河南省洛阳市老城区道南路附近,电话：无,
开心人大药房开州中路店,地址：河南省濮阳市华龙区开州中路148号,电话：无,
开心人大药房南昌路店,地址：河南省洛阳市涧西区南昌路锦茂国际大厦,电话：0379-64600757,
开心人大药房新区德园店,地址：河南省洛阳市洛龙区德园北门东04号,电话：0379-60627771,
开心人大药房丹阳中路店,地址：河南省平顶山市汝州市丹阳中路220号,电话：0375-7167111,
开心人大药房纱厂路店,地址：河南省洛阳市西工区纱厂东路与解放路交叉口向西200米路北,电话：0379-64609160,
开心人大药房平原路店,地址：河南省安阳市文峰区平原路北段115号,电话：0372-5950055,
开心人大药房文庙南街店,地址：河南省商丘市柘城县文庙南街,电话：0370-7238111,
开心人大药房唐宫店,地址：河南省洛阳市老城区唐宫东路起重机厂门口西100米,电话：0379-63412780,
新乡市卫滨区福康大药房,地址：河南省新乡市西干道239号,电话：无,
修正堂大药房郑州市老鸦陈店,地址：河南省郑州市惠济区老鸦陈村,电话：无,
修正堂大药房郑州市朝阳路店,地址：河南省郑州市金水区朝阳路19号院恒升家园16号,电话：无,
修正堂大药房郑州市商鼎路店,地址：河南省郑州市107和商鼎路交叉口,电话：无,
修正堂大药房荥阳市塔山路演武路店,地址：河南省郑州市荥阳市塔山路演武路交叉口东200米路南,电话：无,
修正堂大药房郑州市燕黑路店,地址：河南省郑州市金水区燕黑路燕庄村升源小区门口,电话：无,
修正堂大药房郑州市锦隆阳光小区店,地址：河南省郑州市金水区沙口路71号锦隆阳光小区西门,电话：无,
修正堂大药房郑州市万通路店,地址：河南省郑州市管城区农业东路与万通路交叉口,电话：无,
修正堂大药房郑州市晨旭路店,地址：河南省郑州市经三路晨旭路交叉口往西50米路南,电话：无,
修正堂大药房郑州市祭城店,地址：河南省郑州市郑东新区祭城集贸市场北门对面,电话：无,
修正堂大药房荥阳市成皋南路广场店,地址：河南省郑州市荥阳市成皋南路广场东口,电话：无,
河南省越人大药房连锁有限公司郑州合欢街分店,地址：河南省郑州市高新开发区合欢街西段,电话：无,
河南省越人大药房连锁有限公司郑州通惠路分店,地址：河南省郑州市郑东新区白沙镇朱庄村通惠路,电话：0371-56666169,
河南省越人大药房连锁有限公司郑州第二百分店,地址：河南省郑州市金水区三全路86号1号楼1楼,电话：无,
河南省越人大药房连锁有限公司第一百五十五分店,地址：河南省郑州市中牟县大孟镇大孟村,电话：无,
河南省越人大药房连锁有限公司第一百六十六分店,地址：河南省郑州市中牟县官渡大街路南,电话：无,
河南省越人大药房连锁有限公司郑州第六十四分店,地址：河南省郑州市管城区长江路南紫楠小区底商7-8号,电话：无,
河南省越人大药房连锁有限公司第一百五十二分店,地址：河南省郑州市中牟县狼城岗镇（村）,电话：无,
河南省越人大药房连锁有限公司第三十分店,地址：河南省郑州市中牟县建设路北段西侧,电话：无,
河南省越人大药房连锁有限公司第一百五十九分店,地址：河南省郑州市中牟县雁鸣湖镇东漳西村,电话：无,
河南省越人大药房连锁有限公司第一百六十一分店,地址：河南省郑州市中牟县青年路西段193号,电话：无,
河南省越人大药房连锁有限公司第一百五十六分店,地址：河南省郑州市中牟县新城区人民路中段路西,电话：无,
河南省越人大药房连锁有限公司郑州高新区梧桐街分店,地址：河南省郑州市高新区梧桐街睿智花园23号楼8号商铺,电话：无,
河南省越人大药房连锁有限公司第一百五十八分店,地址：河南省郑州市中牟县官渡镇板桥村,电话：无,
河南省越人大药房连锁有限公司郑州郑汴路分店,地址：河南省郑州市郑东新区白沙镇白沙村,电话：无,
河南省越人大药房连锁有限公司第一百六十五分店,地址：河南省郑州市中牟县建设北路西段,电话：无,
河南省越人大药房连锁有限公司郑州前程路分店,地址：河南省郑州市郑东新区白沙镇前程村,电话：无,
河南省越人大药房连锁有限公司郑州第一百三十一分店,地址：河南省郑州市惠济区滨河路珠江荣景小区10号楼105号,电话：无,
河南省越人大药房连锁有限公司第一百四十六分店,地址：河南省郑州市上街区上街村石化路口,电话：无,
河南省越人大药房连锁有限公司第一百二十八分店,地址：河南省郑州市新郑市中华北路西侧,电话：无,
河南省越人大药房连锁有限公司郑州第一百三十分店,地址：河南省郑州市管城区郑尉路姚庄村84号,电话：无,
河南省越人大药房连锁有限公司第一百二十五分店,地址：河南省新郑市万庄路宏基王朝月季园1号楼2单元101号,电话：无,
河南省越人大药房连锁有限公司第一百三十六分店,地址：河南省郑州市惠济区老鸦陈新兴街20号,电话：无,
河南省越人大药房连锁有限公司第一百二十七分店,地址：河南省郑州市新郑市龙湖镇侯庄村232号,电话：无,
河南省越人大药房连锁有限公司第一百三十三分店,地址：河南省郑州市惠济区电厂路90号7幢1层附4号,电话：无,
河南省越人大药房连锁有限公司郑州第一百二十九分店,地址：河南省郑州市管城区紫荆山南路西7-8号,电话：无,
河南省越人大药房连锁有限公司第一百二十六分店,地址：河南省郑州市新郑市龙湖镇华南城美食街B-10-2,电话：无,
河南省越人大药房连锁有限公司第一百二十四分店,地址：河南省郑州市新郑市龙湖镇王许村四组,电话：无,
河南省越人大药房连锁有限公司第一百零八分店,地址：河南省郑州市荥阳市高山镇朝阳路中段,电话：无,
河南省越人大药房连锁有限公司郑州列里路分店,地址：河南省郑州市郑东新区列里路与东风南路卢浮公馆19号14号楼-08号,电话：无,
河南省越人大药房连锁有限公司郑州第三十三分店,地址：河南省郑州市航空港区郑港9路与郑港7街绿苑综合市场2号楼21-22号 ,电话：无,
河南省越人大药房连锁有限公司第一百零六分店,地址：河南省郑州市荥阳市豫龙镇苜蓿洼村,电话：无,
河南省越人大药房连锁有限公司第一百二十二分店,地址：河南省郑州市新郑市龙湖镇,电话：无,
河南省越人大药房连锁有限公司第一百零二分店,地址：河南省郑州市荥阳市索河路建业百货负一楼,电话：无,
河南省越人大药房连锁有限公司第一百零三分店,地址：河南省郑州市荥阳市贾峪镇楚村行政村,电话：无,
河南省越人大药房连锁有限公司郑州第一百一十一分店,地址：河南省郑州市管城区豫丰街9号院47号一楼门面,电话：无,
河南省越人大药房连锁有限公司第九十九分店,地址：河南省郑州市荥阳市乔楼乡三里庄村,电话：无,
河南省越人大药房连锁有限公司郑州第一百一十分店,地址：河南省郑州市金水区工人新村工三街43号院附1号,电话：无,
河南省越人大药房连锁有限公司郑州第一百零九分店,地址：河南省郑州市金水区农业路30号附1号,电话：无,
河南省越人大药房连锁有限公司第一百零一分店,地址：河南省郑州市荥阳市豫龙镇毛寨村五组,电话：无,
河南省越人大药房连锁有限公司郑州商鼎路分店,地址：河南省郑州市郑东新区商鼎路与十里铺街交叉口东南角4号楼东头,电话：无,
河南省越人大药房连锁有限公司郑州石佛村分店,地址：河南省郑州市高新技术开发区石佛办事处石佛村,电话：无,
河南省越人大药房连锁有限公司第九十八分店,地址：河南省郑州市荥阳市汜水镇老君堂村,电话：无,
河南省越人大药房连锁有限公司郑州第九十七分店,地址：河南省郑州市管城回族区紫荆山路135号6号楼1层商铺4号,电话：无,
河南省越人大药房连锁有限公司第九十六分店,地址：河南省郑州市新郑市中华北路东侧少典路北侧,电话：无,
河南省越人大药房连锁有限公司郑州第九十二店,地址：河南省郑州市金水区国基路街道办事处杨君刘村中街,电话：无,
河南省越人大药房连锁有限公司郑州第八十六分店,地址：河南省郑州市金水区庙李镇南一街5号门面房,电话：无,
河南省越人大药房连锁有限公司郑州第八十二分店,地址：河南省郑州市中原区冉屯东路3号,电话：无,
河南省越人大药房连锁有限公司郑州第七十九分店,地址：河南省郑州市中原区岗坡路5号1号楼,电话：无,
河南省越人大药房连锁有限公司郑州第九十五分店,地址：河南省郑州市管城区南学街36号1号楼1层2-3号,电话：无,
河南省越人大药房连锁有限公司郑州第九十一分店,地址：河南省郑州市金水区信基路西史赵小区,电话：无,
河南省越人大药房连锁有限公司郑州第九十分店,地址：河南省郑州市金水区丰庆路街道办事处陈砦村北一街701号,电话：无,
河南省越人大药房连锁有限公司郑州第七十六分店,地址：河南省郑州市中原区石羊寺8号 ,电话：无,
河南省越人大药房连锁有限公司郑州第七十八分店,地址：河南省郑州市中原区汝河小区38号,电话：无,
河南省越人大药房连锁有限公司郑州第九十四分店,地址：河南省郑州市管城回族区烟厂西街2号,电话：无,
河南省越人大药房连锁有限公司郑州第八十九分店,地址：河南省郑州市金水区柳林村北大街,电话：无,
河南省越人大药房连锁有限公司郑州第八十一分店,地址：河南省郑州市中原区西流湖街道西岗村北岗西街18号,电话：无,
河南省越人大药房连锁有限公司郑州第八十八分店,地址：河南省郑州市金水区水科路西0951号,电话：无,
河南省越人大药房连锁有限公司郑州第七十五分店,地址：河南省郑州市中原区须水镇须水村三组,电话：无,
河南省越人大药房连锁有限公司郑州第九十三店,地址：河南省郑州市金水区优胜南路1号,电话：无,
河南省越人大药房连锁有限公司郑州第八十七分店,地址：河南省郑州市金水区国基路街道办事处王马庄村杨君刘中街32号,电话：无,
河南省越人大药房连锁有限公司郑州第八十分店,地址：河南省郑州市中原区冉屯北路化工西路东正商明钻12号楼2单元109、110号,电话：无,
河南省越人大药房连锁有限公司郑州第七十七分店,地址：河南省郑州市中原区棉纺西路76号楼门面8号,电话：无,
河南省越人大药房连锁有限公司郑州第七十二分店,地址：河南省郑州市管城回族区十八里河柴郭村六组,电话：无,
河南省越人大药房连锁有限公司郑州第七十一分店,地址：河南省郑州市惠济区新城街道东赵村562号,电话：无,
河南省越人大药房连锁有限公司郑州第六十七分店,地址：河南省郑州市管城区十八里河镇柴郭村中街475号,电话：无,
河南省越人大药房连锁有限公司郑州第七十分店,地址：河南省郑州市惠济区老鸦陈北三街35号,电话：无,
河南省越人大药房连锁有限公司郑州第五十九分店,地址：河南省郑州市金水区景泰路祁圪挡小区4号,电话：无,
河南省越人大药房连锁有限公司郑州第六十六分店,地址：河南省郑州市管城区云鹤路香域巴黎601,电话：无,
河南省越人大药房连锁有限公司郑州第六十五分店,地址：河南省郑州市管城区南曹乡郎庄村郑尉路与107国道交叉口,电话：无,
河南省越人大药房连锁有限公司郑州第六十二分店,地址：河南省郑州市管城区新郑路218号,电话：无,
河南省越人大药房连锁有限公司郑州第六十三分店,地址：河南省郑州市金水区郑花路59号,电话：无,
河南省越人大药房连锁有限公司郑州第五十八分店,地址：河南省郑州市经开区朝凤路与经北二路交叉口东200米路北远大理想城南门,电话：无,
河南省越人大药房连锁有限公司郑州第六十九分店,地址：河南省郑州市惠济区长兴路39号1号楼1层5,电话：无,
河南省越人大药房连锁有限公司郑州第六十八分店,地址：河南省郑州市管城区十八里河镇东吴河村106号,电话：无,
河南省越人大药房连锁有限公司郑州第六十一分店,地址：河南省郑州市金水区国基路街道办事处柳林村203号,电话：无,
河南省越人大药房连锁有限公司郑州第五十七分店,地址：河南省郑州市经济技术开区九龙办事处东贾村,电话：无,
河南省越人大药房连锁有限公司郑州第五十六分店,地址：河南省郑州经济技术开发区李南岗村33号,电话：无,
河南省越人大药房连锁有限公司郑州第六十分店,地址：河南省郑州市金水区索凌路东同庆路西北环路南博颂路路北豫军长基花园2号楼108商铺,电话：无,
河南省越人大药房连锁有限公司郑州第五十四分店,地址：河南省郑州市经济开区京航办事处大孙庄村300号,电话：无,
河南省越人大药房连锁有限公司郑州第五十三分店,地址：河南省郑州市二七区大学路51号附1号,电话：无,
河南省越人大药房连锁有限公司郑州第五十二分店,地址：河南省郑州市二七区康复前街54号,电话：无,
河南省越人大药房连锁有限公司郑州第五十一分店,地址：河南省郑州市二七区京广路33号9号楼一层附2号,电话：无,
河南省越人大药房连锁有限公司郑州第四十八分店,地址：河南省郑州市二七区曹砦西街1号楼1层,电话：无,
河南省越人大药房连锁有限公司郑州高新区莲花街分店,地址：河南省郑州市高新区西连河村300号（莲花街西路）,电话：无,
河南省越人大药房连锁有限公司郑州第四十六分店,地址：河南省郑州市二七区中原路郑大校内联建一层1号门面房,电话：无,
河南省越人大药房连锁有限公司第四十一分店,地址：河南省郑州市新郑市龙湖镇王许村67号,电话：无,
河南省越人大药房连锁有限公司郑州第四十五分店,地址：河南省郑州市二七区尖岗村,电话：无,
河南省越人大药房连锁有限公司第四十分店,地址：河南省郑州市二七区张魏砦东街1号门面房,电话：无,
河南省越人大药房连锁有限公司郑州第三十九分店,地址：河南省郑州市郑东新区祭城路街道办事处白庄村75号39,电话：无,
河南省越人大药房连锁有限公司郑州西连河村分店,地址：河南省郑州市高新区沟赵办事处西连河村440号（西四环与莲花街交叉口向西）,电话：无,
河南省越人大药房连锁有限公司郑州第四十三分店,地址：河南省郑州市金水区园田路东宏达路南朝阳小区宏达花苑5号楼商业房东7号,电话：无,
河南省越人大药房连锁有限公司郑州第二十九分店,地址：河南省郑州市金水区丰庆路街道办事处庙李村351号,电话：无,
河南省越人大药房连锁有限公司郑州第四十二分店,地址：河南省郑州市新郑市龙湖镇双湖大道21世纪国际城,电话：无,
河南省越人大药房连锁有限公司郑州第二十八分店,地址：河南省郑州市经济技术开发区明湖办事处老南岗社区二组34号,电话：无,
河南省越人大药房连锁有限公司郑州第三十八分店,地址：河南省郑州市二七区马寨镇马寨村一组132号,电话：无,
河南省越人大药房连锁有限公司郑州第二十五分店,地址：河南省郑州市二七区代庄街东、郑航北路北广兴长江花园（经济适用房）底商22号商铺,电话：无,
河南省越人大药房连锁有限公司郑州电厂路分店,地址：河南省郑州市高新技术产业开发区电厂路29号4号楼1层附5号,电话：无,
河南省越人大药房连锁有限公司郑州第二十四分店,地址：河南省郑州市二七区南三环花都港湾(碧云路过南三环向南青秀佳苑）,电话：无,
河南省越人大药房连锁有限公司郑州第二十三分店,地址：河南省郑州市管城回族区南曹乡南曹村集贸市场中街,电话：无,
河南省越人大药房连锁有限公司郑州第三十七分店,地址：河南省郑州市郑东新区祭城路街道办事处八里庙社区宏图街南五号院大门东第7号商铺,电话：无,
河南省越人大药房连锁有限公司郑州第三十五分店,地址：河南省郑州市惠济区英才街黄河美邸11号L2号楼2单元1层3号,电话：无,
河南省越人大药房连锁有限公司郑州第三十二分店,地址：河南省郑州市金水区东三街红专路交叉口西南角,电话：无,
河南省越人大药房连锁有限公司郑州第二十二分店,地址：河南省郑州市新郑市龙湖镇机场路北侧李垌村西侧富田兴龙湾商业2号楼1层101,电话：无,
河南省越人大药房连锁有限公司郑州第二十一分店,地址：河南省郑州市中原区秦岭路与西站路交叉口龙栖尚都1号楼1-2层02商铺,电话：无,
河南省越人大药房连锁有限公司郑州第十三分店,地址：河南省郑州市二七区侯寨乡尖岗村南街8号,电话：无,
河南省越人大药房连锁有限公司郑州第十二分店,地址：河南省郑州市金水区高皇寨村西街15号,电话：无,
河南省越人大药房连锁有限公司郑州第二十分店,地址：河南省郑州市郑东新区圃田乡圃田村120号,电话：无,
河南省越人大药房连锁有限公司郑州第八分店,地址：河南省郑州市郑东新区龙子湖街道办事处姚桥社区中街18号,电话：无,
河南省越人大药房连锁有限公司郑州第十九分店,地址：河南省郑州市二七区铭功路西陈庄前街108号,电话：无,
河南省越人大药房连锁有限公司郑州第七分店,地址：河南省郑州市二七区行云路171-3号,电话：无,
河南省越人大药房连锁有限公司郑州第三分店,地址：河南省郑州市管城区美景鸿城三期1-05号,电话：无,
河南省越人大药房连锁有限公司郑州第十八分店,地址：河南省郑州市高新区梧桐街腊梅路盛世港湾,电话：无,
河南省越人大药房连锁有限公司郑州第六分店,地址：河南省郑州市中原区西流湖街道办事处西岗村北岗,电话：无,
河南省越人大药房连锁有限公司郑州第十七分店,地址：河南省郑州市二七区马寨镇杨寨村同兴街中段路南,电话：无,
河南省越人大药房连锁有限公司郑州第二分店,地址：河南省郑州市中原区西流湖街道办事处铁炉村（化工学校门口向北）,电话：无,
河南省越人大药房连锁有限公司郑州第十一分店,地址：河南省郑州市中原区绿都城小区31B-1东2中原路大门进绿都城小区商业街东31栋,电话：无,
河南省越人大药房连锁有限公司郑州第五分店,地址：河南省郑州市中原区须水街道办事处纺织产业园荣达路（元通纺织城奥法罗服饰对面）,电话：无,
河南省越人大药房连锁有限公司郑州第十分店,地址：河南省郑州市中原区须水街道三十里铺八组中街18号（姚湾村向南500米）,电话：无,
河南省越人大药房连锁有限公司郑州第四分店,地址：河南省郑州市二七区马寨镇杨寨村康佳路北段164号（杨寨建筑学校南门）,电话：无,
河南省越人大药房连锁有限公司郑州第一分店,地址：河南省郑州市中原区须水街道办事处须水村,电话：无,
林州大药房医药连锁有限公司五十四分店,地址：河南省安阳市林州市临淇镇北河村,电话：无,
林州大药房医药连锁有限公司五十三分店,地址：河南省安阳市林州市城关镇李家庄村,电话：无,
林州大药房医药连锁有限公司四十三分店,地址：河南省安阳市林州市城郊乡刘家街村,电话：无,
林州大药房医药连锁有限公司五十二分店,地址：河南省安阳市林州市五龙镇阳和村,电话：无,
林州大药房医药连锁有限公司一二六分店,地址：河南省安阳市林州市姚村镇刘家岗村,电话：无,
林州大药房医药连锁有限公司五十一分店,地址：河南省安阳市林州市临淇镇吕庄村,电话：无,
林州大药房医药连锁有限公司一二四分店,地址：河南省安阳市林州市美景园小区,电话：无,
林州大药房医药连锁有限公司五十分店,地址：河南省安阳市林州市向阳街东段,电话：无,
林州大药房医药连锁有限公司四十二分店,地址：河南省安阳市林州市姚村镇坟头村,电话：无,
林州大药房医药连锁有限公司一一八分店,地址：河南省安阳市林州市姚村镇施家岗村,电话：无,
林州大药房医药连锁有限公司四十九分店,地址：河南省安阳市林州市五龙镇石镇村,电话：无,
林州大药房医药连锁有限公司四十一分店,地址：河南省安阳市林州市原康镇秦家岗村,电话：无,
林州大药房医药连锁有限公司四十八分店,地址：河南省安阳市林州市城关镇闫家台村,电话：无,
林州大药房医药连锁有限公司一一七分店,地址：河南省安阳市林州市东城旺世,电话：无,
林州大药房医药连锁有限公司四十七分店,地址：河南省安阳市林州市姚村镇申家泊村,电话：无,
林州大药房医药连锁有限公司五十五分店,地址：河南省安阳市林州市城关镇北关村,电话：无,
林州大药房医药连锁有限公司四十六分店,地址：河南省安阳市林州市城郊乡郭家庄村,电话：无,
林州大药房医药连锁有限公司四十分店,地址：河南省安阳市林州市城郊乡小菜园村,电话：无,
林州大药房医药连锁有限公司四十五分店,地址：河南省安阳市林州市五龙镇西将村,电话：无,
林州大药房医药连锁有限公司一一五分店,地址：河南省安阳市林州市姚村镇南牛村,电话：无,
林州大药房医药连锁有限公司一一三分店,地址：河南省安阳市林州市姚村镇右转农行旁,电话：无,
林州大药房医药连锁有限公司一零七分店,地址：河南省安阳市林州市任村镇,电话：无,
林州大药房医药连锁有限公司三十九分店,地址：河南省安阳市林州市采桑镇南采桑村,电话：0372-6780963,
林州大药房医药连锁有限公司一零六分店,地址：河南省安阳市林州市龙山小区,电话：无,
林州大药房医药连锁有限公司一一二分店,地址：河南省安阳市林州市合涧镇,电话：无,
林州大药房医药连锁有限公司一零五分店,地址：河南省安阳市林州市东岗镇东岗村,电话：无,
林州大药房医药连锁有限公司七十一分店,地址：河南省安阳市林州市姚村镇三孝村,电话：无,
林州大药房医药连锁有限公司一零三分店,地址：河南省安阳市林州市公务员小区,电话：无,
林州大药房医药连锁有限公司八十六分店,地址：河南省安阳市林州市桂林镇桂林村,电话：无,
林州大药房医药连锁有限公司三十八分店,地址：河南省安阳市林州市临淇镇南庄村,电话：0372-6729909,
林州大药房医药连锁有限公司六十分店,地址：河南省安阳市林州市姚村镇粮贸街东段路南,电话：无,
林州大药房医药连锁有限公司八十五分店,地址：河南省安阳市林州市合涧镇北小庄村,电话：无,
林州大药房医药连锁有限公司七十分店,地址：河南省安阳市林州市桂林镇南山村,电话：无,
林州大药房医药连锁有限公司一一一分店,地址：河南省安阳市林州市临淇镇,电话：无,
林州大药房医药连锁有限公司六十九分店,地址：河南省安阳市林州市东岗镇教场村,电话：无,
林州大药房医药连锁有限公司八十四分店,地址：河南省安阳市林州市横水镇晋家坡村,电话：无,
林州大药房医药连锁有限公司一零二分店,地址：河南省安阳市林州市龙山区麒麟台艾家庄路口路南,电话：无,
林州大药房医药连锁有限公司五十九分店,地址：河南省安阳市林州市横水镇将里村,电话：无,
林州大药房医药连锁有限公司三十七分店,地址：河南省安阳市林州市桂林镇南马巷村,电话：0372-6772599,
林州大药房医药连锁有限公司一零一分店,地址：河南省安阳市林州市五龙镇景岗山,电话：无,
林州大药房医药连锁有限公司八十三分店,地址：河南省安阳市林州市城郊乡宋家庄村,电话：无,
林州大药房医药连锁有限公司六十七分店,地址：河南省安阳市林州市五龙镇合脉掌村,电话：无,
林州大药房医药连锁有限公司一一零分店,地址：河南省安阳市林州市姚村镇西丰村,电话：无,
林州大药房医药连锁有限公司八十二分店,地址：河南省安阳市林州市临淇镇秦家岗村,电话：无,
林州大药房医药连锁有限公司三十二分店,地址：河南省安阳市林州市合涧镇大南山村,电话：无,
林州大药房医药连锁有限公司九十四分店,地址：河南省安阳市林州市横水镇乔家屯村,电话：无,
林州大药房医药连锁有限公司八十一分店,地址：河南省安阳市林州市任村镇任村村,电话：无,
林州大药房医药连锁有限公司六十六分店,地址：河南省安阳市林州市原康镇原康村,电话：无,
林州大药房医药连锁有限公司一零九分店,地址：河南省安阳市林州市长安南路水木清华小区,电话：无,
林州大药房医药连锁有限公司二十九分店,地址：河南省安阳市林州市姚村镇井湾村,电话：无,
林州大药房医药连锁有限公司三十四分店,地址：河南省安阳市林州市临淇镇前寨村,电话：0372-6735596,
林州大药房医药连锁有限公司八十分店,地址：河南省安阳市林州市城郊乡郝家庄,电话：0372-6877308,
林州大药房医药连锁有限公司六十五分店,地址：河南省安阳市林州市任村镇任村,电话：无,
林州大药房医药连锁有限公司九十三分店,地址：河南省安阳市林州市瓦窑街,电话：无,
林州大药房医药连锁有限公司二十八分店,地址：河南省安阳市林州市中房印象,电话：无,
林州大药房医药连锁有限公司一零八分店,地址：河南省安阳市林州市向阳街中段,电话：无,
林州大药房医药连锁有限公司八十九分店,地址：河南省安阳市林州市横水镇留马村,电话：无,
林州大药房医药连锁有限公司六十四分店,地址：河南省安阳市林州市临淇镇胡山坡村,电话：无,
林州大药房医药连锁有限公司七十九分店,地址：河南省安阳市林州市采桑镇北采桑村,电话：无,
林州大药房医药连锁有限公司五十八分店,地址：河南省安阳市林州市河顺镇城北村,电话：无,
林州大药房医药连锁有限公司三十三分店,地址：河南省安阳市林州市临淇镇付村,电话：无,
林州大药房医药连锁有限公司八十七分店,地址：河南省安阳市林州市横水镇翟曲村,电话：无,
林州大药房医药连锁有限公司七十四分店,地址：河南省安阳市林州市西环路北段,电话：无,
林州大药房医药连锁有限公司六十三分店,地址：河南省安阳市林州市天平大道东段,电话：无,
林州大药房医药连锁有限公司二十五分店,地址：河南省安阳市林州市陵阳镇南陵阳村,电话：无,
林州大药房医药连锁有限公司七十三分店,地址：河南省安阳市林州市姚村东张村,电话：无,
林州大药房医药连锁有限公司六十二分店,地址：河南省安阳市林州市原康镇大安村,电话：0372-6911852,
林州大药房医药连锁有限公司二十二分店,地址：河南省安阳市林州市茶店乡后子岗村,电话：0372-6742884,
林州大药房医药连锁有限公司六十一分店,地址：河南省安阳市林州市临淇镇南河村,电话：0372-6718151,
林州大药房医药连锁有限公司二十一分店,地址：河南省安阳市林州市五龙镇陈家岗村,电话：0372-6980835,
林州大药房医药连锁有限公司二十分店,地址：河南省安阳市林州市横水镇铁炉村,电话：0372-6525188 0372,
林州大药房医药连锁有限公司十九分店,地址：河南省安阳市林州市姚村镇西牛良村,电话：0372-6525188,
林州大药房医药连锁有限公司六分店,地址：河南省安阳市林州市河顺镇,电话：0372-6020234,
林州大药房医药连锁有限公司十七分店,地址：河南省安阳市林州市东姚镇洪河村,电话：0372-6961306,
林州大药房医药连锁有限公司十六分店,地址：河南省安阳市林州市城郊乡付水洼村,电话：0372-6891837,
林州大药房医药连锁有限公司四分店,地址：河南省安阳市林州市采桑镇秦家坡村,电话：0372-6789199,
林州大药房医药连锁有限公司十五分店,地址：河南省安阳市林州市姚村镇西张村,电话：无,
林州大药房医药连锁有限公司三分店,地址：河南省安阳市林州市桂林镇康街村,电话：0372-6761122,
林州大药房医药连锁有限公司五十七分店,地址：河南省安阳市林州市任村镇清沙村,电话：无,
林州大药房医药连锁有限公司二分店,地址：河南省安阳市林州市临淇镇南园村,电话：0372-6732166,
林州大药房医药连锁有限公司一分店,地址：河南省安阳市林州市临淇镇李家寨村,电话：0372-6738111,
林州大药房医药连锁有限公司五十六分店,地址：河南省安阳市林州市河顺镇魏家庄村,电话：无,
林州大药房医药连锁有限公司开元药店,地址：河南省安阳市林州市太行路与向阳街交叉口,电话：0372-6907599,
林州大药房医药连锁有限公司十二分店,地址：河南省安阳市林州市东岗镇西芦寨村,电话：0372-6064065,
林州大药房医药连锁有限公司万德隆药店,地址：河南省安阳市林州市太行路中段,电话：0372-6812555,
林州大药房医药连锁有限公司十分店,地址：河南省安阳市林州市姚村镇寨底村,电话：0372-6536120,
林州大药房医药连锁有限公司八分店,地址：河南省安阳市林州市姚村镇,电话：0372-6500599,
林州大药房医药连锁有限公司仁和堂药店,地址：河南省安阳市林州市红旗路,电话：0372-6116365,
林州大药房医药连锁有限公司七分店,地址：河南省安阳市林州市任村镇盘阳村,电话：0372-6040528,
林州大药房医药连锁有限公司总店,地址：河南省安阳市林州市南环路东段,电话：0372-6804789,
林州大药房医药连锁有限公司总部,地址：河南省安阳市林州市东环路南段,电话：0372-6823333,
蓝十字大药房利民店,地址：河南省焦作市工业路196号,电话：0391-3127606,
蓝十字大药房风神店,地址：河南省焦作市焦东南路轮胎家属院1号商住楼-3号,电话：0391-3997226,
蓝十字大药房道清店,地址：河南省焦作市烈士西街,电话：0391-2971901,
蓝十字大药房自力店,地址：河南省焦作市陶瓷南路东侧中段路东18号,电话：0391-2908601,
蓝十字大药房和平四号院店,地址：河南省焦作市和平东街4号院2号楼由东向西第1、2间营业房,电话：0391-8793993 ,
蓝十字大药房友谊店,地址：河南省焦作市友谊路万联商业街40号,电话：0391-2952236,
蓝十字大药房和谐店,地址：河南省焦作市马村区和谐小区58号楼1单元西户23号,电话：0391-3514187,
蓝十字大药房好百姓店,地址：河南省焦作市解放区和平街与民主路交叉口东100米路北,电话：0391-3986636,
蓝十字大药房新新家园店,地址：河南省焦作市山阳区塔南路258号新新家园2号楼西单元12号门面房,电话：0391-8791658,
蓝十字大药房西城美苑店,地址：河南省焦作市解放中路西城美苑第1号商住楼1-2层141号房,电话：0391-2940890,
蓝十字大药房自由门店,地址：河南省焦作市沁阳市自由路商业步行街P栋12号,电话：0391-5600169,
蓝十字大药房孟州河阳店,地址：河南省焦作市孟州市河阳大街与汇丰路菜市场对面,电话：0391-8108101,
蓝十字大药房南苑店,地址：河南省焦作市山阳区解放中路236号远大.南北苑（南苑）6号楼1层4号,电话：0391-2971080,
蓝十字大药房电建店,地址：河南省焦作市建设西路39号友谊财富广场一层6103号门面房,电话：0391-2687368 ,
蓝十字大药房沁阳玫瑰城店,地址：河南省焦作市沁阳市怀府中路玫瑰城A-1033号,电话：0391-5907686,
蓝十字大药房马村五店,地址：河南省焦作市马村区文昌路中段,电话：0391-3128061,
蓝十字大药房银都店,地址：河南省焦作市银都花园焦东南路大门南第一户房,电话：0391-3966226,
蓝十字大药房工业路店,地址：河南省焦作市山阳区工业路焦作大学（北校区）门面房西段9号,电话：0391-3288986,
蓝十字大药房农信店,地址：河南省焦作市解放区民主南路889号农信小区4号商住楼1层811号商铺,电话：0391-8765853,
蓝十字大药房民主店,地址：河南省焦作市民主中路51号,电话：0391-2937871,
蓝十字大药房华景店,地址：河南省焦作市解放中路华景国际3号、4号门面房,电话：0391-8791739,
蓝十字大药房中站三店,地址：河南省焦作市中站区百利佳苑小区SP4---002号商铺,电话：0391-3991805,
蓝十字大药房华苑店,地址：河南省焦作市解放区新华南街面粉厂3号家属楼1层2、3号,电话：0391-2686051,
蓝十字大药房太极店,地址：河南省焦作市塔南路399号太极景润花园景润苑16号,电话：0391-3598208,
蓝十字大药房四季店,地址：河南省焦作市政二街东侧四季花城第9幢自北向南第七、八号,电话：0391-8768386,
蓝十字大药房阳光店,地址：河南省焦作市解放区太行西路45号鑫诚西院11号楼门面房1号,电话：0391-2972085,
蓝十字大药房铜马店,地址：河南省焦作市建设路与民主路交叉口旅游汽车中心站售票厅南侧,电话：0391-2677018,
蓝十字大药房果园店,地址：河南省焦作市解放区果园路南段三维月季公寓三号楼5号、6号门面房,电话：0391-8762308,
蓝十字大药房七百间店,地址：河南省焦作市太行西路原轻工耐火材料厂14号楼3号,电话：0391-8762285,
蓝十字大药房造店店,地址：河南省焦作市中站区造店村桥头路西,电话：0391-3111518,
蓝十字大药房王褚店,地址：河南省焦作市王褚村,电话：0391-3588192,
蓝十字大药房中站跃进店,地址：河南省焦作市中站区跃进路统建楼楼下,电话：0391-2950108,
蓝十字大药房建设东路店,地址：河南省焦作市山阳区建设东路3号楼5号房,电话：0391-3909358,
蓝十字大药房矿山店,地址：河南省焦作市山阳区焦东中路矿山集资门面房-8号,电话：0391-3930598,
蓝十字大药房马作店,地址：河南省焦作市建设东路38号楼西侧门面房三间,电话：0391-2285128,
蓝十字大药房南口店,地址：河南省焦作市民主路42-1号,电话：0391-2621518,
蓝十字大药房待王店,地址：河南省焦作市待王镇待王农贸市场东,电话：0391-3261608,
蓝十字大药房新东店,地址：河南省焦作市山阳区太行中路25号楼6号房,电话：0391-3938086,
蓝十字大药房孟州二分店,地址：河南省焦作市孟州市韩愈大街西段,电话：0391-8292100,
蓝十字大药房马村三店,地址：河南省焦作市马村区中兴路5区1#楼8号房,电话：0391-8760208,
蓝十字大药房马村二分店,地址：河南省焦作市马村区源丰路北侧,电话：0391-3951118,
蓝十字大药房加禾屯店,地址：河南省焦作市建设西路电厂家属院二号院对面三间门面房,电话：0391-2628168,
蓝十字大药房孟州店,地址：河南省焦作市孟州市会昌路中段,电话：0391-8108100,
蓝十字大药房站前店,地址：河南省焦作市站前路87号公交旅游商住楼,电话：0391-8762808,
蓝十字大药房中州店,地址：河南省焦作市中州北路,电话：0391-2613918,
蓝十字大药房方庄店,地址：河南省焦作市修武县方庄转盘兴和置业楼下A2-008号,电话：0391-7822391,
蓝十字大药房卫校西街店,地址：河南省焦作市解放区卫校西街金山卫西1号商住楼49-1号,电话：0391-2600618,
蓝十字大药房南北苑店,地址：河南省焦作远大南北苑北苑9号楼1535号、1537号,电话：0391-2931881,
蓝十字大药房三维店,地址：河南省焦作市三维商业广场南门入口内西侧,电话：0391-3272096,
蓝十字大药房亚星店,地址：河南省焦作市沁阳市沁园南路创基综合服务楼5号,电话：0391-5605001,
蓝十字大药房马村店,地址：河南省焦作市马村区文昌路北段马村集贸市场对面,电话：0391-3950303,
蓝十字大药房焦南店,地址：河南省焦作市民主南路86号,电话：0391-2639558,
蓝十字大药房新华店,地址：河南省焦作市解放区新华中街新华组团1号楼(东楼)1-5、1-6、1-7号,电话：0391-2620566,
蓝十字大药房山阳店,地址：河南省焦作市解放中路五号院9号楼,电话：0391-3990800,
蓝十字大药房艺新店,地址：河南省焦作市解放东路艺新农贸市场,电话：0391-3992332,
蓝十字大药房月季店,地址：河南省焦作市卫校西街中段232号,电话：0391-2608882,
蓝十字大药房美健店,地址：河南省焦作市山阳路百货大楼焦东超市内,电话：0391-3906901,
蓝十字大药房人民店,地址：河南省焦作市解放中路华商大厦一楼,电话：0391-3908095,
蓝十字大药房豫轮店,地址：河南省焦作市山阳区工业路341号,电话：0391-3996860,
蓝十字大药房太行店,地址：河南省焦作市太行路焦煤集团华园小区4号楼,电话：0391-2908602,
蓝十字大药房新华北店,地址：河南省焦作市新华中街283号百货大楼新华超市内,电话：0391-3550661,
蓝十字大药房太行新城店,地址：河南省焦作市沁阳市太行新城2号临街楼4号门面房,电话：0391-5629123,
蓝十字大药房中站店,地址：河南省焦作市中站区跃进路财委集资楼一楼1-2号,电话：0391-2952229,
蓝十字大药房中心店,地址：河南省焦作市解放中路78号,电话：0391-2319696,
蓝十字大药房和平店,地址：河南省焦作市和平东街4号,电话：0391-3996855,
太康县豫康医药连锁责任公司豫康5店,地址：河南省周口市太康县人民广场东南角30米,电话：0394-6799995,
太康县豫康医药连锁责任公司豫康11店,地址：河南省周口市太康县健康路西段与太逊路交叉口,电话：0394-6828011,
太康县豫康医药连锁责任公司豫康4店,地址：河南省周口市太康县支农路与交通路交叉口西南角,电话：0394-6799994,
太康县豫康医药连锁责任公司豫康3店,地址：河南省周口市太康县谢安路中段白庄路口南50米,电话：0394-6799993,
太康县豫康医药连锁责任公司豫康10店,地址：河南省周口市太康县支农路与银城路交叉口东北角,电话：0394-6828010,
太康县豫康医药连锁责任公司豫康2店,地址：河南省周口市太康县交通路农贸市场西200米路南,电话：0394-6799992,
太康县豫康医药连锁责任公司豫康1店,地址：河南省周口市太康县建设路与支农路交叉口东北角,电话：0394-6799991,
太康县豫康医药连锁责任公司豫康9店,地址：河南省周口市太康县前街中心医院东50米路南,电话：0394-6820009,
太康县豫康医药连锁责任公司豫康8店,地址：河南省周口市太康县西大街与团结路向西300米路北,电话：0394-6799998,
太康县豫康医药连锁责任公司豫康7店,地址：河南省周口市太康县支农路西段文秀百货对面,电话：0394-6799997,
太康县豫康医药连锁责任公司豫康6店,地址：河南省周口市太康县建设路南段灯塔广场西侧,电话：0394-6799996,
河南百家好一生医药连锁有限公司诸葛店,地址：河南省洛阳市伊滨区诸葛镇刘井社区东临街3、4号,电话：0379-69850509,
河南百家好一生医药连锁有限公司北京同仁堂洛阳药店,地址：河南省洛阳市西工区中州中路王府井百货负一楼超市,电话：0379-63121333,
河南百家好一生医药连锁有限公司谷水店,地址：河南省洛阳市涧西区建设路西段惠丰广场西端第一层,电话：0379-69986913,
河南百家好一生医药连锁有限公司黄河路店,地址：河南省洛阳市涧西区黄河路综合楼营业房,电话：0379-64850956,
河南百家好一生医药连锁有限公司中电阳光店,地址：河南省洛阳市老城区道北五路中电阳光碧水湾20-11门面,电话：无,
河南百家好一生医药连锁有限公司创业路店,地址：河南省洛阳市洛龙区创业路西宏矗时代行宫写字楼101号,电话：无,
河南百家好一生医药连锁有限公司首阳山店,地址：河南省洛阳市偃师市首阳山镇310国道北侧,电话：0379-69669331,
河南百家好一生医药连锁有限公司启明东路店,地址：河南省洛阳市瀍河区启明东路217号,电话：0379-63550331,
河南百家好一生医药连锁有限公司凯旋路店,地址：河南省洛阳市西工区凯旋西路583号,电话：0379-63343797,
河南百家好一生医药连锁有限公司汝阳店,地址：河南省洛阳市汝阳县文化路工会楼下,电话：0379-68295616,
河南百家好一生医药连锁有限公司麻屯店,地址：河南省洛阳市孟津县麻屯镇路通大道路北镇政府东侧第（3）（4）幢,电话：0379-67898929,
河南百家好一生医药连锁有限公司丹尼斯店,地址：河南省洛阳市涧西区南昌路130号2幢丹尼斯量贩内,电话：0379-64605008,
河南百家好一生医药连锁有限公司聚客隆店,地址：河南省洛阳市老城区春都路82号新聚客隆万隆星城一层东,电话：0379-69920453,
河南百家好一生医药连锁有限公司学子街店,地址：河南省洛阳市洛龙区滨河南路61号6幢121,电话：0379-65507296,
河南百家好一生医药连锁有限公司夹马营店,地址：河南省洛阳市瀍河区夹马营路22号院北3幢1-101,电话：0379-63754861,
河南百家好一生医药连锁有限公司府店店,地址：河南省洛阳市偃师市府店镇政府对面,电话：0379-69688928,
河南百家好一生医药连锁有限公司建设路店,地址：河南省洛阳市涧西区建设路东控东楼1,电话：0379-69862382,
河南百家好一生医药连锁有限公司涧东路店,地址：河南省洛阳市西工区涧东路众志超市门面房,电话：0379-63625067,
河南百家好一生医药连锁有限公司老城中心店,地址：河南省洛阳市老城区中州东路450号,电话：0379-63616800,
河南百家好一生医药连锁有限公司定鼎广场店,地址：河南省洛阳市老城区香榭里定鼎广场6号楼一楼,电话：无,
河南百家好一生医药连锁有限公司七一路店,地址：河南省洛阳市西工区七一路中段路西,电话：无,
河南百家好一生医药连锁有限公司政和路店,地址：河南省洛阳市洛龙区郑和路19号加大摩尔一层,电话：0379-65553855,
河南百家好一生医药连锁有限公司栾川店,地址：河南省洛阳市栾川县八一路时代广场一楼东厅,电话：0379-66833288,
河南百家好一生医药连锁有限公司丰李店,地址：河南省洛阳市洛龙区丰李镇丰李街金丰园超市,电话：0379-68768913,
河南百家好一生医药连锁有限公司凯旋广场店,地址：河南省洛阳市西工区中州路245号建业凯旋广场负一楼B16铺位,电话：0379-69863980,
河南百家好一生医药连锁有限公司泉舜店,地址：河南省洛阳市洛龙区洛阳市市政府正南面泉舜购物中心负一层,电话：无,
河南百家好一生医药连锁有限公司春都路店,地址：河南省洛阳市西工区春都路158号底层东临街第一间,电话：0379-62305312,
河南百家好一生医药连锁有限公司偃师店,地址：河南省洛阳市偃师市城关镇槐新路众志超市一楼,电话：0379-67776758,
河南百家好一生医药连锁有限公司唐宫东路店,地址：河南省洛阳市老城区唐宫东路4号院三达新村2-101第一层,电话：0379-63690022,
河南百家好一生医药连锁有限公司新安店,地址：河南省洛阳市新安县新城人民医院正对面,电话：0379-67171928,
河南百家好一生医药连锁有限公司美健药房,地址：河南省洛阳市西工区纱厂南路1号家世界购物广场一楼西门,电话：0379-63316111,
河南百家好一生医药连锁有限公司唐宫路店,地址：河南省洛阳市西工区唐宫中路60号院中侨铭秀2幢104房第一层,电话：0379-69975796,
河南百家好一生医药连锁有限公司伊川店,地址：河南省洛阳市伊川县人民西路与杜康路交叉口盛德美一楼,电话：0379-69390277,
河南百家好一生医药连锁有限公司瀍河路店,地址：河南省洛阳市瀍河区中州东路10号（瀍河桥东侧）,电话：0379-63501120,
河南百家好一生医药连锁有限公司黎明店,地址：河南省洛阳市老城区王城大道162号鑫豪天宝华庭109商铺,电话：0379-69956548,
河南百家好一生医药连锁有限公司嵩山路店,地址：河南省洛阳市涧西区嵩山路15号院嵩山花园1号楼1-3-102,电话：0379-69955873,
河南百家好一生医药连锁有限公司郑州路店,地址：河南省洛阳市涧西区中州西路与郑州路交叉口东南角4号街坊4-101商铺,电话：0379-64976578,
河南百家好一生医药连锁有限公司武汉路店,地址：河南省洛阳市涧西区景华路18号街坊2号楼10号商铺,电话：0379-69979430,
河南百家好一生医药连锁有限公司天津南路店,地址：河南省洛阳市涧西区天津路70号,电话：0379-64519045,
河南百家好一生医药连锁有限公司上海市场店,地址：河南省洛阳市涧西区景华路东方广场1层,电话：0379-64278777,
河南百家好一生医药连锁有限公司百家大药房,地址：河南省洛阳市涧西区景华路河南科技大学第一附属医院对面,电话：0379-64927750,
河南百家好一生医药连锁有限公司医药健康城,地址：河南省洛阳市涧西区景华路35号,电话：0379-64820277,
民生药业集团河南民生大药房有限公司栾川县赤土店药店,地址：河南省洛阳市栾川县赤土店,电话：无,
民生药业集团河南民生大药房有限公司嵩县平民大药房,地址：河南省洛阳市嵩县大张乡大章村,电话：无,
民生药业集团河南民生大药房有限公司偃师市李村镇清高药店,地址：河南省洛阳市偃师市李村镇李东村,电话：无,
民生药业集团河南民生大药房有限公司栾川叫河药店,地址：河南省洛阳市栾川县叫河乡犁水东路48号,电话：无,
民生药业集团河南民生大药有限公司宜阳县鑫鑫药房,地址：河南省洛阳市宜阳县解放中路,电话：无,
民生药业集团河南民生大药房有限公司偃师东蔡庄民康大药房,地址：河南省洛阳市偃师市邙岭乡东蔡庄,电话：无,
民生药业集团河南民生大药房有限公司嵩县便民药店,地址：河南省洛阳市嵩县大章乡大章村,电话：无,
民生药业集团河南民生大药房有限公司狮子庙店,地址：河南省洛阳市栾川县狮子庙街,电话：无,
民生药业集团河南民生大药房有限公司嵩县康健大药房,地址：河南省洛阳市嵩县车村,电话：无,
民生药业集团河南民生大药房有限公司偃师李村晓飞药店,地址：河南省洛阳市偃师市李村镇,电话：无,
民生药业集团河南民生大药有限公司洛宁县中心店,地址：河南省洛阳市洛宁县城郊乡崛山街,电话：0379-60185330,
民生药业集团河南民生大药房有限公司嵩县龙康药房,地址：河南省洛阳市嵩县车村镇下庙村,电话：无,
民生药业集团河南民生大药房有限公司白土店,地址：河南省洛阳市栾川县白土乡新街,电话：无,
民生药业集团河南民生大药房有限公司嵩县车村济仁药堂,地址：河南省洛阳市嵩县车村镇车村街农业大楼对面,电话：无,
民生药业集团河南民生大药房有限公司三川便民药店,地址：河南省洛阳市栾川县三川镇三川街,电话：无,
民生药业集团河南民生大药房有限公司偃师市首阳山镇香玉仁济药房,地址：河南省洛阳市偃师市首阳山镇香玉村,电话：无,
民生药业集团河南民生大药房有限公司栾川县潭头镇草本堂药店,地址：河南省洛阳市潭头镇文峰路中段,电话：无,
民生药业集团河南民生大药房有限公司嵩县恒康药房,地址：河南省洛阳市嵩县木植街乡木植街村中心小学对面,电话：无,
民生药业集团河南民生大药房有限公司偃师首阳山利君药店,地址：河南省洛阳市偃师首阳山寺里北村,电话：无,
民生药业集团河南民生大药房有限公司宜阳县高村乡鹤寿堂大药房,地址：河南省洛阳市宜阳县高村乡高村村,电话：0379-68909228,
民生药业集团河南民生大药房有限公司伊川县民生药店,地址：河南省洛阳市伊川县城关镇北街村,电话：无,
民生药业集团河南民生大药房有限公司伊川县常川乡平民大药店,地址：河南省洛阳市伊川县常川乡亓岭村,电话：无,
民生药业集团河南民生大药房有限公司伊川县文翔药店,地址：河南省洛阳市伊川县人民西路民政局楼下,电话：无,
民生药业集团河南民生大药有限公司宜阳县赵堡乡西赵村康宁大药房,地址：河南省洛阳市宜阳县赵堡乡西赵村,电话：无,
民生药业集团河南民生大药房有限公司伊川县杏辉大药店,地址：河南省洛阳市伊川县城关镇瑶湾村娇颜女子美容养生中心隔壁,电话：无,
民生药业集团河南民生大药房有限公司伊川县同生堂大药房,地址：河南省洛阳市伊川县水寨镇水寨村,电话：无,
民生药业集团河南民生大药房有限公司伊川县鸦岭鑫怡大药房,地址：河南省洛阳市伊川县鸦岭乡鸦岭村,电话：无,
民生药业集团河南民生大药房有限公司宜阳博爱大药房,地址：河南省洛阳市宜阳县解放路中段,电话：无,
民生药业集团河南民生大药房有限公司伊川县伊国大药店,地址：河南省洛阳市伊川县水寨镇水寨村,电话：无,
民生药业集团河南民生大药房有限公司伊川县吕店万安药店,地址：河南省洛阳市伊川县吕店乡吕店村,电话：无,
民生药业集团河南民生大药房有限公司宜阳县三乡便民大药店,地址：河南省洛阳市宜阳县三乡镇水沟庙街,电话：无,
民生药业集团河南民生大药房有限公司汝阳县内埠卫康药店,地址：河南省洛阳市汝阳县内埠镇内埠村,电话：无,
民生药业集团河南民生大药房有限公司伊川县庄稼人药店,地址：河南省洛阳市伊川县白沙乡白沙村,电话：无,
民生药业集团河南民生大药房有限公司伊川县灵康大药房,地址：河南省洛阳市伊川县城民主南街新世纪广场,电话：无,
民生药业集团河南民生大药房有限公司汝阳内埠文召药房,地址：河南省洛阳市汝阳县内埠乡南坡村,电话：无,
民生药业集团河南民生大药房有限公司宜阳县锦屏镇百草大药房,地址：河南省洛阳市宜阳县锦屏镇,电话：无,
民生药业集团河南民生大药房有限公司伊川县鹤鸣大药房,地址：河南省洛阳市伊川县鸣皋镇鸣皋村,电话：无,
民生药业集团河南民生大药房有限公司汝阳县温馨药房,地址：河南省洛阳市汝阳县三屯乡南街中段219号,电话：无,
民生药业集团河南民生大药房有限公司伊川县益康大药店,地址：河南省洛阳市伊川县平等乡平等村,电话：无,
民生药业集团河南民生大药房有限公司汝阳县寿春堂大药房,地址：河南省洛阳市汝阳县凤凰小区山南路与杜鹃大道交叉口东20米,电话：无,
民生药业集团河南民生大药房有限公司伊川县新辉大药店,地址：河南省洛阳市伊川县平等相平等村,电话：无,
民生药业集团河南民生大药房有限公司汝阳县上店镇万安药房,地址：河南省洛阳市汝阳县上店镇西街村新大街西段,电话：无,
民生药业集团河南民生大药房有限公司伊川县酒后乡善禾春大药房,地址：河南省洛阳市伊川县酒后乡酒后村,电话：无,
民生药业集团河南民生大药房有限公司汝阳县上店镇泰和药店,地址：河南省洛阳市汝阳县上店镇西街村新大街西段,电话：无,
民生药业集团河南民生大药房有限公司汝阳县上店镇康宁药房,地址：河南省洛阳市汝阳县上店镇南大路西,电话：无,
民生药业集团河南民生大药房限公司汝阳县三屯乡占营药店,地址：河南省洛阳市汝阳县三屯乡郭庄村,电话：无,
民生药业集团河南民生大药房有限公司汝阳县付店镇河庄药店,地址：河南省洛阳市汝阳付店镇马庙村,电话：无,
民生药业集团河南民生大药房有限公司汝阳县内埠乡内埠村瑞康药房,地址：河南省洛阳市汝阳县内埠乡内埠村,电话：无,
民生药业集团河南民生大药房有限公司汝阳县城关爱心大药房,地址：河南省洛阳市汝阳县城关镇古严村人民路中段,电话：无,
民生药业集团河南民生大药房有限公司汝阳县陶营保康药房,地址：河南省洛阳市汝阳县陶营乡铁炉营村,电话：无,
民生药业集团河南民生大药房有限公司汝阳县三屯乡新建药房,地址：河南省洛阳市汝阳县三屯乡三屯街,电话：无,
民生药业集团河南民生大药房有限公司汝阳县便民药房,地址：河南省洛阳市汝阳县城关镇古严村花坛,电话：无,
民生药业集团河南民生大药房有限公司孟津县麻屯经营部,地址：河南省洛阳市孟津县麻屯镇北街,电话：无,
民生药业集团河南民生大药房有限公司汝阳县三屯新芳药店,地址：河南省洛阳市汝阳县三屯乡东局村,电话：无,
民生药业集团河南民生大药房有限公司汝阳县百家药房,地址：河南省洛阳市汝阳县工业园区大安村,电话：无,
民生药业集团河南民生大药房有限公司孟津县新康药店,地址：河南省洛阳市孟津县白合镇白合村神华国华电厂对面（和百合药店相隔100米),电话：无,
民生药业集团河南民生大药房有限公司汝阳县陶营铁炉营惠济药房,地址：河南省洛阳市汝阳县陶营乡陶营村,电话：无,
民生药业集团河南民生大药房有限公司汝阳县内埠镇大安村众健药房,地址：河南省洛阳市汝阳县工业区大安村邮政所北20米,电话：无,
民生药业集团河南民生大药房有限公司孟津县尚建奎大药房,地址：河南省洛阳市孟津县平乐镇妯娌新村,电话：无,
民生药业集团河南民生大药房有限公司汝阳县城关镇康寿药房,地址：河南省洛阳市汝阳县城关镇城东村,电话：无,
民生药业集团河南民生大药房有限公司孟津县麻屯中心店,地址：河南省洛阳市孟津县麻屯镇,电话：无,
民生药业集团河南民生大药房有限公司汝阳县小店镇康健药房,地址：河南省洛阳市汝阳县小店镇,电话：无,
民生药业集团河南民生大药房有限公司孟津县白合药店,地址：河南省洛阳市孟津县白合镇白合村神华国华电厂对面,电话：无,
民生药业集团河南民生大药房有限公司汝阳县付店镇薛利药品零售部,地址：河南省洛阳市汝阳县付店镇东沟村,电话：无,
民生药业集团河南民生大药房有限公司汝阳县新新药店,地址：河南省洛阳市汝阳县刘店乡竹园村,电话：无,
民生药业集团河南民生大药房有限公司孟津县平西药店,地址：河南省洛阳市孟津县平乐西街,电话：无,
民生药业集团河南民生大药房有限公司汝阳县蔡店春草堂药房,地址：河南省洛阳市汝阳县蔡店乡常渠村十字路口东,电话：无,
民生药业集团河南民生大药房有限公司汝阳县小店镇小店村康意大药,地址：河南省洛阳市汝阳县小店镇小店村好又多超市对面,电话：无,
民生药业集团河南民生大药房有限公司孟津县金村药店,地址：河南省洛阳市孟津县平乐镇金村,电话：无,
民生药业集团河南民生大药房有限公司孟津县东良药店,地址：河南省洛阳市孟津县会盟镇东良村,电话：无,
民生药业集团河南民生大药房有限公司汝阳县蔡店万和堂药店,地址：河南省洛阳市汝阳县蔡店乡蔡店村,电话：无,
民生药业集团河南民生大药房有限公司汝阳县小店镇普康医药零售部,地址：河南省洛阳市汝阳县小店镇小店村宏伟超市对面,电话：无,
民生药业集团河南民生大药房有限公司孟津县翟泉康福大药房,地址：河南省洛阳市孟津县翟泉村,电话：无,
民生药业集团河南民生大药房有限公司孟津县马庄药店,地址：河南省洛阳市孟津县会盟镇马庄村,电话：无,
民生药业集团河南民生大药房有限公司汝阳县陶营华桥药店,地址：河南省洛阳市汝阳县陶营乡柿园村,电话：无,
民生药业集团河南民生大药房有限公司孟津县平乐大药房,地址：河南省洛阳市孟津县平乐镇东街,电话：无,
民生药业集团河南民生大药房有限公司孟津县雷河药店,地址：河南省洛阳市孟津县会盟镇雷河村,电话：无,
民生药业集团河南民生大药房有限公司孟津县王良药店,地址：河南省洛阳市孟津县王良乡王良街,电话：无,
民生药业集团河南民生大药房有限公司孟津县会盟瑞康药店,地址：河南省洛阳市孟津县会盟镇,电话：无,
民生药业集团河南民生大药房有限公司孟津县会盟中西大药房,地址：河南省洛阳市孟津县会盟镇陆村,电话：无,
民生药业集团河南民生大药房有限公司孟津县霞院药店,地址：河南省洛阳市孟津县白合镇霞院村,电话：无,
民生药业集团河南民生大药房有限公司孟津县健民药店,地址：河南省洛阳市孟津县桂花中路,电话：无,
民生药业集团河南民生大药房有限公司孟津县市场大药房,地址：河南省洛阳市孟津县城关镇孟庄集贸市场,电话：无,
民生药业集团河南民生大药房有限公司新特药药店,地址：河南省洛阳市孟津县县城建设北路,电话：无,
民生药业集团河南民生大药房有限公司惠民大药房,地址：河南省洛阳市高新区辛店镇步行街54路终点站向北150米,电话：无,
民生药业集团河南民生大药房有限公司孟津县第三药店,地址：河南省洛阳市孟津县县城商业大厦,电话：无,
民生药业集团河南民生大药房有限公司常博大药房,地址：河南省洛阳市老城区邙山镇望朝岭村,电话：无,
民生药业集团河南民生大药房有限公司康苑大药房,地址：河南省洛阳市西工区东下池天成西街30号,电话：无,
民生药业集团河南民生大药房有限公司孟津县第一药店,地址：河南省洛阳市孟津县桂花西路,电话：无,
民生药业集团河南民生大药房有限公司辛店利康药房,地址：河南省洛阳市高新区辛店镇步行街,电话：无,
民生药业集团河南民生大药房有限公司康安药店,地址：河南省洛阳市老城区邙山岭路,电话：无,
民生药业集团河南民生大药房有限公司丰李诚信大药房,地址：河南省洛阳市洛龙区丰李镇员庄村,电话：无,
民生药业集团河南民生大药房有限公司众寅和药房,地址：河南省洛阳市吉利区白坡村祈福花园东门口,电话：无,
民生药业集团河南民生大药房有限公司王城药店,地址：河南省洛阳市西工区纱厂西路85号院一楼底层,电话：无,
民生药业集团河南民生大药房有限公司济民医药商场,地址：河南省洛阳市吉利区河阳路中段,电话：无,
民生药业集团河南民生大药房有限公司济世药店,地址：河南省洛阳市澶河区中州东路通巷清真寺一楼,电话：无,
民生药业集团河南民生大药房有限公司华康大药房,地址：河南省洛阳市老城区右安街1号院1号,电话：无,
民生药业集团河南民生大药房有限公司医药门市部,地址：河南省洛阳市吉利区胜利路48号,电话：无,
民生药业集团河南民生大药房有限公司泰安大药房,地址：河南省洛阳市西工区红山乡下沟村,电话：无,
民生药业集团河南民生大药房有限公司东华药店,地址：河南省洛阳市澶河区中州东路8号,电话：无,
民生药业集团河南民生大药房有限公司翠誉药店,地址：河南省洛阳市西工区春都路164号,电话：无,
民生药业集团河南民生大药房有限公司民昌药店,地址：河南省洛阳市西工区纱厂北路16号,电话：无,
民生药业集团河南民生大药房有限公司洛龙大药房,地址：河南省洛阳市郭寨加油站隔壁,电话：无,
民生药业集团河南民生大药房有限公司万康药店,地址：河南省洛阳市瀍河区新街新房家园6组团1-101号,电话：无,
民生药业集团河南民生大药房有限公司中州大药房,地址：河南省洛阳市中州路274号,电话：无,
民生药业集团河南民生大药房有限公司健康药店,地址：河南省洛阳市西工区金谷园村正街13栋13号,电话：无,
民生药业集团河南民生大药房有限公司洛浦大药房,地址：河南省洛阳市涧西区丽春路丽新市场口教师综合楼1-3-2-102,电话：无,
民生药业集团河南民生大药房有限公司康康药店,地址：河南省洛阳市涧西区丽春西路南峰园综合楼一楼,电话：无,
民生药业集团河南民生大药房有限公司玉方大药店,地址：河南省洛阳市涧西区武汉南路南村小区313栋1层0106--0107,电话：无,
民生药业集团河南民生大药房有限公司天力泽大药房,地址：河南省洛阳市涧西区珠江路7街坊6号楼西一层,电话：无,
民生药业集团河南民生大药房有限公司南山药店,地址：河南省洛阳市涧西区天津南路39号,电话：无,
民生药业集团河南民生大药房有限公司嵩县中州新春大药房,地址：河南省洛阳市嵩县车村镇车村街二中对面,电话：无,
民生药业集团河南民生大药房有限公司伊川县长寿药店,地址：河南省洛阳市伊川县白元乡杨寨村,电话：无,
民生药业集团河南民生大药房有限公司孟津县恒信大药房,地址：河南省洛阳市孟津县白鹤路西侧房管局一楼,电话：无,
民生药业集团河南民生大药房有限公司丽东大药房,地址：河南省洛阳市涧西区丽春路8号,电话：无,
民生药业集团河南民生大药房有限公司孟津县第六药店,地址：河南省洛阳市孟津县县城建设南路老派出所对面,电话：无,
民生药业集团河南民生大药房有限公司伊川县保和大药房,地址：河南省洛阳市伊川县江左乡江左村,电话：无,
民生药业集团河南民生大药房有限公司嵩县永安大药房,地址：河南省洛阳市嵩县木植街乡木植街村中心学校（初中）对面,电话：无,
民生药业集团河南民生大药房有限公司馨康大药房,地址：河南省洛阳涧西区景华路学校门西房7号,电话：无,
民生药业集团河南民生大药房有限公司伊川县大众药店,地址：河南省洛阳市伊川县城关镇瑶湾村金水湾洗浴中心隔壁,电话：无,
民生药业集团河南民生大药房有限公司孟津县第五药店,地址：河南省洛阳市孟津县县城建设南路邮政营业厅正对面,电话：无,
民生药业集团河南民生大药房有限公司福康大药房,地址：河南省洛阳市涧西区符家屯村芳菲路001号,电话：无,
民生药业集团河南民生大药房有限公司伊川县半坡大药房,地址：河南省洛阳市伊川县半坡乡半坡村,电话：无,
民生药业集团河南民生大药房有限公司永康药店,地址：河南省洛阳市涧西区珠江路商业街7-0102,电话：无,
民生药业集团河南民生大药房有限公司伊川县春晓药店,地址：河南省洛阳市伊川县白元乡白元村,电话：无,
民生药业集团河南民生大药房有限公司孟津县第四药店,地址：河南省洛阳市孟津县县城商业街,电话：无,
民生药业集团河南民生大药房有限公司荣昌药店,地址：河南省洛阳市涧西区丽新路与寨南路交叉口东南角,电话：无,
民生药业集团河南民生大药房有限公司孟津县常袋乡利侠药店,地址：河南省洛阳市孟津县常袋乡,电话：无,
民生药业集团河南民生大药房有限公司老蔡益民药店,地址：河南省洛阳市老城区中州东路民主街1号楼下门面房,电话：无,
民生药业集团河南民生大药房有限公司伊川县高山乡忠新大药房,地址：河南省洛阳市伊川县高山乡高山市场,电话：无,
民生药业集团河南民生大药房有限公司孟津县横水百姓药店,地址：河南省洛阳市孟津县横水镇,电话：无,
民生药业集团河南民生大药房有限公司长寿药店,地址：河南省洛阳市春都路51号院,电话：无,
民生药业集团河南民生大药房有限公司孟津县送庄药店,地址：河南省洛阳市孟津县送庄乡送庄村,电话：无,
民生药业集团河南民生大药房有限公司孟津县芳苑大药房,地址：河南省洛阳市孟津县慧林路中段,电话：无,
民生药业集团河南民生大药房有限公司益仁堂大药房,地址：河南省洛阳市关林镇北路中段,电话：无,
民生药业集团河南民生大药房有限公司纱西药店,地址：河南省洛阳市西工区邙岭路西中建二局二公司家属院内,电话：无,
民生药业集团河南民生大药房有限公司金谷大药房,地址：河南省洛阳市西工区解放路付4号（迎宾旅社楼下20-21号）,电话：无,
民生药业集团河南民生大药房有限公司龙康大药房,地址：河南省洛阳市涧西区西苑路龙鳞路口,电话：无,
大参林医药集团股份有限公司阴阳赵店,地址：河南省漯河市源汇区阴阳赵乡阴西村 ,电话：0395-6813123 ,
大参林医药集团股份有限公司天鹅湖店,地址：河南省漯河市郾城区井岗山路与嫩江路交叉口 ,电话：0395-6671606 ,
大参林医药集团股份有限公司新都市场店,地址：河南省漯河市郾城区太行山路与黄河西路交叉口 ,电话：0395-5938116 ,
大参林医药集团股份有限公司长江路店,地址：河南省漯河市郾城区太行山路与颖河路交叉口 ,电话：0395-5979811 ,
大参林医药集团股份有限公司解放南路店,地址：河南省漯河市源汇区汉江路龙祥家园2号楼 ,电话：0395-2610569 ,
大参林医药集团股份有限公司开源店,地址：河南省漯河市柳江路与五一路交叉口,电话：0395-3390192,
大参林医药集团股份有限公司马夫张店,地址：河南省漯河市峨眉山路与西京路交叉口马夫张村,电话：0395-5991006,
大参林医药集团股份有限公司新店店,地址：河南省漯河市郾城区新店镇新店村十字街西洛届公路北侧,电话：0395-6720518,
大参林医药集团股份有限公司泰山路店,地址：河南省漯河市源汇区泰山路16号,电话：0395-5910096,
大参林医药集团股份有限公司八一路店,地址：河南省漯河市八一路店与团结路交叉口,电话：0395-5910060,
大参林医药集团股份有限公司建设路店,地址：河南省漯河市文化路与建设路交汇处（原双汇广场对面）,电话：0395-5910100,
大参林医药集团股份有限公司辽河西路店,地址：河南省漯河市辽河路与太行山路交叉口,电话：0395-5937979,
大参林医药集团股份有限公司颖河路店,地址：河南省漯河市郾城区太行山路与颖河路交叉口,电话：0395-5937978,
大参林医药集团股份有限公司三丁店,地址：河南省漯河市郾城区七蚁路与郾襄路交叉口,电话：0395-6959992,
大参林医药集团股份有限公司龙祥家园店,地址：河南省漯河市源汇区汉江路龙祥家园2号楼,电话：0395-2985192,
大参林医药集团股份有限公司黄庄店,地址：河南省漯河市召陵镇万家购物广场北侧,电话：0395-6858889,
大参林医药集团股份有限公司彩虹桥店,地址：河南省漯河市郾城区泰山路彩虹桥北,电话：0395-5997710,
大参林医药集团股份有限公司阳光店,地址：河南省漯河市郾城区嫩江路嵩山花园西区22号楼,电话：0395-6692499,
大参林医药集团股份有限公司双龙店,地址：河南省漯河市大学路127号,电话：0395-5979810,
大参林医药集团股份有限公司孙庄店,地址：河南省漯河市郾城区黄河路306号,电话：0395-5995006,
大参林医药集团股份有限公司新街店,地址：河南省漯河市第五人民医院（原郾城县人民医院北门东20米）,电话：0395-6167196,
大参林医药集团股份有限公司烟厂花园店,地址：河南省漯河市解放路丘1号,电话：0395-5910069,
大参林医药集团股份有限公司柳江店,地址：河南省漯河市柳江小区1号楼29号,电话：0395-5972202,
大参林医药集团股份有限公司双汇路店,地址：河南省漯河市双汇路199号,电话：0395-5910059,
大参林医药集团股份有限公司和平店,地址：河南省漯河市交通路漯河五中南邻,电话：0395-5910020,
大参林医药集团股份有限公司黄河广场店,地址：河南省漯河市郾城黄河广场物美廉西邻,电话：0395-5938110,
大参林医药集团股份有限公司五一路店,地址：河南省漯河市五一路与人民路交汇处,电话：0395-5979910,
大参林医药集团股份有限公司政通店,地址：河南省郑州市大学路与政通路交叉口东1千米路南,电话：0371-86626903,
大参林医药集团股份有限公司幸福店,地址：河南省漯河市五一路与马路街交叉口,电话：0395-5919100,
大参林医药集团股份有限公司人民店,地址：河南省漯河市人民东路市人民医院对面,电话：0395-5989010 ,
大参林医药集团股份有限公司五中店,地址：河南省郑州市陇海路南关街交叉口南500米路西（郑州五中对面）,电话：0371-55691862,
大参林医药集团股份有限公司美健店,地址：河南省漯河市交通路与人民路交汇处肯德基对面人民西路52号,电话：0395-5976710 ,
大参林医药集团股份有限公司二七万达店,地址：河南省郑州市航海路与人和街交叉口南200米路东,电话：0371-55021022,
大参林医药集团股份有限公司前周店,地址：河南省漯河市黄河路与金山路交汇处西100米,电话：0395-5991005,
大参林医药集团股份有限公司中心店,地址：河南省漯河市交通路南段112号,电话：0395-5910012,
大参林医药集团股份有限公司白沙店,地址：河南省郑州市郑州东区白沙镇恒通路与振兴路交叉口北200米路东（好又多超市一楼）,电话：无,
大参林医药集团股份有限公司交通路店,地址：河南省漯河市交通路南段市中医院对面 交通路596号,电话：0395-5910013,
大参林医药集团股份有限公司辽河东路店,地址：河南省漯河市辽河路与昆仑路交汇处,电话：0395-5995010,
大参林医药集团股份有限公司海河路店,地址：河南省漯河市海河路与黄山路交汇处东100米路北,电话：0395-5997910 ,
大参林医药集团股份有限公司人和店,地址：河南省郑州市人和路与长江路交叉口南（金海市场对面）,电话：无,
大参林医药集团股份有限公司广电店,地址：河南省郑州市广电南路与福彩路交叉口西北角,电话：0371-65775530,
大参林医药集团股份有限公司翟庄店,地址：河南省漯河市人民东路翟庄农贸市场对面,电话：0395-5986610,
大参林医药集团股份有限公司解放路店,地址：河南省郑州市铭功路与解放路交叉口东北角,电话：无,
大参林医药集团股份有限公司荥阳成皋店,地址：河南省郑州市荥阳市成皋路与演武路交叉口西北角,电话：0371-63251551,
大参林医药集团股份有限公司郑州建设路店,地址：河南省郑州市建设路工人路交叉口（郑州国棉四厂家属院大门口）,电话：0371-67971085,
大参林医药集团股份有限公司人民路店,地址：河南省郑州市金水区人民路河南中医学院第一附属医院对面,电话：0371-66297256,
大参林医药集团股份有限公司冉屯店,地址：河南省郑州市冉屯路与桐柏路交叉口西北角,电话：0371-60925878,
大参林医药集团股份有限公司北岗店,地址：河南省郑州市建设路与西环路交叉口西300米路北,电话：0371-55521986,
大参林医药集团股份有限公司商鼎路店,地址：河南省郑州市商鼎路与百福街交叉口东北角 ,电话：0371-65860676 ,
大参林医药集团股份有限公司淮河路店,地址：河南省郑州市淮河路桐柏路交叉口西200米路北,电话：0371-55952232,
大参林医药集团股份有限公司常庄店,地址：河南省郑州市中原区须水镇常庄村常庄中心街交叉口北20米路东,电话：0371-67829701,
大参林医药集团股份有限公司沙口路店,地址：河南省郑州市沙口路与金水路交叉口北1000米路东,电话：0371-55015542,
大参林医药集团股份有限公司庙李店,地址：河南省郑州市索凌路与庙李中街交叉口东100米,电话：0371-55952090,
大参林医药集团股份有限公司荥阳塔山店,地址：河南省郑州市荥阳市塔山路与大海寺路交叉口东北角,电话：0371-60253368,
大参林医药集团股份有限公司马寨店,地址：河南省郑州市东方路与同兴街交叉口东南角（好又多超市斜对面）,电话：0371-67865115,
大参林医药集团股份有限公司老鸦陈店,地址：河南省郑州市江山路老鸦陈信用社斜对面,电话：0371-55952214,
大参林医药集团股份有限公司小湖村店,地址：河南省郑州市南曹乡政府西街南曹乡派出所隔壁,电话：0371-66713653,
大参林医药集团股份有限公司高皇寨店,地址：河南省郑州市柳林镇高皇寨村中街（高皇寨卫生服务站对面）,电话：0371-86612245,
大参林医药集团股份有限公司文化路店,地址：河南省郑州市文化路丰产路交叉口北50米路西,电话：0371-55952212,
大参林医药集团股份有限公司永安街店,地址：河南省郑州市永安街与交通路丁字路口,电话：0371-60998635,
大参林医药集团股份有限公司老鸦陈中心店,地址：河南省郑州市江山路与南一街交叉口东50米,电话：0371-60942920,
大参林医药集团股份有限公司南阳路店,地址：河南省郑州市南阳路与黄河路交叉口东南角,电话：0371-55952217,
大参林医药集团股份有限公司陈庄村店,地址：河南省郑州市化工路西三环交叉口往西1000米路北,电话：0371-55952218,
大参林医药集团股份有限公司大铺店,地址：河南省郑州市文化路与双铺路交叉口西南角,电话：0371-86652050,
大参林医药集团股份有限公司伏牛路店,地址：河南省郑州市伏牛路与陇海路交叉口北100米路东,电话：0371-55952238,
大参林医药集团股份有限公司陈砦店,地址：河南省郑州市文化路与陈砦三街交口西20米,电话：0371-55970467,
大参林医药集团股份有限公司陇海路店,地址：河南省郑州市陇海路与大学路交叉口西北角,电话：0371-67100080,
大参林医药集团股份有限公司棉纺路店,地址：河南省郑州市棉纺路与嵩山路交叉口西50米路南,电话：0371-60998631,
大参林医药集团股份有限公司中方园店,地址：河南省郑州市中方园路与博卉路交叉口北200米,电话：0371-63500118,
大参林医药集团股份有限公司嵩山路店,地址：河南省郑州市嵩山路淮河路交叉口南100米路西,电话：0371-55623230,
大参林医药集团股份有限公司柳林店,地址：河南省郑州市花园路与三全路交叉口西60米路北,电话：0371-86612547,
大参林医药集团股份有限公司经三路店,地址：河南省郑州市经三路与红专路交叉口东北角,电话：0371-55952231,
郑州仟禧堂医药有限责任公司永安街店,地址：河南省郑州市永安街与京广南路交叉口西南角,电话：0371-68233497,
郑州仟禧堂医药有限责任公司南阳路四分店,地址：河南省郑州市金水区南阳路226号院1号楼附7号,电话：0371-63730961,
郑州仟禧堂医药有限责任公司紫东路分店,地址：河南省郑州市管城区中州大道1899号58号楼4号,电话：0371-86636936,
郑州仟禧堂医药有限责任公司康乐新特药商店,地址：河南省郑州市金水区国基路99号（北环以北索岭路上）,电话：0371-63662059,
郑州仟禧堂医药有限责任公司秦岭路店,地址：河南省郑州市中原区秦岭路与建设路交叉口南50米,电话：0371-67682588,
郑州仟禧堂医药有限责任公司红旗路分店,地址：河南省郑州市金水区红旗路与经八路交叉口9号楼,电话：0371-63862636,
郑州仟禧堂医药有限责任公司东大街分店,地址：河南省郑州市管城区东大街182号,电话：0371-66330123,
郑州仟禧堂医药有限责任公司新密中心店,地址：河南省郑州市新密市农业路75号,电话：0371-69802111,
郑州仟禧堂医药有限责任公司开发区三分店,地址：河南省郑州市高新区金菊街16号35号楼附18号,电话：0371-67509505,
郑州仟禧堂医药有限责任公司航海中路分店,地址：河南省郑州市二七区航海中路30号5-1号附8号,电话：0371-67056508,
郑州仟禧堂医药有限责任公司兑周路分店,地址：河南省郑州市二七区兑周路与长江路交叉口D区门面,电话：0371-68695818,
郑州仟禧堂医药有限责任公司棉纺东路分店,地址：河南省郑州市二七区棉纺东路27号,电话：0371-67948269,
郑州仟禧堂医药有限责任公司陇海东路分店,地址：河南省郑州市管城区东三马路152号新天地市场,电话：0371-56657169,
郑州仟禧堂医药有限责任公司须水分店,地址：河南省郑州市中原区须水镇,电话：0371-67098758,
郑州仟禧堂医药有限责任公司索凌路分店,地址：河南省郑州市金水区北环以北索凌路9号附9号,电话：0371-63665379,
郑州仟禧堂医药有限责任公司桐柏南路五分店,地址：河南省郑州市中原区航海路桐柏南路东2号,电话：0371-68833307,
郑州仟禧堂医药有限责任公司岗杜街分店,地址：河南省郑州市金水区岗杜街1号附18号,电话：0371-63857767,
郑州仟禧堂医药有限责任公司煤仓北街分店,地址：河南省郑州市中原区煤仓路21号,电话：0371-67537083,
郑州仟禧堂医药有限责任公司汝河路三分店,地址：河南省郑州市中原区汝河路汝河小区北门西侧33号,电话：无,
郑州仟禧堂医药有限责任公司康复前街分店,地址：河南省郑州市二七区康复前街60号附40号,电话：0371-68237795,
郑州仟禧堂医药有限责任公司开发区二分店,地址：河南省郑州市高新技术开发区枫杨街15号附8号,电话：0371-67982130,
郑州仟禧堂医药有限责任公司协作路分店,地址：河南省郑州市中原区桐柏路西（协作路北）192号楼,电话：0371-67639299,
郑州仟禧堂医药有限责任公司百花路药店,地址：河南省郑州市中原区百花路30号,电话：0371-67975730,
郑州仟禧堂医药有限责任公司南关分店,地址：河南省郑州市管城区南关街205号院1层201号,电话：0371-66232125,
郑州仟禧堂医药有限责任公司纬三路中西药房,地址：河南省郑州市金水区纬三路21号,电话：0371-63817728,
郑州仟禧堂医药有限责任公司烟厂西街分店,地址：河南省郑州市管城区烟厂西街7号楼底层,电话：0371-66247437,
郑州仟禧堂医药有限责任公司金晨嘉园店,地址：河南省郑州市金水区方圆路北文化路西3栋114号,电话：0371-60926386,
郑州仟禧堂医药有限责任公司康寿堂大药房,地址：河南省郑州市金水区畜牧路花园新村16号,电话：0371-65583855,
郑州仟禧堂医药有限责任公司金城街分店,地址：河南省郑州市管城区金城街1号楼14号,电话：无,
郑州仟禧堂医药有限责任公司文化路二店,地址：河南省郑州市金水区文化路北段126号,电话：0371-60831138,
郑州仟禧堂医药有限责任公司郑汴路分店,地址：河南省郑州市金水区郑汴路138号英协花园9号楼101,电话：0371-66516580,
郑州仟禧堂医药有限责任公司工人路分店,地址：河南省郑州市中原区工人路120号,电话：0371-67420973,
郑州仟禧堂医药有限责任公司纬二路药店,地址：河南省郑州市金水区纬二路11号附3号,电话：0371-65991363,
郑州仟禧堂医药有限责任公司文化路店,地址：河南省郑州市金水区陈砦村文化路东1039号,电话：0371-60113383,
郑州仟禧堂医药有限责任公司长江路分店,地址：河南省郑州市二七区长江路江山书香小区6号楼34号,电话：0371-68997181,
郑州仟禧堂医药有限责任公司未来南街分店,地址：河南省郑州市管城区未来南街31号附15号,电话：0371-69163335,
郑州仟禧堂医药有限责任公司华山路分店,地址：河南省郑州市中原区华山路80号2哈欧楼7号,电话：0371-86039663,
郑州仟禧堂医药有限责任公司桐柏路分店,地址：河南省郑州市中原区桐柏路40号,电话：0371-67421229,
郑州仟禧堂医药有限责任公司城东南路分店,地址：河南省郑州市管城区城东南路128号,电话：0371-66814222,
郑州仟禧堂医药有限责任公司亚洲药房,地址：河南省郑州市金水区杜岭街154号,电话：0371-66267531,
郑州仟禧堂医药有限责任公司神力药店,地址：河南省郑州市金水区东明路50号,电话：0371-65970016,
郑州仟禧堂医药有限责任公司华丰医药商店,地址：河南省郑州市管城区云鹤路北头,电话：0371-66830205,
郑州仟禧堂医药有限责任公司碧沙新特药店,地址：河南省郑州市二七区淮河路37号,电话：0371-68988022,
郑州仟禧堂医药有限责任公司汝河路二分店,地址：河南省郑州市中原区汝河路6号,电话：0371-67183516,
郑州仟禧堂医药有限责任公司延年中西药房,地址：河南省郑州市二七区兴华南街62号,电话：0371-68852307,
郑州仟禧堂医药有限责任公司金水医药商店,地址：河南省郑州市二七区金水路67号,电话：0371-67447910,
郑州仟禧堂医药有限责任公司开发区分店,地址：河南省郑州市高新技术开发区合街5号,电话：0371-67991703,
郑州仟禧堂医药有限责任公司中华药房,地址：河南省郑州市金水区黄河路93号,电话：0371-63844431,
郑州仟禧堂医药有限责任公司桐柏北路三分店,地址：河南省郑州市中原区桐柏北路99号,电话：0371-67520691,
郑州仟禧堂医药有限责任公司新华大药房,地址：河南省郑州市二七区金水路54号,电话：0371-67974690,
郑州仟禧堂医药有限责任公司达康医药商店,地址：河南省郑州市金水区丰产中路73号附1号,电话：0371-65740751,
郑州仟禧堂医药有限责任公司兴华北街分店,地址：河南省郑州市二七区兴华北街12号 ,电话：0371-67712939,
郑州仟禧堂医药有限责任公司德化街分店,地址：河南省郑州市二七区德化街1号,电话：0371-66968051,
郑州仟禧堂医药有限责任公司中原路总店,地址：河南省郑州市二七区中原路109号,电话：0371-66965279,
郑州仟禧堂医药有限责任公司南大街分店,地址：河南省郑州市管城区南大街37号,电话：0371-66935188,
老百姓大药房连锁股份有限公司河南公司科技大厦店,地址：河南省郑州市中原区桐柏路43号（科技大厦楼下） ,电话：0371-55518513 ,
老百姓大药房连锁股份有限公司河南公司郑州冉屯东路店,地址：河南省郑州市中原区桐柏北路101号威尼斯水城11号楼南5号商铺 ,电话：0371-60900885 ,
老百姓大药房连锁股份有限公司河南公司桐柏北路店,地址：河南省郑州市中原区桐柏北路(街)100号 ,电话：0371-60928077 ,
老百姓大药房连锁股份有限公司河南公司郑州建设西路二店,地址：河南省郑州市中原区建设西路99号 ,电话：0371-67892081 ,
老百姓大药房连锁股份有限公司河南公司建设西路店,地址：河南省郑州市中原区建设西路与桐柏路交叉口向西50米 ,电话：0371-67636157 ,
老百姓大药房连锁股份有限公司河南公司郑州正商明钻店,地址：河南省郑州市中原区电厂路东、冉屯北路南2号楼1层114号 ,电话：0371-55982739 ,
老百姓大药房连锁股份有限公司河南公司华山路店,地址：河南省郑州市中原区华山路与汝河路交叉口东北角 ,电话：0371-55518503 ,
老百姓大药房连锁股份有限公司河南公司郑州桐柏北路二店,地址：河南省郑州市中原区桐柏路115号 ,电话：0371-55618628 ,
老百姓大药房连锁股份有限公司河南公司郑州汝河路店,地址：河南省郑州市中原区伏牛路与汝河路交叉口向西50米路南 ,电话：0371-68622065 ,
老百姓大药房连锁股份有限公司河南公司郑州庙李店,地址：河南省郑州市金水区庙李镇庙李村371号 ,电话：18037890586 ,
老百姓大药房连锁股份有限公司河南公司郑州盛和街店,地址：河南省郑州市郑东新区盛和街与陈庄街交叉东北角 ,电话：0371-55618698 ,
老百姓大药房连锁股份有限公司河南公司大石桥店,地址：河南省郑州市金水区金水路89号 ,电话：0371-66246088-122 ,
老百姓大药房连锁股份有限公司河南公司郑州枣庄店,地址：河南省郑州市金水区经三路枣庄村190号 ,电话：0371-63288698 ,
老百姓大药房连锁股份有限公司河南公司健康路店,地址：河南省郑州市金水区健康路168号 ,电话：0371-63969038-188 ,
老百姓大药房连锁股份有限公司河南公司沙口路店,地址：河南省郑州市金水区沙口路王府坟集贸市场斜对面 ,电话：0371-60928095 ,
老百姓大药房连锁股份有限公司河南公司陇海东路店,地址：河南省郑州市管城区陇海路与紫荆山路交叉口 ,电话：0371-60158253 ,
老百姓大药房连锁股份有限公司河南公司郑州经七路店,地址：河南省郑州市金水区经七路23号 ,电话：0371-60956668 ,
老百姓大药房连锁股份有限公司河南公司郑州红专路店,地址：河南省郑州市金水区经七路21号 ,电话：18037898120 ,
老百姓大药房连锁股份有限公司河南公司红旗路店,地址：河南省郑州市金水区红旗路与经三路交叉口向西100米 ,电话：0371-63298102 ,
老百姓大药房连锁股份有限公司河南公司郑州园田路店,地址：河南省郑州市金水区海阳北路，园田路东朝阳小区13号楼 ,电话：0371-86182362 ,
老百姓大药房连锁股份有限公司河南公司南阳路店,地址：河南省郑州市金水区南阳路106号 ,电话：0371-53709908 ,
老百姓大药房连锁股份有限公司河南公司东三街店,地址：河南省郑州市金水区东三街85号-1号 ,电话：0371-60105063 ,
老百姓大药房连锁股份有限公司河南公司丰庆路店,地址：河南省郑州市金水区丰庆路4号院 ,电话：0371-53709906 ,
老百姓大药房连锁股份有限公司河南公司布厂街店,地址：河南省郑州市管城区管城区布厂街花园村2号楼 ,电话：0371-65321990 ,
老百姓大药房连锁股份有限公司河南公司城东路店,地址：河南省郑州市管城区城东路59号 ,电话：0371-55512669 ,
老百姓大药房连锁股份有限公司河南公司巩义店,地址：河南省郑州市巩义市人民路111号，宋陵大厦旁边的地下室 ,电话：0371-63236188 ,
老百姓大药房连锁股份有限公司河南公司巩义中心店,地址：河南省郑州市巩义市货场路与建设路交叉口向西200米 ,电话：0371-69575156 ,
老百姓大药房连锁股份有限公司河南公司巩义杜甫路店,地址：河南省郑州市巩义市杜甫路与桐本路交叉口东南角（汽车站对面） ,电话：0371-55518523 ,
老百姓大药房连锁股份有限公司河南公司兴华南街店,地址：河南省郑州市二七区兴华南街与航海路交叉口向南500米路西 ,电话：0371-63368233 ,
老百姓大药房连锁股份有限公司河南公司濮阳店,地址：河南省濮阳市华龙区任丘路262号 ,电话：0393-8907118 ,
老百姓大药房连锁股份有限公司河南公司碧波园店,地址：河南省郑州市二七区交通路8号 ,电话：0371-63365818 ,
老百姓大药房连锁股份有限公司河南公司郑州碧云路店,地址：河南省郑州市二七区碧云路美好佳苑东门口（航海路与碧云路交叉口向南200米路西） ,电话：0371-53709627 ,
老百姓大药房连锁股份有限公司河南公司平顶山中心店,地址：河南省平顶山市湛河区河滨公园南门东侧 ,电话：0375-2702933 ,
老百姓大药房连锁股份有限公司河南公司平顶山开源路店,地址：河南省平顶山市湛河区工人文化宫北门口 ,电话：0375-2982519 ,
老百姓大药房连锁股份有限公司河南公司濮阳金堤路店,地址：河南省濮阳市华龙区益民路与金堤路交叉口向南50米路东 ,电话：0393-8922918 ,
老百姓大药房连锁股份有限公司河南公司平顶山一店,地址：河南省平顶山市新华区建设路中段五交化楼下(原好运来超市东门) ,电话：0375-3415998 ,
老百姓大药房连锁股份有限公司河南公司濮阳大庆路店,地址：河南省濮阳市华龙区大庆路与中原路交叉口西南角 ,电话：0393-8998098 ,
老百姓大药房连锁股份有限公司河南公司平顶山联盟路店,地址：河南省平顶山市新华区开源路小学对面（高压西门口） ,电话：0375-2560188 ,
老百姓大药房连锁股份有限公司河南公司开封劳动路店,地址：河南省开封市顺河区劳动路与新宋路交叉口向北50米路东 ,电话：0378-3258168 ,
国药控股国大药房河南连锁有限公司国大特许经营十三店,地址：河南省平顶山市新华区长青路中段曙光街工商所南20米路西,电话：无,
国药控股国大药房河南连锁有限公司国大特许经营二十店,地址：河南省平顶山市平安大道与凌云路交叉口,电话：无,
国药控股国大药房河南连锁有限公司一零九店,地址：河南省平顶山市新城区崇文路与祥云路交叉口,电话：0375-2706608,
国药控股国大药房河南连锁有限公司国大特许经营十一店,地址：河南省平顶山市新华区矿工路西段南团小区门面房,电话：无,
国药控股国大药房河南连锁有限公司一零六店,地址：河南省平顶山市光明路北段平安佳园小区南30米路东,电话：0375-2829919,
国药控股国大药房河南连锁有限公司国大特许经营十七店,地址：河南省平顶山市湛河区铁炉新村湛河区新华路南段锦绣花园46#楼底商门面房,电话：无,
国药控股国大药房河南连锁有限公司国大特许经营一店,地址：河南省平顶山市南环路西段,电话：无,
国药控股国大药房河南连锁有限公司国大特许经营五店,地址：河南省平顶山市湛河区南环路北40号院1号楼农业银行湛河支行一楼,电话：无,
国药控股国大药房河南连锁有限公司九十店,地址：河南省平顶山市石龙区高庄桥头,电话：无,
国药控股国大药房河南连锁有限公司一百一十五店,地址：河南省平顶山市卫东区新华路中段一五二医院对面,电话：0375-7695225,
国药控股国大药房河南连锁有限公司国大特许经营十九店,地址：河南省平顶山市湛河区开源路南段建工集团楼下,电话：0375-7695223,
国药控股国大药房河南连锁有限公司八九店,地址：河南省平顶山市新华区焦店镇,电话：无,
国药控股国大药房河南连锁有限公司一一三店,地址：河南省平顶山市卫东区矿工路中段路北5号院,电话：0375-3976669,
国药控股国大药房河南连锁有限公司国大特许经营十八店,地址：河南省平顶山市湛河区新华路南段时代华庭,电话：无,
国药控股国大药房河南连锁有限公司国大特许经营八十八店,地址：河南省平顶山市卫东区东高皇乡任庄村许南公路高架桥南100米,电话：0375-2192698,
国药控股国大药房河南连锁有限公司国大特许经营四店,地址：河南省平顶山市湛河区光明路南段枫林湾,电话：0375-2869766,
国药控股国大药房河南连锁有限公司八七店,地址：河南省平顶山市新华区焦店镇井营村青石山办事处对面,电话：无,
国药控股国大药房河南连锁有限公司八六店,地址：河南省平顶山市湛河区北渡乡徐庄村,电话：0375-7695512,
国药控股国大药房河南连锁有限公司国大特许经营二店,地址：河南省平顶山市湛河区北渡乡北渡村北渡山口南,电话：0375-7695210,
国药控股国大药房河南连锁有限公司国大特许经营九店,地址：河南省平顶山市湛河区平宝南薛庄镇薛庄村,电话：无,
国药控股国大药房河南连锁有限公司国大特许经营三店,地址：河南省平顶山市湛河区姚电大道与光明路口东南角,电话：无,
国药控股国大药房河南连锁有限公司国大特许经营八店,地址：河南省平顶山市新华区乐福小区,电话：无,
国药控股国大药房河南连锁有限公司七六店,地址：河南省平顶山市石龙区大庄军营市场南侧,电话：无,
国药控股国大药房河南连锁有限公司国大特许经营六店,地址：河南省平顶山市湛河区电厂路中段路南,电话：无,
国药控股国大药房河南连锁有限公司八二店,地址：河南省平顶山市湛河区柏楼村,电话：无,
国药控股国大药房河南连锁有限公司七五店,地址：河南省平顶山市石龙区高庄矿韩梁路中段,电话：无,
国药控股国大药房河南连锁有限公司一六一店,地址：河南省平顶山市湛河区苗李路北段,电话：0375-4950836,
国药控股国大药房河南连锁有限公司国大特许经营七店,地址：河南省平顶山市新华区李庄村73号建设路与荟文街交叉口向南100米路东,电话：无,
国药控股国大药房河南连锁有限公司七四店,地址：河南省平顶山市石龙区南顾庄人民路,电话：无,
国药控股国大药房河南连锁有限公司六八店,地址：河南省平顶山市新华区西市场,电话：无,
国药控股国大药房河南连锁有限公司八一店,地址：河南省平顶山市新华区六矿一坑路,电话：无,
国药控股国大药房河南连锁有限公司国大特许经营十店,地址：河南省平顶山市新华区十一矿香山街香山市场北段路南,电话：无,
国药控股国大药房河南连锁有限公司一六零店,地址：河南省平顶山市新华区优胜街,电话：0375-2180890,
国药控股国大药房河南连锁有限公司二八店,地址：河南省平顶山市卫东区一矿体育馆东门对面,电话：无,
国药控股国大药房河南连锁有限公司八十店,地址：河南省平顶山市湛河区曹镇乡曹东村,电话：无,
国药控股国大药房河南连锁有限公司七二店,地址：河南省平顶山市新华区五矿路西新新街1号,电话：无,
国药控股国大药房河南连锁有限公司六六店,地址：河南省平顶山市湛河区荆山路７号院,电话：无,
国药控股国大药房河南连锁有限公司国大特许经营十四店,地址：河南省平顶山市卫东区矿工路东段北9号院,电话：无,
国药控股国大药房河南连锁有限公司十五店,地址：河南省平顶山市新华区天和盛世小区9号楼10号商铺,电话：无,
国药控股国大药房河南连锁有限公司四院店,地址：河南省平顶山市第四人民医院院内,电话：0375-2562239,
国药控股国大药房河南连锁有限公司七一店,地址：河南省平顶山市新华区新新街新六街,电话：无,
国药控股国大药房河南连锁有限公司国大特许经营十二店,地址：河南省平顶山市湛河区南环路西段路北,电话：无,
国药控股国大药房河南连锁有限公司四店,地址：河南省平顶山市卫东区建设路东段路北大营村华辰供电公司东侧,电话：0375-3683076,
国药控股国大药房河南连锁有限公司一二二店,地址：河南省平顶山市叶县健康路中段叶县人民医院对面,电话：无,
国药控股国大药房河南连锁有限公司八十四店,地址：河南省平顶山市湛河区亚兴路南段,电话：0375-4155665,
国药控股国大药房河南连锁有限公司十九店,地址：河南省平顶山市卫东区矿工路与诚朴路交叉口东北角,电话：0375-3693668,
国药控股国大药房河南连锁有限公司一一零店,地址：河南省平顶山市新城区公正路南段东建业森林半岛45号楼自南向北1-2层11号商铺,电话：0375-2611167,
国药控股国大药房河南连锁有限公司九七店,地址：河南省平顶山市湛河区北渡村水库路东段路南北渡村医院对面,电话：0375-2067778,
国药控股国大药房河南连锁有限公司一三二店,地址：河南省平顶山市郏县西大街与八一路交叉口北100米路西,电话：0375-5109992,
国药控股国大药房河南连锁有限公司一零八店,地址：河南省平顶山市卫东区豫基城望山小区06幢1层103铺-203铺门面房,电话：0375-2195770,
国药控股国大药房河南连锁有限公司九六店,地址：河南省平顶山市湛河区南环中路北28号院灯具厂底商住宅楼一楼,电话：0375-3809229,
国药控股国大药房河南连锁有限公司六七店,地址：河南省平顶山市新华区三七街28号楼,电话：0375-2812931,
国药控股国大药房河南连锁有限公司六二店,地址：河南省平顶山市湛河区九里山派出所院内国昌联建楼底商,电话：0375-4971055,
国药控股国大药房河南连锁有限公司一三一店,地址：河南省平顶山市郏县东大街62号,电话：0375-5199887,
国药控股国大药房河南连锁有限公司一零七店,地址：河南省平顶山市卫东区东环路与建设路交叉口,电话：0375-3881336,
国药控股国大药房河南连锁有限公司九四店,地址：河南省平顶山市卫东区东工人镇赵庄新上郑130号,电话：0375-3266165,
国药控股国大药房河南连锁有限公司一二一店,地址：河南省平顶山市叶县东菜园商业街西段路南,电话：0375-8066956,
国药控股国大药房河南连锁有限公司九三店,地址：河南省平顶山市新城区纬二路南湖光明珠66#楼自东向西一层商铺第十三间,电话：0375-2707110,
国药控股国大药房河南连锁有限公司六五店,地址：河南省平顶山市新华区曙光街西段,电话：0375-8983651,
国药控股国大药房河南连锁有限公司六一店,地址：河南省平顶山市湛河区湛南路28号,电话：0375-4936637,
国药控股国大药房河南连锁有限公司九二店,地址：河南省平顶山市湛河区东风路东段北怡景苑1号楼1层2号,电话：0375-3990625,
国药控股国大药房河南连锁有限公司一一一店,地址：河南省平顶山市新城区经二路北段君临天下四号楼106、206铺,电话：0375-2195775,
国药控股国大药房河南连锁有限公司一零一店,地址：河南省平顶山市湛河区诚朴路与东风路交叉口东北角,电话：0375-3656101,
国药控股国大药房河南连锁有限公司九一店,地址：河南省平顶山市新城区翠园小区南门5号门面房,电话：0375-2610091,
国药控股国大药房河南连锁有限公司六四店,地址：河南省平顶山市湛河区光明路南段路西,电话：0375-4999282,
国药控股国大药房河南连锁有限公司六十店,地址：河南省平顶山市新华区光明路11号,电话：0375-4985134,
国药控股国大药房河南连锁有限公司九九店,地址：河南省平顶山市新华区建设路西杨村桥南一层南端,电话：0375-8977596,
国药控股国大药房河南连锁有限公司八三店,地址：河南省平顶山市新华区平安大道路汽车西站对面,电话：0375-2831110,
国药控股国大药房河南连锁有限公司七七店,地址：河南省平顶山市新华区程平路中段路南二矿口,电话：0375-2917023,
国药控股国大药房河南连锁有限公司六三店,地址：河南省平顶山市湛河区光明路南段路西40号,电话：0375-4961074,
国药控股国大药房河南连锁有限公司五九店,地址：河南省平顶山市新华区光明路中段路西司法大楼对面,电话：0375-4936959,
国药控股国大药房河南连锁有限公司五八店,地址：河南省平顶山市新华区光明路北段宏达公司综合楼自北向南第九间,电话：0375-2880159,
国药控股国大药房河南连锁有限公司五七店,地址：河南省平顶山市卫东区一矿寺沟新村东,电话：0375-2675110,
国药控股国大药房河南连锁有限公司五一店,地址：河南省平顶山市新华区联盟路西段路南市委党校东150米,电话：0375-2819100,
国药控股国大药房河南连锁有限公司四三店,地址：河南省平顶山市新华区自由街北段路东,电话：0375-2925061,
国药控股国大药房河南连锁有限公司三九店,地址：河南省平顶山市新华区八中北街与中兴路交叉口东北角,电话：0375-2915881,
国药控股国大药房河南连锁有限公司五六店,地址：河南省平顶山市矿工路与光明路交叉口西光明小区29号楼,电话：0375-2702110,
国药控股国大药房河南连锁有限公司四九店,地址：河南省平顶山市新华区利民街中段鹰城量贩西邻,电话：0375-4804949,
国药控股国大药房河南连锁有限公司三八店,地址：河南省平顶山市新华区中兴南路27号院1号楼,电话：0375-4802101,
国药控股国大药房河南连锁有限公司三二店,地址：河南省平顶山市新华区开源路中段路西,电话：0375-2911824,
国药控股国大药房河南连锁有限公司五五店,地址：河南省平顶山市新华区矿工路西段路北安装处东侧,电话：0375-2823889,
国药控股国大药房河南连锁有限公司四二店,地址：河南省平顶山市新华区中兴路58号院,电话：0375-2987164,
国药控股国大药房河南连锁有限公司三七店,地址：河南省平顶山市湛河区中兴路南段路东6号楼,电话：0375-4802131,
国药控股国大药房河南连锁有限公司四七店,地址：河南省平顶山市新华区公园北街南段路东,电话：0375-2987085,
国药控股国大药房河南连锁有限公司五四店,地址：河南省平顶山市湛河区果品冷库路中段西火车站果品市场北侧,电话：0375-4966032,
国药控股国大药房河南连锁有限公司三一店,地址：河南省平顶山市新华区建设路中段七彩虹幼儿园东侧,电话：0375-2999948,
国药控股国大药房河南连锁有限公司五三店,地址：河南省平顶山市新华区启蒙路东段路南教体局西100米,电话：0375-4963714,
国药控股国大药房河南连锁有限公司四一店,地址：河南省平顶山市卫东区建设路中段24号院,电话：0375-3651239,
国药控股国大药房河南连锁有限公司四六店,地址：河南省平顶山市新华区建设路中段路北102号,电话：0375-2968909,
国药控股国大药房河南连锁有限公司五二店,地址：河南省平顶山市新华区曙光街8号,电话：0375-4880235,
国药控股国大药房河南连锁有限公司三六店,地址：河南省平顶山市新华区矿工路54号,电话：0375-4992511,
国药控股国大药房河南连锁有限公司三十店,地址：河南省平顶山市新华区和平路6号院9号楼,电话：0375-2922268,
国药控股国大药房河南连锁有限公司四五店,地址：河南省平顶山市新华区体育路北段西底商楼层门面房,电话：0375-2901417,
国药控股国大药房河南连锁有限公司四十店,地址：河南省平顶山市新华区建设路西段路南嘉怡居底商第一、第二间,电话：0375-4868690,
国药控股国大药房河南连锁有限公司二九店,地址：河南省平顶山市卫东区五一路西段路南,电话：0375-2926511,
国药控股国大药房河南连锁有限公司四四店,地址：河南省平顶山市新华区矿工路西段,电话：0375-2816821,
国药控股国大药房河南连锁有限公司三四店,地址：河南省平顶山市湛河区南环路中段路西,电话：0375-3651229,
国药控股国大药房河南连锁有限公司二七店,地址：河南省平顶山市湛河区湛南路中段路南马庄派出所西邻,电话：0375-3893727,
国药控股国大药房河南连锁有限公司二六店,地址：河南省平顶山市建设路与劳动路交叉口东北角20米,电话：0375-3651228,
国药控股国大药房河南连锁有限公司三三店,地址：河南省平顶山市湛河区开源路南段桥3号院6号楼底商一层大门北,电话：0375-4936151,
国药控股国大药房河南连锁有限公司二五店,地址：河南省平顶山市卫东区大众路与大众路交叉口,电话：0375-2965481,
国药控股国大药房河南连锁有限公司二四店,地址：河南省平顶山市湛南路与中兴路交叉口长安宾馆楼下,电话：0375-3708850,
国药控股国大药房河南连锁有限公司二三店,地址：河南省平顶山市湛河区沁圆小区东门北侧,电话：0375-3997811,
国药控股国大药房河南连锁有限公司十六店,地址：河南省平顶山市卫东区矿工路与开源路交叉口东100米路南,电话：0375-2920632,
国药控股国大药房河南连锁有限公司二二店,地址：河南省平顶山市卫东区优越路人民医院对面底商住宅楼,电话：0375-3831325,
国药控股国大药房河南连锁有限公司十店,地址：河南省平顶山市新华区团结路与平安大道交叉口东南角,电话：0375-2709607,
国药控股国大药房河南连锁有限公司十四店,地址：河南省平顶山市卫东区黄楝树村,电话：0375-3938873,
国药控股国大药房河南连锁有限公司五店,地址：河南省平顶山市卫东区卫东区建设路东段鸿鹰小区东配楼一层东起10-15间,电话：0375-2701173,
国药控股国大药房河南连锁有限公司二一店,地址：河南省平顶山市湛河区高阳路东段锦绣蓝天1号楼商铺11-29轴线,电话：0375-3932608,
国药控股国大药房河南连锁有限公司三店,地址：河南省平顶山市卫东区东环路5号院底商住宅,电话：0375-3955787,
国药控股国大药房河南连锁有限公司中心店,地址：河南省平顶山市卫东区矿工路34号院99号楼临街底商,电话：0375-3831365,
国药控股国大药房河南连锁有限公司九店,地址：河南省平顶山市卫东区东安路中段西东安路与白银路交叉口往南第三间,电话：0375-3889031,
国药控股国大药房河南连锁有限公司十三店,地址：河南省平顶山市卫东区矿工路东段路南78号院1号底商住宅楼,电话：0375-3893145,
国药控股国大药房河南连锁有限公司二十店,地址：河南省平顶山市卫东区建设路东段路北152医院东侧,电话：0375-3972079,
国药控股国大药房河南连锁有限公司八店,地址：河南省平顶山市卫东区黄金路西段路北第一间,电话：0375-3896185,
国药控股国大药房河南连锁有限公司二店,地址：河南省平顶山市卫东区东工人镇十二矿路东段路北,电话：0375-2705553,
国药控股国大药房河南连锁有限公司十二店,地址：河南省平顶山市卫东区矿工路东段路南与河东路交叉口往东第5、6间,电话：0375-3938561,
国药控股国大药房河南连锁有限公司十八店,地址：河南省平顶山市湛河区新华路南段路西,电话：0375-3883011,
国药控股国大药房河南连锁有限公司七店,地址：河南省平顶山市体育村建东路小区7号商店,电话：0375-3886021,
国药控股国大药房河南连锁有限公司十七店,地址：河南省平顶山市湛河区湛南路东段北苗圃住宅楼南楼东数2户,电话：0375-3672037,
国药控股国大药房河南连锁有限公司十一店,地址：河南省平顶山市湛河区东风路与新华路交叉口东300米优诗美地小区,电话：0375-3920097,
国药控股国大药房河南连锁有限公司一店,地址：河南省平顶山市卫东区光华路北侧程平路东段八矿南门东50米,电话：0375-3910261,
国药控股国大药房河南连锁有限公司六店,地址：河南省平顶山市卫东区建设路东段建东小区9号自西向东第10至12间,电话：0375-3932236,
国药控股国大药房河南连锁有限公司新特药店,地址：河南省平顶山市卫东区矿工路中段34号,电话：0375-3833207,
新乡市佐今明大药房连锁有限公司佐今明大药房三十八部,地址：河南省新乡市人民医院对面,电话：0373-6354005,
新乡市佐今明大药房连锁有限公司佐今明大药房原阳店,地址：河南省新乡市原阳县城胜利街华清温泉对面,电话：0373-7280070,
新乡市佐今明大药房连锁有限公司佐今明大药房三十七部,地址：河南省新乡市道清路与丰华路交叉口,电话：0373-2069936,
新乡市佐今明大药房连锁有限公司佐今明大药房三十部,地址：河南省新乡市凤泉区区府路94号,电话：0373-3095330,
新乡市佐今明大药房连锁有限公司佐今明大药房红旗路店,地址：河南省郑州市金水区姚寨小区对面,电话：0371-86155833,
新乡市佐今明大药房连锁有限公司佐今明大药房三十六部,地址：河南省新乡市北干道卫北市场北口东临,电话：0373-2055689,
新乡市佐今明大药房连锁有限公司佐今明大药房二十九部,地址：河南省新乡市北干道天然居烤鸭店东邻,电话：0373-3358279,
新乡市佐今明大药房连锁有限公司佐今明大药房十里铺店,地址：河南省郑州市商鼎路与十里铺交叉口,电话：0371-86632903,
新乡市佐今明大药房连锁有限公司佐今明大药房三十五部,地址：河南省新乡市第二人民医院对面,电话：0373-2716535,
新乡市佐今明大药房连锁有限公司佐今明大药房三十九部,地址：河南省新乡市红旗区劳动中街,电话：0373-3087239,
新乡市佐今明大药房连锁有限公司佐今明大药房二十八部,地址：河南省新乡市银星商务大厦1-2层,电话：0373-2027280,
新乡市佐今明大药房连锁有限公司佐今明大药房三十三部,地址：河南省新乡市卫辉县一附院对面,电话：0373-4486933,
新乡市佐今明大药房连锁有限公司佐今明大药房三十二部,地址：河南省新乡市新玛特超市负一楼,电话：0373-2055512,
新乡市佐今明大药房连锁有限公司佐今明大药房二十七部,地址：河南省新乡市百货大楼负一楼,电话：0373-2021927,
新乡市佐今明大药房连锁有限公司佐今明大药房二十六部,地址：河南省新乡市开发区21号街坊建业绿色家园3号1层6号,电话：0373-3526169,
新乡市佐今明大药房连锁有限公司佐今明大药房二十部,地址：河南省新乡市中原路218号楼1单元1层东户,电话：0373-3059931,
新乡市佐今明大药房连锁有限公司佐今明大药房二十五部,地址：河南省新乡市振中街洪福大酒店内,电话：0373-3713564,
新乡市佐今明大药房连锁有限公司佐今明大药房二十三部,地址：河南省新乡市黄岗十字路口向西,电话：0373-2679018,
新乡市佐今明大药房连锁有限公司佐今明大药房十九部,地址：河南省新乡市劳动路南路南苑小区6号楼3单元1层北户,电话：0373-5029850,
新乡市佐今明大药房连锁有限公司佐今明大药房十一部,地址：河南省新乡市牌坊街与平原路交叉口,电话：0373-3021954,
新乡市佐今明大药房连锁有限公司佐今明大药房七部,地址：河南省新乡市凤泉区市场东街5号,电话：0373-3099377,
新乡市佐今明大药房连锁有限公司佐今明大药房十八部,地址：河南省新乡市平原路二百货对面,电话：0373-2065618,
新乡市佐今明大药房连锁有限公司佐今明大药房六部,地址：河南省新乡市解放路南段十六中北,电话：0373-2853038,
新乡市佐今明大药房连锁有限公司佐今明大药房二十二部,地址：河南省新乡市八一路和幸福路交汇处小慧面馆附近,电话：0373-2629952,
新乡市佐今明大药房连锁有限公司佐今明大药房十部,地址：河南省新乡市建设路卫北市场北口西,电话：0373-3380739,
新乡市佐今明大药房连锁有限公司佐今明大药房四部,地址：河南省新乡市汽车东站十字路口西南角,电话：0373-3833220,
新乡市佐今明大药房连锁有限公司佐今明大药房十六部,地址：河南省新乡市凤泉区宝山路69号,电话：0373-3091016,
新乡市佐今明大药房连锁有限公司佐今明大药房九部,地址：河南省新乡市凤泉区市场南街建行楼下,电话：0373-3091101,
新乡市佐今明大药房连锁有限公司佐今明大药房三部,地址：河南省新乡市八一路148号,电话：0373-2610433,
新乡市佐今明大药房连锁有限公司佐今明大药房二部,地址：河南省新乡市向阳路中医院东,电话：0373-5032932,
新乡市佐今明大药房连锁有限公司佐今明大药房二十一部,地址：河南省新乡市宏力大道新华书店一楼,电话：0373-3879776,
新乡市佐今明大药房连锁有限公司佐今明大药房十三部,地址：河南省新乡市凤泉区火电场西临,电话：0373-3099113,
新乡市佐今明大药房连锁有限公司佐今明大药房一部,地址：河南省新乡市人民路中段靖业大厦一楼,电话：0373-2022054,
新乡市佐今明大药房连锁有限公司佐今明大药房八部,地址：河南省新乡市凤泉区团结路1号,电话：0373-3913808,
新乡市佐今明大药房连锁有限公司佐今明大药房十二部,地址：河南省新乡市人民路129号,电话：0373-2639256,
新乡市佐今明大药房连锁有限公司双岗西店,地址：河南省新乡市建设路二监狱对面,电话：无,
新乡市佐今明大药房连锁有限公司佐今明大药房双石桥社区店,地址：河南省新乡市首比街30号,电话：无,
河南张仲景大药房股份有限公司郑州伊河路店,地址：河南省郑州市伏牛路与伊河路交叉口,电话：0371-67693767,
河南张仲景大药房股份有限公司郑州一马路店,地址：河南省郑州市一马路82号一楼,电话：0371-87530511,
河南张仲景大药房股份有限公司郑州徐砦东路店,地址：河南省郑州市花园路与徐寨路交叉口,电话：0371-86107682,
河南张仲景大药房股份有限公司郑州徐砦店,地址：河南省郑州市金水区徐砦村19号一楼,电话：0371-65735600,
河南张仲景大药房股份有限公司郑州须水镇店,地址：河南省郑州市须水老街粮所卫生院北100米,电话：0371-86128289,
河南张仲景大药房股份有限公司郑州信息学院路店,地址：河南省郑州市信息学院路店与俭学街交叉口,电话：0371-63636233,
河南张仲景大药房股份有限公司郑州新郑路店,地址：河南省郑州市管城区新郑路143号附4号,电话：0371-66360020,
河南张仲景大药房股份有限公司郑州银河路店,地址：河南省郑州市园田路与银河路交叉口,电话：0371-67096811,
河南张仲景大药房股份有限公司郑州心怡路店,地址：河南省郑州市心怡路与盛和街交叉口,电话：0371-86186815,
河南张仲景大药房股份有限公司郑州医圣堂店,地址：河南省郑州市金水区经三路东、枣庄路北1幢1层1号,2号,3号,电话：0371-65742885,
河南张仲景大药房股份有限公司郑州西环路店,地址：河南省郑州市中原路与西环路交叉口,电话：0371-67106191,
河南张仲景大药房股份有限公司郑州文化宫路店,地址：河南省郑州市文化宫路与伊河路交叉口,电话：0371-67932261,
河南张仲景大药房股份有限公司郑州五龙口南路店,地址：河南省郑州市五龙口南路与电厂路交叉口,电话：0371-86001253,
河南张仲景大药房股份有限公司郑州未来路店,地址：河南省郑州市航海路未来路交叉口,电话：0371-55027250,
河南张仲景大药房股份有限公司郑州纬三路店,地址：河南省郑州市经六路与纬三路交叉口西南角9号,电话：0371-63818396,
河南张仲景大药房股份有限公司郑州天赋路店,地址：河南省郑州市天赋路与天瑞街交叉口路北,电话：0371-86537937,
河南张仲景大药房股份有限公司郑州梧桐街店,地址：河南省郑州市梧桐街与瑞达路交叉口,电话：0371-67996850,
河南张仲景大药房股份有限公司郑州同乐路店,地址：河南省郑州市东三街同乐路交叉口,电话：0371-86086700,
河南张仲景大药房股份有限公司郑州索凌路店,地址：河南省郑州市索凌路与北环路交叉口向北50米路西,电话：0371-63898992,
河南张仲景大药房股份有限公司郑州文兴路店,地址：河南省郑州市文兴路与鼎尚街交叉口向南200米路西,电话：0371-63895624,
河南张仲景大药房股份有限公司郑州卫生路店,地址：河南省郑州市金水区卫生路39号,电话：0371-63862217,
河南张仲景大药房股份有限公司郑州天明一路店,地址：河南省郑州市天明路与双铺路交叉口,电话：0371-86601636,
河南张仲景大药房股份有限公司郑州纬五路一店,地址：河南省郑州市金水区纬五路47号,电话：0371-65941850,
河南张仲景大药房股份有限公司郑州文化路一店,地址：河南省郑州市文化路与红专路交叉口,电话：0371-63887062,
河南张仲景大药房股份有限公司郑州天明路店,地址：河南省郑州市农业路与天明路交叉口向南100米路西,电话：0371-86172523,
河南张仲景大药房股份有限公司郑州纬四路店,地址：河南省郑州市金水区纬四路9号,电话：0371-65835120,
河南张仲景大药房股份有限公司郑州顺河路店,地址：河南省郑州市金水区东明路北17号（东明路与顺河路交叉口向北50米路东）,电话：0371-66378692,
河南张仲景大药房股份有限公司郑州文化路店,地址：河南省郑州市文化路任寨北街交叉口,电话：0371-86525992,
河南张仲景大药房股份有限公司郑州石楠路店,地址：河南省郑州市石楠路与金菊街向北300米.,电话：0371-55988250,
河南张仲景大药房股份有限公司郑州天伦路店,地址：河南省郑州市天伦路与中州大道交叉口向西100米路南,电话：0371-86612141,
河南张仲景大药房股份有限公司郑州十里铺店,地址：河南省郑州市白庄村艺术小学北30米路东南十里铺街,电话：0371-66008668,
河南张仲景大药房股份有限公司郑州沈庄店,地址：河南省郑州市金水区沈庄前街36号院2号楼1层1-3号,电话：0371-66893706,
河南张仲景大药房股份有限公司郑州邵庄一路店,地址：河南省郑州市花园北路邵庄中街东头十字路口,电话：0371-65986918,
河南张仲景大药房股份有限公司郑州尚庄店,地址：河南省郑州市中州大道与航海路交叉口,电话：0371-86021958,
河南张仲景大药房股份有限公司驻马店159店,地址：河南省驻马店市风光路与练江路交叉口,电话：0396-2977996,
河南张仲景大药房股份有限公司郑州上街中心店,地址：河南省郑州市汝南路与济源路交叉口,电话：0371-68110928,
河南张仲景大药房股份有限公司郑州商城路二店,地址：河南省郑州市紫荆山路与商城路交叉口,电话：0371-66383098,
河南张仲景大药房股份有限公司郑州上街思达店,地址：河南省郑州市许昌路与登封路交叉口,电话：0371-68922901,
河南张仲景大药房股份有限公司周口纺织路店,地址：河南省周口市纺织路35号楼,电话：0394-8239898,
河南张仲景大药房股份有限公司郑州上街登封路店,地址：河南省郑州市上街区登封路铝城公园东门正对面,电话：0371-85135980,
河南张仲景大药房股份有限公司郑州商城路店,地址：河南省郑州市商城路与紫荆山路交叉口商城路256号,电话：0371-66203696,
河南张仲景大药房股份有限公司郑州正光街店,地址：河南省郑州市东风南路正光路东150米路北,电话：0371-53301617,
河南张仲景大药房股份有限公司郑州中原万达店,地址：河南省郑州市秦岭路与中原路交叉口,电话：0371-86580670,
河南张仲景大药房股份有限公司郑州商贸路店,地址：河南省郑州市金水区商贸路236号,电话：0371-66537293,
河南张仲景大药房股份有限公司郑州商城东路店,地址：河南省郑州市商城路与凌云路交叉口,电话：0371-66927494,
河南张仲景大药房股份有限公司郑州月季街店,地址：河南省郑州市迎宾路与月季街交叉口,电话：0371-55000425,
河南张仲景大药房股份有限公司郑州政通路一店,地址：河南省郑州市政通路与京广路交叉口,电话：0371-68712199,
河南张仲景大药房股份有限公司驻马店中心店,地址：河南省驻马店市驿城区学院街6号,电话：0396-2897227,
河南张仲景大药房股份有限公司郑州汝河小区店,地址：河南省郑州市伏牛路与汝河路交叉口,电话：0371-68706607,
河南张仲景大药房股份有限公司郑州育翔路店,地址：河南省郑州市东区小夏街与育翔路交叉口,电话：0371-86057466,
河南张仲景大药房股份有限公司郑州政通路店,地址：河南省郑州市政通路与交通路交叉口南航海北街17号1号楼,电话：0371-68758650,
河南张仲景大药房股份有限公司驻马店中华路店,地址：河南省驻马店市驿城区中华路中段,电话：0396-2919536,
河南张仲景大药房股份有限公司郑州汝河路一店,地址：河南省郑州市汝河路与工人路交叉口,电话：0371-55953073,
河南张仲景大药房股份有限公司郑州玉凤路店,地址：河南省郑州市商城路与玉凤路交叉口,电话：0371-86231356,
河南张仲景大药房股份有限公司郑州郑密路店,地址：河南省郑州市郑密路与汉江路交叉口,电话：0371-67108386,
河南张仲景大药房股份有限公司驻马店雪松路店,地址：河南省驻马店市雪松路种子公司楼下,电话：0396-2628976,
河南张仲景大药房股份有限公司郑州汝河路店,地址：河南省郑州市中原区汝河路26号,电话：0371-68621673,
河南张仲景大药房股份有限公司郑州永平路店,地址：河南省郑州市郑东新区永平路与普惠路交叉口,电话：0371-86563101,
河南张仲景大药房股份有限公司郑州长江路店,地址：河南省郑州市嵩山路与长江路交叉口,电话：0371-68839329,
河南张仲景大药房股份有限公司郑州邵庄路店,地址：河南省郑州市金水区国基路办事处刘庄社区75号,电话：0371-67099570,
河南张仲景大药房股份有限公司驻马店交通路店,地址：河南省驻马店市交通路与富强路交叉口,电话：0396-2918299,
河南张仲景大药房股份有限公司郑州冉屯路店,地址：河南省郑州市冉屯路11号,电话：0371-67529203,
河南张仲景大药房股份有限公司郑州紫荆店,地址：河南省郑州市顺河路49号,电话：0371-66028526,
河南张仲景大药房股份有限公司郑州园田北路店,地址：河南省郑州市金水区北环路116号中方园小区东区35B号楼一层,电话：0371-63638797,
河南张仲景大药房股份有限公司驻马店丰泽路店,地址：河南省驻马店市文明路丰泽路交叉口,电话：0396-2612689,
河南张仲景大药房股份有限公司周口中心店,地址：河南省周口市川汇区建设路西段136号,电话：0394-8569898,
河南张仲景大药房股份有限公司郑州勤劳街店,地址：河南省郑州市陇海路与勤劳街交叉口,电话：0371-86016260,
河南张仲景大药房股份有限公司郑州映月路店,地址：河南省郑州市航海东路与未来路交叉口,电话：0371-60315105,
河南张仲景大药房股份有限公司周口五一路店,地址：河南省周口五一路南段,电话：0394-8369898,
河南张仲景大药房股份有限公司郑州紫东路店,地址：河南省郑州市紫辰路与紫东路交叉口,电话：0371-67598562,
河南张仲景大药房股份有限公司郑州中心店,地址：河南省郑州市金水区同乐路168号,电话：0371-63835107,
河南张仲景大药房股份有限公司郑州朱屯路店,地址：河南省郑州市桐柏路与冉屯路交叉口,电话：0371-67521730,
河南张仲景大药房股份有限公司郑州秦岭路一店,地址：河南省郑州市秦岭路电厂路交叉口,电话：0371-86235283,
河南张仲景大药房股份有限公司郑州秦岭路店,地址：河南省郑州市棉纺路秦岭路交叉口,电话：0371-67797028,
河南张仲景大药房股份有限公司郑州前进路店,地址：河南省郑州市中原区前进路25号院2号楼一层1号房,电话：0371-67630789,
河南张仲景大药房股份有限公司郑州普庆路店,地址：河南省郑州市丰庆路与庙里后街交叉口,电话：0371-63662917,
河南张仲景大药房股份有限公司郑州莆田正街店,地址：河南省郑州市圃田乡政府向东200米路南,电话：0371-65661721,
河南张仲景大药房股份有限公司郑州莆田乡店,地址：河南省郑州市圃田卫生院东100米路北,电话：0371-69150838,
河南张仲景大药房股份有限公司郑州南大街店,地址：河南省郑州市城南路与南大街交叉口,电话：0371-66286908,
河南张仲景大药房股份有限公司郑州欧丽路店,地址：河南省郑州市中原区欧丽路东天下路南5号楼2单元1—2层商1号房,电话：0371-68622221,
河南张仲景大药房股份有限公司郑州农业南路店,地址：河南省郑州市农业南路与万通街交叉口,电话：0371-63285398,
河南张仲景大药房股份有限公司郑州南阳路一店,地址：河南省郑州市农业路与南阳路交叉口,电话：0371-63601809,
河南张仲景大药房股份有限公司郑州南阳路二店,地址：河南省郑州市南阳路与兴隆铺路交叉口,电话：0371-86559616,
河南张仲景大药房股份有限公司郑州南阳路店,地址：河南省郑州市南阳路9号,电话：0371-63963768,
河南张仲景大药房股份有限公司郑州宏昌街店,地址：河南省郑州市东区 十里铺与商都路交叉口,电话：0371-86057987,
河南张仲景大药房股份有限公司郑州红专路一店,地址：河南省郑州市红专路与花园路交叉口,电话：0371-86610746,
河南张仲景大药房股份有限公司郑州互助路店,地址：河南省郑州市工人路与中原路,电话：0371-67718779,
河南张仲景大药房股份有限公司南阳西峡店,地址：河南省南阳市白羽路农业银行南50米,电话：0377-69660122,
河南张仲景大药房股份有限公司郑州红专路店,地址：河南省郑州市红专路63号附1号华荣商务大厦壹层,电话：0371-65655716,
河南张仲景大药房股份有限公司郑州红旗路店,地址：河南省郑州市红旗路黄河北街交叉口,电话：0371-63863970,
河南张仲景大药房股份有限公司平顶山西苑小区店,地址：河南省平顶山市湛河区叶刘村开发1号楼底商第4间,电话：0375-4931133,
河南张仲景大药房股份有限公司平顶山五彩小区店,地址：河南省平顶山市五彩小区内,电话：0375-3661717,
河南张仲景大药房股份有限公司平顶山胜利路店,地址：河南省平顶山市胜利街与体育路交叉口,电话：0375-3661133,
河南张仲景大药房股份有限公司南阳仲景路一店,地址：河南省南阳市宛城区仲景路与天山路交叉口天景宾馆楼下,电话：0377-61536279,
河南张仲景大药房股份有限公司郑州航海东路店,地址：河南省郑州市航海东路69号,电话：0371-66830637,
河南张仲景大药房股份有限公司南阳中心店,地址：河南省南阳市工业南路与红庙路交叉口,电话：0377-61623039,
河南张仲景大药房股份有限公司信阳明港店,地址：河南省信阳市明港农工路与建设路交叉口,电话：0376-8697386,
河南张仲景大药房股份有限公司郑州河医店,地址：河南省郑州市棉纺东路与金水路交叉口,电话：0371-86032679,
河南张仲景大药房股份有限公司郑州国基路店,地址：河南省郑州市国基路与花园路交叉口,电话：0371-69096055,
河南张仲景大药房股份有限公司信阳八一路店,地址：河南省信阳市八一路商业步行街,电话：0376-6260703,
河南张仲景大药房股份有限公司平顶山五一路店,地址：河南省平顶山市卫东区五一路西段北开源雅居,电话：0375-2931133,
河南张仲景大药房股份有限公司郑州古荥店,地址：河南省郑州市大河路与古须路交叉口,电话：0371-63797699,
河南张仲景大药房股份有限公司长垣中心店,地址：河南省新乡市长垣县宏力医院南200米路西欧洲小镇一期大门口,电话：0373-8107130,
河南张仲景大药房股份有限公司新乡中心店,地址：河南省新乡市宏力大道与胜利路交叉口,电话：0373-2029880,
河南张仲景大药房股份有限公司郑州巩义中心店,地址：河南省郑州市通桥路与孝义路交叉口金鑫果品市场一楼,电话：0371-85601908,
河南张仲景大药房股份有限公司长垣县前街店,地址：河南省新乡市长垣县前街老电影院南30米路西,电话：0373-8841050,
河南张仲景大药房股份有限公司郑州工人路店,地址：河南省郑州市中原区五厂四街49号一层,电话：0371-67956331,
河南张仲景大药房股份有限公司郑州工人南路店,地址：河南省郑州市工人路与航海路交叉口,电话：0371-68758654,
河南张仲景大药房股份有限公司南阳长江路店,地址：河南省南阳市长江路与伏牛路交叉口,电话：0377-63116008,
河南张仲景大药房股份有限公司郑州合欢街店,地址：河南省郑州市合欢街与秦庄交叉口,电话：0371-67982779,
河南张仲景大药房股份有限公司郑州行云路店,地址：河南省郑州市长江路行云路交叉口,电话：0371-86595661,
河南张仲景大药房股份有限公司平顶山矿工路店,地址：河南省平顶山市矿工路平安28号院11号楼1楼,电话：0375-2811133,
河南张仲景大药房股份有限公司信阳政和花园店,地址：河南省信阳市羊山新区新五大街政和花园A区17号楼,电话：0376-6516951,
河南张仲景大药房股份有限公司镇平中心店,地址：河南省南阳市镇平县健康路中段健康小区南,电话：0377-65926922,
河南张仲景大药房股份有限公司信阳青龙街店,地址：河南省信阳市前进办事处联运路41号,电话：0376-6516948,
河南张仲景大药房股份有限公司新乡文化路店,地址：河南省新乡市文化路营住楼1-2层北四门面,电话：0373-2065069,
河南张仲景大药房股份有限公司镇平健康路店,地址：河南省南阳市镇平县健康路与中山街交叉口东北角,电话：0377-65926933,
河南张仲景大药房股份有限公司信阳中心店,地址：河南省信阳市东方红大道与民权路口东方红大道32号,电话：0376-6233871,
河南张仲景大药房股份有限公司南阳枣林店,地址：河南省南阳市长江路理工学院二村,电话：0377-61690398,
河南张仲景大药房股份有限公司信阳五里墩店,地址：河南省信阳市解放路店与胜利路交叉口,电话：0376-6259236,
河南张仲景大药房股份有限公司信阳北京路店,地址：河南省信阳市北京路（金杯花园59号楼门面房）,电话：0376-6262050,
河南张仲景大药房股份有限公司郑州电厂西路店,地址：河南省郑州市中原区电厂路与北环路交叉口,电话：0371-55919572,
河南张仲景大药房股份有限公司新乡劳动路店,地址：河南省新乡市劳动路113号3号楼1楼,电话：0373-3069868,
河南张仲景大药房股份有限公司新乡凤泉路店,地址：河南省新乡市凤泉区大商新玛特生活广场二楼,电话：0373-3918003,
河南张仲景大药房股份有限公司郑州伏牛路店,地址：河南省郑州市伏牛路与中原路交叉口,电话：0371-67636093,
河南张仲景大药房股份有限公司商丘新建路店,地址：河南省商丘市新建路与团结路交叉口,电话：0370-2239160,
河南张仲景大药房股份有限公司邓州财富名家店,地址：河南省南阳市邓州市新华路与北京大道交叉口,电话：0377-66060866,
河南张仲景大药房股份有限公司商丘胜利路店,地址：河南省商丘市中州路与胜利路交叉口东北角,电话：0370-2688339,
河南张仲景大药房股份有限公司郑州第六大街店,地址：河南省郑州市经济开发区第六大街与经南二路交叉口,电话：0371-62005660,
河南张仲景大药房股份有限公司南阳医圣祠店,地址：河南省南阳市医圣祠院内,电话：0377-61171330,
河南张仲景大药房股份有限公司郑州凤凰路店,地址：河南省郑州市货栈北街与凤凰路交叉口,电话：0371-66307996,
河南张仲景大药房股份有限公司南阳西峡老街店,地址：河南省南阳市西峡县城关镇南大街127号,电话：0377-69667012,
河南张仲景大药房股份有限公司郑州第一大街店,地址：河南省郑州市经开区第一大街与经北五交叉口 ,电话：0371-55002160,
河南张仲景大药房股份有限公司漯河五一路店,地址：河南省漯河市五一路与湘江交叉口,电话：0395-2117766,
河南张仲景大药房股份有限公司郑州丰庆中路店,地址：河南省郑州市丰庆路与三全路交叉口,电话：0371-60928079,
河南张仲景大药房股份有限公司郑州大石桥店,地址：河南省郑州市南阳路与石桥东里交叉口,电话：0371-86180226,
河南张仲景大药房股份有限公司南阳西峡土门店,地址：河南省南阳市西峡县仲景大道新汽车站西100米,电话：0377-69660012,
河南张仲景大药房股份有限公司南阳新华东路店,地址：河南省南阳市新华东路194号,电话：0377-66087698,
河南张仲景大药房股份有限公司郑州冯庄店,地址：河南省郑州市航海路与冯庄路交叉口,电话：0371-86057618,
河南张仲景大药房股份有限公司新乡和平路店,地址：河南省新乡和平大道北112号,电话：0373-3381696,
河南张仲景大药房股份有限公司新乡八一路店,地址：河南省新乡市西干道256号\/新乡市卫滨区西干道与八一路交叉口,电话：0373-2623619,
河南张仲景大药房股份有限公司漯河旗舰店,地址：河南省漯河市召陵区人民东路98号,电话：0395-2606677,
河南张仲景大药房股份有限公司邓州中心店,地址：河南省南阳市邓州市团结西路与交通路交叉口,电话：0377-62186212,
河南张仲景大药房股份有限公司漯河钟楼广场店,地址：河南省漯河市郾城区井冈山路614号,电话：0395-3156677,
河南张仲景大药房股份有限公司漯河医圣堂店,地址：河南省漯河市交通路与湘江路交叉口,电话：0395-2337766,
河南张仲景大药房股份有限公司郑州大学南路店,地址：河南省郑州市大学路与长江路交叉口,电话：0371-68789102,
河南张仲景大药房股份有限公司郑州丰庆路一店,地址：河南省郑州市琉璃寺新村西门向北300米,电话：0371-86664669,
河南张仲景大药房股份有限公司商丘文化路店,地址：河南省商丘市文化路与长征路交叉口军地公寓7-10间,电话：0370-2557057,
河南张仲景大药房股份有限公司商丘民主路店,地址：河南省商丘市民主路水务公司楼下,电话：0370-2216390,
河南张仲景大药房股份有限公司郑州城东路店,地址：河南省郑州市城东路与金城街向北,电话：0371-66829809,
河南张仲景大药房股份有限公司漯河友爱街店,地址：河南省漯河市友爱街友爱家园对面,电话：0395-2176677,
河南张仲景大药房股份有限公司郑州代庄街店,地址：河南省郑州市长江路与代庄街交叉口,电话：0371-68697019,
河南张仲景大药房股份有限公司漯河太行山路店,地址：河南省漯河市太行山路与黄河西路交叉口,电话：0395-2536677,
河南张仲景大药房股份有限公司郑州大石桥一店,地址：河南省郑州市金水路与南阳路交叉口,电话：0371-86631636,
河南张仲景大药房股份有限公司漯河海河路店,地址：河南省漯河市海河路与泰山路交叉口,电话：0395-3116677,
河南张仲景大药房股份有限公司漯河人民路东店,地址：河南省漯河市人民东路与银鸽大道交叉口,电话：0395-2526677,
河南张仲景大药房股份有限公司郑州城北路店,地址：河南省郑州市城北路与城东路交叉口,电话：0371-66379386,
河南张仲景大药房股份有限公司洛阳珠江南路店,地址：河南省洛阳珠江南路与丽春交叉口,电话：0379-64382913,
河南张仲景大药房股份有限公司三门峡经二路店,地址：河南省三门峡市湖滨区建设路北二街坊,电话：0398-2852236,
河南张仲景大药房股份有限公司洛阳中州西路店,地址：河南省洛阳市河南省洛阳市中州西路与建设路交叉口,电话：0379-60689221,
河南张仲景大药房股份有限公司郑州丰庆路店,地址：河南省郑州市北环路与丰庆路交叉口,电话：0371-63665825,
河南张仲景大药房股份有限公司郑州陈砦店,地址：河南省郑州市北环和中方园路交叉口,电话：0371-63798858,
河南张仲景大药房股份有限公司郑州南曹店,地址：河南省郑州市郑尉路向南南曹乡老卫生院附近,电话：0371-66713712,
河南张仲景大药房股份有限公司三门峡中心店,地址：河南省三门峡市建设路与陕源路交叉口,电话：0398-2869858,
河南张仲景大药房股份有限公司濮阳中心店,地址：河南省濮阳市大庆路与黄河路交叉口,电话：0393-8955761,
河南张仲景大药房股份有限公司郑州庙李村店,地址：河南省郑州市索凌路与庙李中街交叉口,电话：0371-63559096,
河南张仲景大药房股份有限公司郑州百福街店,地址：河南省郑州市宏图街与百福街交叉口,电话：0371-68092909,
河南张仲景大药房股份有限公司郑州陈砦一店,地址：河南省郑州市陈寨南二街中心市场,电话：0371-63798885,
河南张仲景大药房股份有限公司濮阳黄河路店,地址：河南省濮阳市京开大道与黄河路交汇处,电话：0393-8063933,
河南张仲景大药房股份有限公司郑州煤仓北街店,地址：河南省郑州市煤仓北街与董砦大街交叉口,电话：0371-86008938,
河南张仲景大药房股份有限公司南阳西峡财富世家店,地址：河南省南阳市西峡县世纪大道与白羽路交叉口,电话：0377-69866122,
河南张仲景大药房股份有限公司郑州南曹一店,地址：河南省郑州市管城回族区南曹乡政府大门东100米路南,电话：0371-66803328,
河南张仲景大药房股份有限公司南阳卧龙路店,地址：河南省南阳市卧龙路农校斜对面,电话：0377-61380705,
河南张仲景大药房股份有限公司南阳天山路店,地址：河南省南阳市范蠡路566号,电话：0377-63316252,
河南张仲景大药房股份有限公司濮阳五一路店,地址：河南省濮阳市五一路与玉门路交叉口,电话：0393-8995692,
河南张仲景大药房股份有限公司郑州丰乐路店,地址：河南省郑州市金水区丰乐路93号,电话：0371-60177339,
河南张仲景大药房股份有限公司郑州材料厂店,地址：河南省郑州市材料厂住宅小区3号住宅楼D户,电话：0371-67051593,
河南张仲景大药房股份有限公司郑州经一路店,地址：河南省郑州市经一路与红专路交叉口,电话：0371-86509754,
河南张仲景大药房股份有限公司郑州丰产路店,地址：河南省郑州市花园路与丰产路交叉口,电话：0371-86506536,
河南张仲景大药房股份有限公司郑州老代庄店,地址：河南省郑州市航海中路老代庄西街2号 ,电话：0371-68711066,
河南张仲景大药房股份有限公司郑州棉纺路店,地址：河南省郑州市棉纺路桐柏路交叉口,电话：0371-67955987,
河南张仲景大药房股份有限公司郑州白庙路店,地址：河南省郑州市文化路65号,电话：0371-63636768,
河南张仲景大药房股份有限公司郑州常青路店,地址：河南省郑州市常青路北段新村路北侧一层,电话：0371-68222532,
河南张仲景大药房股份有限公司濮阳医圣堂店,地址：河南省濮阳市任丘路与玉门路交叉口,电话：0393-6617585,
河南张仲景大药房股份有限公司郑州二七万达店,地址：河南省郑州市大学路航海路,电话：0371-86550583,
河南张仲景大药房股份有限公司濮阳京开大道店,地址：河南省濮阳市人民路（2号路）与京开路交叉口,电话：0393-8112292,
河南张仲景大药房股份有限公司平顶山总机厂路店,地址：河南省平顶山市矿工东路11号院,电话：0375-3951133,
河南张仲景大药房股份有限公司郑州康平路店,地址：河南省郑州市康平路与福禄路交叉口,电话：0371-86601508,
河南张仲景大药房股份有限公司郑州经五路店,地址：河南省郑州市经五路与纬五路交叉口,电话：0371-86562930,
河南张仲景大药房股份有限公司洛阳中心店,地址：河南省洛阳市老城区中州东路南正义街口东侧,电话：0379-63988386,
河南张仲景大药房股份有限公司开封西郊商场店,地址：河南省开封市黄河大街中段25中北50米,电话：0371-23858807,
河南张仲景大药房股份有限公司郑州经北二路店,地址：河南省郑州市经北二路与一大街理想城南门,电话：0371-86258591,
河南张仲景大药房股份有限公司郑州京广路店,地址：河南省郑州市京广路与航海路交叉路口,电话：0371-86080120,
河南张仲景大药房股份有限公司郑州祭城店,地址：河南省郑州市祭城心怡路畅和街,电话：0371-55030960,
河南张仲景大药房股份有限公司平顶山中心店,地址：河南省平顶山市卫东区东安路与矿工路交叉口,电话：0375-3961133,
河南张仲景大药房股份有限公司平顶山优越路店,地址：河南省平顶山市优越路与康复街交叉口,电话：0375-3831717,
河南张仲景大药房股份有限公司郑州经八路店,地址：河南省郑州经八路与纬三路交叉口,电话：0371-63829916,
河南张仲景大药房股份有限公司南阳桃花岛店,地址：河南省南阳市伏牛路8号桃花岛,电话：0377-63119677,
河南张仲景大药房股份有限公司郑州八一西路店,地址：河南省郑州市北环路与经三路交叉口,电话：0371-55687265,
河南张仲景大药房股份有限公司开封解放大道南店,地址：河南省开封市新门关街256号,电话：0371-23995000,
河南张仲景大药房股份有限公司郑州二马路店,地址：河南省郑州市二七区二马路51号,电话：0371-66958124,
河南张仲景大药房股份有限公司洛阳唐宫路店,地址：河南省洛阳市丹城路一号,电话：0379-63207593,
河南张仲景大药房股份有限公司洛阳南昌路店,地址：河南省洛阳市南昌路西苑公园,电话：0379-64861652,
河南张仲景大药房股份有限公司洛阳陇北一路店,地址：河南省洛阳市涧西区9号街坊1栋4号5号,电话：0379-64218523,
河南张仲景大药房股份有限公司洛阳西苑路店,地址：河南省洛阳涧西区西苑路39号,电话：0379-64901969,
河南张仲景大药房股份有限公司郑州黄河一路店,地址：河南省郑州市人民医院,电话：0371-63837926,
河南张仲景大药房股份有限公司郑州二环店,地址：河南省郑州市金水区二环支路11号,电话：0371-63958555,
河南张仲景大药房股份有限公司洛阳启明南路店,地址：河南省洛阳市启明南路正骨医院南150米路东,电话：0379-63519707,
河南张仲景大药房股份有限公司开封旗舰店,地址：河南省开封市金明区黄河路北段建业大宏城市花园11号楼,电话：0371-23790669,
河南张仲景大药房股份有限公司开封劳动路店,地址：河南省开封市劳动路南段22号,电话：0371-23919000,
河南张仲景大药房股份有限公司郑州铭功路店,地址：河南省郑州市铭功路西西陈庄前街南108号,电话：0371-86061037,
河南张仲景大药房股份有限公司郑州江山路一店,地址：河南省郑州市三全路与江山路交叉口,电话：0371-63980227,
河南张仲景大药房股份有限公司郑州货栈街店,地址：河南省郑州市货栈街与城东路交叉口,电话：0371-66360100,
河南张仲景大药房股份有限公司平顶山湛南路店,地址：河南省平顶山市湛南路东段燃气总公司基地北侧,电话：0375-3887777,
河南张仲景大药房股份有限公司荥阳广武镇店,地址：河南省郑州市荥阳市广武镇中山路26、27号,电话：0371-64812262,
河南张仲景大药房股份有限公司洛阳纱厂南路店,地址：河南省洛阳市西工区纱厂南路九号院白马之窗商务楼,电话：0379-63268058,
河南张仲景大药房股份有限公司南阳师院店,地址：河南省南阳师院西区向西200米路北,电话：0377-63517068,
河南张仲景大药房股份有限公司郑州黄河路店,地址：河南省郑州市黄河路沙口路交叉口,电话：0371-63958536,
河南张仲景大药房股份有限公司开封东苑店,地址：河南省开封东苑小区北门口,电话：0371-22660601,
河南张仲景大药房股份有限公司开封农机岗店,地址：河南省开封市顺河区滨河路东段逸景园1号楼,电话：0371-23252528,
河南张仲景大药房股份有限公司荥阳康泰路店,地址：河南省郑州市荥阳市工业南路与康泰西路交叉口,电话：0371-64622990,
河南张仲景大药房股份有限公司南阳七一路店,地址：河南省南阳市七一路975号,电话：0377-63195696,
河南张仲景大药房股份有限公司洛阳联盟路店,地址：河南省洛阳联盟路与江西路交叉口,电话：0379-64871396,
河南张仲景大药房股份有限公司郑州棉纺东路店,地址：河南省郑州市棉纺东路鑫苑国际城市花园40号楼32号商铺,电话：0371-86036975,
河南张仲景大药房股份有限公司开封大梁门店,地址：河南省开封市金明区西环路北段银地商务广场一楼南邻,电话：0371-23235690,
河南张仲景大药房股份有限公司开封汴京桥店,地址：河南省开封市内环路东路中段78号,电话：0371-25971110,
河南张仲景大药房股份有限公司开封白衣阁店,地址：河南省开封市顺河区白衣阁街30号,电话：0371-22866997,
河南张仲景大药房股份有限公司洛阳积翠路店,地址：河南省洛阳市涧西区积翠路温馨公寓底层众志超市内,电话：0379-64190302,
河南张仲景大药房股份有限公司荥阳大海寺路店,地址：河南省郑州市荥阳市大海寺路与万山路交叉口,电话：0371-64665990,
河南张仲景大药房股份有限公司焦作中心店,地址：河南省焦作市和平西街与新华街交叉口,电话：0391-2038881,
河南张仲景大药房股份有限公司洛阳涧东路店,地址：河南省洛阳市西工区涧东路1号,电话：0379-63335656,
河南张仲景大药房股份有限公司郑州江山路店,地址：河南省郑州市江山路与老鸦陈村南一街交叉口,电话：0371-63980130,
河南张仲景大药房股份有限公司荥阳成皋路店,地址：河南省郑州市荥阳市成皋路与演武路交叉口,电话：0371-64682990,
河南张仲景大药房股份有限公司洛阳春都路店,地址：河南省洛阳市老城区春都路苗南菜市场南门东侧,电话：0379-65152333,
河南张仲景大药房股份有限公司郑州马寨店,地址：河南省郑州市同兴街与西四环交叉口,电话：0371-67860500,
河南张仲景大药房股份有限公司南阳明山路店,地址：河南省南阳市光武路和明山路交叉口,电话：0377-61535197,
河南张仲景大药房股份有限公司郑州经七路店,地址：河南省郑州市金水区经七路5号家属楼一层,电话：0371-63813889,
河南张仲景大药房股份有限公司郑州马寨一店,地址：河南省郑州市二七区马寨同兴街55号,电话：0371-86022336,
河南张仲景大药房股份有限公司郑州康复店,地址：河南省郑州市康复前街25号2号楼一层,电话：0371-66998817,
河南张仲景大药房股份有限公司郑州东明中路店,地址：河南省郑州市金水区东明路52号,电话：0371-65923721,
河南张仲景大药房股份有限公司焦作万方桥店,地址：河南省焦作市塔南路集资楼10号,电话：0391-2038882,
河南张仲景大药房股份有限公司郑州黄家门店,地址：河南省郑州市管城区豫丰街九号院豫丰社区一楼,电话：0371-66918947,
河南张仲景大药房股份有限公司郑州东明南路店,地址：河南省郑州东明路30号,电话：0371-66360456,
河南张仲景大药房股份有限公司洛阳鸿都路店,地址：河南省洛阳市高新区创业路与鸿都路交叉口,电话：0379-69935029,
河南张仲景大药房股份有限公司洛阳谷水店,地址：河南省洛阳市涧西区建设路谷西村1号楼东1-4号门面房,电话：0379-64557040,
河南张仲景大药房股份有限公司登封少室路店,地址：河南省郑州市登封市崇高路与少室路交叉口,电话：0371-60160371,
河南张仲景大药房股份有限公司南阳内乡中心店,地址：河南省南阳市内乡县郦都大道与菊潭大街交汇处,电话：0377-65355778,
河南张仲景大药房股份有限公司郑州柳林镇店,地址：河南省郑州市柳林村43号 南大街与东二街交叉口,电话：0371-86087651,
河南张仲景大药房股份有限公司港区郑港六路店,地址：河南省郑州市航空港区郑港六路豫康新城27号楼,电话：无,
河南张仲景大药房股份有限公司焦作万方桥北店,地址：河南省焦作市塔南路峰华花园4号,电话：0391-2038883,
河南张仲景大药房股份有限公司新郑中心店,地址：河南省郑州市新郑市新建路与人民路交叉口,电话：0371-69909993,
河南张仲景大药房股份有限公司焦作中州店,地址：河南省焦作市中州菜市场,电话：0391-2580058,
河南张仲景大药房股份有限公司焦作月季店,地址：河南省焦作市卫校西街月季市场院内,电话：0391-2605859,
河南张仲景大药房股份有限公司南阳两相路店,地址：河南省南阳市人民路与两相路交叉口,电话：0377-61171259,
河南张仲景大药房股份有限公司郑州淮河西路店,地址：河南省郑州市淮河路与华山路交叉口,电话：0371-68621980,
河南张仲景大药房股份有限公司洛阳瀍河桥店,地址：河南省洛阳市瀍河区中州东路瀍河桥东南侧东城水郡A2-102,电话：0379-63519717,
河南张仲景大药房股份有限公司焦作太行路店,地址：河南省焦作市塔南路与和平街交叉口,电话：0391-2972388,
河南张仲景大药房股份有限公司开封中心店,地址：河南省开封市迎宾路89号,电话：0371-23960666,
河南张仲景大药房股份有限公司郑州东明北路店,地址：河南省郑州市金水区东明北路205号,电话：0371-65743256,
河南张仲景大药房股份有限公司郑州淮河东路店,地址：河南省郑州市淮河路与交通路交叉口,电话：0371-68891876,
河南张仲景大药房股份有限公司鹤壁长风路店,地址：河南省鹤壁市长风路与建设街交叉口,电话：0392-2629329,
河南张仲景大药房股份有限公司焦作焦南店,地址：河南省焦作市民主南路43号\/民主路与站前路交叉口,电话：0391-2038884,
河南张仲景大药房股份有限公司安阳中心店,地址：河南省安阳市人民大道与清流街交叉口北100米路西,电话：0372-2239391,
河南张仲景大药房股份有限公司开封迎宾路店,地址：河南省开封市迎宾路14号,电话：0371-23395020,
河南张仲景大药房股份有限公司开封徐府街店,地址：河南省开封市徐府街84号,电话：0371-23998800,
河南张仲景大药房股份有限公司安阳文明大道店,地址：河南省安阳市文明大道和平原路交叉口,电话：0372-2135365,
河南张仲景大药房股份有限公司洛阳北大街店,地址：河南省洛阳市老城区北大街丹尼斯南门旁边 ,电话：0379-65812165,
河南张仲景大药房股份有限公司郑州东大街店,地址：河南省郑州市紫荆山路与东大街交叉口,电话：0371-66360357,
河南张仲景大药房股份有限公司郑州东风路店,地址：河南省郑州市金水区东风路40号一层,电话：0371-63360566,
河南张仲景大药房股份有限公司许昌中心店,地址：河南省许昌市湖滨路100号,电话：0374-2660075,
河南张仲景大药房股份有限公司许昌劳动路店,地址：河南省许昌市劳动路与八一路交叉口,电话：0374-4391009,
河南张仲景大药房股份有限公司登封少林路店,地址：河南省郑州市登封市市少林大道与菜园路交叉口,电话：0371-62864090,
河南张仲景大药房股份有限公司鹤壁新世纪广场店,地址：河南省鹤壁市淇滨区市公安局东,电话：0392-2787329,
河南张仲景大药房股份有限公司许昌文峰路店,地址：河南省许昌市文峰路与中房大街交叉口,电话：0374-2611223,
河南张仲景大药房股份有限公司郑州淮北街店,地址：河南省郑州市淮北街和民安路交叉口,电话：0371-68987687,
河南张仲景大药房股份有限公司安阳文源路店,地址：河南省安阳市文源路文源绿岛小区1号楼,电话：0372-3180166,
河南张仲景大药房股份有限公司安阳人民大道店,地址：河南省安阳市人民大道与清流街交叉口南100米,电话：0372-2239390,
河南张仲景大药房股份有限公司南阳建设路店,地址：河南省南阳市建设路与文化路交叉口,电话：0377-63239679,
河南张仲景大药房股份有限公司南阳华山路店,地址：河南省南阳市华山路与兴隆路交叉口方圆大厦一楼,电话：0377-61690095,
河南张仲景大药房股份有限公司安阳紫薇大道店,地址：河南省安阳市紫薇大道与平原路交叉口,电话：0372-2135308,
河南张仲景大药房股份有限公司南阳北京大道店,地址：河南省南阳市北京大道与中州路交汇处,电话：0377-61521161,
河南张仲景大药房股份有限公司许昌解放路店,地址：河南省许昌市解放路与许由路交叉口,电话：0374-3261880,
河南张仲景大药房股份有限公司南阳滨河路店,地址：河南省南阳市滨河路万家园楼下,电话：0377-63898318,
河南张仲景大药房股份有限公司许昌南大街店,地址：河南省许昌市南大街与北九曲街交叉口,电话：0374-2183228,
河南张仲景大药房股份有限公司郑州华山路店,地址：河南省郑州市华山路101号,电话：0371-67631571,
河南张仲景大药房股份有限公司安阳东工路店,地址：河南省安阳德隆街与东工路交叉口向南50米路西,电话：0372-3658395,
河南张仲景大药房股份有限公司许昌工农路店,地址：河南省许昌市魏都区工农路与新兴路交叉口西南角,电话：0374-3133259,
河南张仲景大药房股份有限公司南阳百里奚路店,地址：河南省南阳市百里奚路99号,电话：0377-63555217,
河南张仲景大药房股份有限公司安阳灯塔西路店,地址：河南省安阳市北关区灯塔路与红旗路,电话：0372-5903727,
河南张仲景大药房股份有限公司安阳灯塔路东店,地址：河南省安阳市灯塔路与曙光路交叉口,电话：0372-2230306,
河南张仲景大药房股份有限公司安阳灯塔路店,地址：河南省安阳市灯塔路70号,电话：0372-5082508,
河南张仲景大药房股份有限公司安阳柏庄店,地址：河南省安阳市107国道鸡毛上天商务会所楼,电话：0372-2616006,
新乡市爱森大药房二十五部,地址：河南省新乡市凤泉区大块镇块村营村,电话：无,
新乡市爱森大药房二十二部,地址：河南省新乡市延津县榆林乡沙门村,电话：0373-7722068,
新乡市爱森大药房十四部,地址：河南省新乡市凤泉区大块镇大块村卫生院东临,电话：0373-5413378,
新乡市爱森大药房二十四部,地址：河南省新乡市新乡县翟坡镇十字西北角,电话：0373-5631161,
新乡市爱森大药房二十部,地址：河南省新乡市文化路南头水厂对过,电话：0373-3800712,
新乡市爱森大药房十八部,地址：河南省新乡市茹岗建设路107号,电话：0373-3369188,
新乡市爱森大药房二十三部,地址：河南省新乡市胜利路369号梦萦小区,电话：0373-5041096,
新乡市爱森大药房十一部,地址：河南省新乡市化工路东段港立1号楼一层,电话：0373-2135578,
新乡市爱森大药房十三部,地址：河南省新乡市大学城北市场006号,电话：无,
新乡市爱森大药房十部,地址：河南省新乡市东风路牧北小区2号楼,电话：0373-2161959,
新乡市爱森大药房十六部,地址：河南省新乡市化工路21号东10号,电话：0373-5029007,
新乡市爱森大药房七部,地址：河南省新乡市新长公路古固段路南9号,电话：0373-5753556,
新乡市爱森大药房二十一部,地址：河南省新乡县小吉镇冀中路东段路北,电话：0373-5581909,
新乡市爱森大药房八部,地址：河南省新乡市新建街银星营住楼5号营业房,电话：0373-2098281,
新乡市爱森大药房十五部,地址：河南省新乡市新乡县七里营镇刘店村南头,电话：0373-5682986,
新乡市爱森大药房十九部,地址：河南省新乡市21号街坊博筑正阳花园3号楼2单元,电话：0373-3515120,
新乡市爱森大药房六部,地址：河南省新乡市南干道68号一中对过,电话：0373-2036858,
新乡市爱森大药房三部,地址：河南省新乡市荣校路195号，22所大门口,电话：0373-3712100,
新乡市爱森大药房四部,地址：河南省新乡市建设路134厂家属院楼57号楼7号,电话：0373-5801376,
新乡市爱森大药房一部,地址：河南省新乡市五一路与劳动路交叉口,电话：0373-5801371,
郑州市二七区亚细亚大药房,地址： 河南省郑州市二七区德化街46号,电话：0371-56707095,
洛阳世纪本草大药房连锁有限责任公司嵩县北店街店,地址： 河南省洛阳市西工区嵩州西路,电话：400-6621-398,
洛阳世纪本草大药房连锁有限责任公司新安老城西关店,地址：河南省洛阳市老城转角楼,电话：400-6621-398,
洛阳世纪本草大药房连锁有限责任公司嵩县建设路店,地址：河南洛阳市涧西区建设路与广源街交叉口,电话：400-6621-398,
洛阳世纪本草大药房连锁有限责任公司新安十字街店,地址：河南省洛阳市老城十字街,电话：400-6621-398,
洛阳世纪本草大药房连锁有限责任公司栾川七里坪店,地址：河南省洛阳市栾川县七里坪,电话：400-6621-398,
洛阳世纪本草大药房连锁有限责任公司小李村店,地址：河南省洛阳市廛河区小李村沐春路,电话：400-6621-398,
洛阳世纪本草大药房连锁有限责任公司栾川南大街店,地址：河南省洛阳市栾川县南大街与耕辛路交叉口 ,电话：400-6621-398,
洛阳世纪本草大药房连锁有限责任公司英才路店,地址：河南省洛阳市洛龙区半岛明珠,电话：400-6621-398,
洛阳世纪本草大药房连锁有限责任公司洛宁中心店,地址：河南省洛阳市洛宁县翔悟路与兴宁路交叉口,电话：400-6621-398,
洛阳世纪本草大药房（连锁）有限责任公司洛宁西花坛店,地址：河南省洛阳市洛宁县长虹北路,电话：400-6621-398,
洛阳世纪本草大药房连锁有限责任公司安乐店,地址：河南省洛阳市洛龙区安乐镇东岗与栖霞宫中段,电话：400-6621-398,
洛阳世纪本草大药房连锁有限责任公司洛宁洛浦西路店,地址：河南省洛阳市涧西区洛浦西路,电话：400-6621-398,
洛阳世纪本草大药房连锁有限责任公司洛龙店,地址：河南省洛阳市洛龙区隋唐城路龙门大道,电话：400-6621-398,
洛阳世纪本草大药房连锁有限责任公司伊川店,地址：河南省洛阳市西工区人民东路新纪元东花园底商,电话：400-6621-398,
洛阳世纪本草大药房连锁有限责任公司老城店,地址：河南省洛阳市老城区南大街八角楼,电话：400-6621-398,
洛阳世纪本草大药房连锁有限责任公司汝阳店,地址：河南省洛阳市汝阳县人民路新凤山购物广场,电话：400-6621-398,
洛阳世纪本草大药房连锁有限责任公司上阳店,地址：河南省洛阳市西工区上阳路豪仕嘉园,电话：400-6621-398,
洛阳世纪本草大药房连锁有限责任公司宜阳北城店,地址：河南省洛阳市宜阳县锦屏路段村菜市场,电话：400-6621-398,
洛阳世纪本草大药房连锁有限责任公司下沟店,地址：河南省洛阳市西工区龙翔大道忠诚超市,电话：400-6621-398,
洛阳世纪本草大药房连锁有限责任公司健康东路店,地址：河南省洛阳市市辖区健康东路永红巷,电话：400-6621-398,
洛阳世纪本草大药房连锁有限责任公司谷水店,地址：河南省洛阳市涧西区广文路,电话：400-6621-398,
河南省万隆医药有限公司,地址：河南省郑州市二七区大学南路158号珍景小区3号楼,电话：0371-85512299 ,
河南省普众医药有限公司,地址：河南省郑州市货站街,电话：400-613-1668,
