湖北天盛大药房有限公司城南路店,地址：湖北省孝感市应城市城南路5号,电话：0712-3250806,
湖北天盛大药房有限公司环城路店,地址：湖北省孝感市环城路80号(好又多超市旁),电话：0712-2824778,
湖北天盛大药房有限公司体育西路店,地址：湖北省孝感市交通路兵工花园旁,电话：0712-2352232,
湖北天盛大药房有限公司董永路店,地址：湖北省孝感市董永路湾流汇,电话：13972678515 ,
湖北天盛大药房有限公司乾坤店,地址：湖北省孝感市乾坤大道亿美亿康旁,电话：0712-2468607,
湖北天盛大药房有限公司火车站店,地址：湖北省孝感市城站路火车站孝武超市旁,电话：0712-2899919,
湖北天盛大药房有限公司黄陂路店,地址：湖北省孝感市城站路宇惠春天小区旁天盛大药房,电话：0712-2887068,
湖北天盛大药房有限公司光荣路店,地址：湖北省孝感市城站路光荣路口,电话：0712-2321408,
德仁堂复兴村药店,地址：湖北省武汉市江汉区发展大道115号,电话：027-83551433,
德仁堂南京路药店,地址：湖北省武汉市江岸区南京路13号,电话：027-82858542,
德仁堂育才二村店,地址：湖北省武汉市江岸区花桥小区育才二村9栋1楼,电话：027-82622977,
德仁堂兰陵路药店,地址：湖北省武汉市江岸区兰陵路53号附近,电话：027-82810201,
德仁堂武胜路药店,地址：湖北省武汉市硚口区武胜路85号附近,电话：027-83770394,
德仁堂恋湖药店,地址：湖北省武汉市东西湖区环湖路附近,电话：027-83935775,
德仁堂仁和药店,地址：湖北省武汉市洪山区南湖花园A1-5号,电话：027-88024556,
德仁堂民康药店,地址：湖北省武汉市江岸区正义路3附17号,电话：027-82969089,
德仁堂江汉路二店,地址：湖北省武汉市江岸区天声街如寿里小区10栋,电话：027-52233421,
德仁堂中山大道店,地址：湖北省武汉市江岸区中山大道1624号,电话：027-82713270,
德仁堂仁和店,地址：湖北省武汉市武昌区南湖花园A1-5号,电话：027-88024556,
德仁堂解放大道店,地址：湖北省武汉市硚口区解放大道180号,电话：027-83886455,
德仁堂常青花园店,地址：湖北省武汉市东西湖区常青花园门村七联体1-6-4号,电话：027-83525486,
德仁堂中山大道一店,地址：湖北省武汉市江岸区中山大道1498号,电话：027-82720877,
德仁堂香江路药店,地址：湖北省武汉市江汉区前三眼桥75号附近,电话：027-85751239,
德仁堂洪山路店,地址：湖北省武汉市武昌区洪山路81号,电话：027-87831957,
德仁堂光明药店,地址：湖北省武汉市江岸区鄱阳街70号,电话：027-82784269,
德仁堂民主路药店,地址：湖北省武汉市武昌区民主路90号,电话：027-88873365,
德仁堂NO5店,地址：湖北省武汉市汉阳区鹦鹉大道325附10号,电话：027-84522094,
德仁堂常青药店,地址：湖北省武汉市东西湖区常青北路168号,电话：027-83457215,
德仁堂百合药店,地址：湖北省武汉市武昌区解放路542附13号,电话：无,
湖北正和大药房连锁有限责任公司第二十分店,地址：湖北省武汉市青山区10街坊4幢1层4号,电话：027-86688328,
湖北正和大药房连锁有限责任公司第十九分店,地址：湖北省武汉市硚口区紫润明园北区38栋-1号商铺,电话：027-83629818,
湖北正和大药房连锁有限责任公司第十八分店,地址：湖北省武汉市江汉区华苑小区兰卉苑5栋30栋1层1室,电话：027-82813980,
湖北正和大药房连锁有限责任公司第十七分店,地址：湖北省武汉市武昌区秦园东路2号,电话：027-88716215,
湖北正和大药房连锁有限责任公司第十六分店,地址：湖北省武汉市江岸区二七街二七路316号四幢34、35、36商铺,电话：027-82267705,
湖北正和大药房连锁有限责任公司第十五分店,地址：湖北省武汉市江汉区天门墩44号,电话：027-85871113,
湖北正和大药房连锁有限责任公司第十三分店,地址：湖北省武汉市江汉区新华下路小区45栋门面,电话：027-85870093,
湖北正和大药房连锁有限责任公司第十一分店,地址：湖北省武汉市东亭小区1-3号群楼一层网点东亭一路湖北出版社对面,电话：027-86798243,
湖北正和大药房连锁有限责任公司第二十一分店,地址：湖北省武汉市江岸区谌家矶大道28附19号,电话：027-82283132,
湖北正和大药房连锁有限责任公司第十分店,地址：湖北省武汉市青山区青翠苑小区2栋1号商网青山政务中心旁,电话：027-86840587,
湖北正和大药房连锁有限责任公司第八分店,地址：湖北省武汉市东西湖区吴南花园18栋底层18号东西湖国税局对面,电话：027-83217726,
湖北正和大药房连锁有限责任公司第七分店,地址：湖北省武汉市武昌区中北路126号统建.锦绣江南二期14栋1层6号商铺,电话：027-87110989,
湖北正和大药房连锁有限责任公司第五分店,地址：湖北省武汉市硚口区汉中路99号普爱医院对面,电话：027-83790945,
湖北正和大药房连锁有限责任公司第四分店,地址：湖北省武汉市江汉区姑嫂树路与长港路交汇处,电话：027-65654579,
湖北正和大药房连锁有限责任公司第三分店,地址：湖北省武汉市江汉区姑嫂树路32号杨汊湖消防队旁,电话：027-85639259,
湖北正和大药房连锁有限责任公司第二分店,地址：湖北省武汉市江汉区万松园明渠综合楼7—8号中山公园后门,电话：027-85792642,
湖北正和大药房连锁有限责任公司第一分店,地址：湖北省武汉市江汉区高雄路61号宝岛公园后门,电话：027-85563289,
湖北德仁堂医药连锁有限公司蔡甸药店,地址：湖北省武汉市蔡甸区蔡甸大街192号附13-14惠民新居旁,电话：027-84943135,
湖北德仁堂医药连锁有限公司南京路药店,地址：湖北省武汉市江岸区京汉街143号,电话：027-82935058,
湖北德仁堂医药连锁有限公司武昌文化宫店,地址：湖北省武汉市武昌区和平大道108号,电话：027-88234657,
湖北德仁堂医药连锁有限公司民主路药店,地址：湖北省武汉市武昌民主路90号,电话：027-88873365,
湖北德仁堂医药连锁有限公司常青店,地址：湖北省武汉市汉口常青花园六村七连体1-6-4号,电话：027-83957215,
湖北德仁堂医药连锁有限公司工农路药店,地址：湖北省武汉市蔡甸区工农路548号天下峰景1号门,电话：027-69605908,
湖北德仁堂医药连锁有限公司兰陵路药店,地址：湖北省武汉市江岸区胜利街96号,电话：027-82810201,
湖北德仁堂医药连锁有限公司武胜路药店,地址：湖北省武汉市武汉市武胜路30号,电话：027-83770394,
湖北德仁堂医药连锁有限公司万科四季花城药店,地址：湖北省武汉市东西湖区金银湖万科四季花城,电话：027-83934590,
湖北德仁堂医药连锁有限公司新福路药店,地址：湖北省武汉市蔡甸区蔡甸街新福路657号,电话：027-84998891,
湖北德仁堂医药连锁有限公司江汉路药店,地址：湖北省武汉市江岸区天声街如寿里小区10栋副楼2号,电话：027-52233421,
湖北德仁堂医药连锁有限公司香江路药店,地址：湖北省武汉市江汉区天门墩46号,电话：027-85751239,
湖北德仁堂医药连锁有限公司恋湖药店,地址：湖北省武汉市东西湖区金银湖街恋湖家园小区商业街10号,电话：027-83935775,
湖北德仁堂医药连锁有限公司复兴村药店,地址：湖北省武汉市江汉区发展大道115号,电话：027-83551433,
益丰大药房荆门京山城中路分店,地址：湖北省荆门市京山县城中路三角洲圆盘,电话：0724-7220025,
益丰大药房荆门金典家园分店,地址：湖北省荆门市掇刀区忠勇路金典家园小区（2路、15路公交车终点站旁）,电话：0724-2483790,
益丰大药房荆门掇刀城南新区分店,地址：湖北省荆门市掇刀区关帝路虎牙关菜市场路口斜对面,电话：0724-2444001,
益丰大药房荆门掇刀关公路分店,地址：湖北省荆门市掇刀区关公大道阳光水岸一楼,电话：0724-2419774,
益丰大药房长宁大道分店,地址：湖北省荆门市象山路与长宁大道交汇处（新一佳旁）,电话：0724-2373188,
益丰大药房荆门象山路分店,地址：湖北省荆门市象山大道市一医对面（中商百货南侧）,电话：0724-2379088,
益丰大药房荆门掇刀星火分店,地址：湖北省荆门市掇刀区星火路与汉正街交汇处,电话：0724-2440668,
益丰大药房荆门长宁大道店,地址：湖北省荆门市东宝区象山一路18号,电话：0724-2373188,
益丰大药房恩施航空路分店,地址：湖北恩施州航空北路（中医院对面）,电话：0718-8255678,
益丰大药房荆门白云路分店,地址：湖北省荆门市白云大道汽车客运中心对面,电话：0724-2336878,
益丰大药房荆门苏畈桥分店,地址：湖北省荆门市象山大道苏畈桥原东方百货超市,电话：0724-2308736,
益丰大药房咸丰武粮路分店,地址：湖北恩施州咸丰县武粮路（中百仓储旁）,电话：0718-6831825,
益丰大药房石首建设路分店,地址：湖北省荆州市石首市皇叔街口广兴购物广场旁,电话：0716-7284488,
益丰大药房宜昌东山花园分店,地址：湖北省宜昌市东山开发区城东大道东山花园入口（建设银行旁）,电话：0717-6339990,
益丰大药房来凤解放路分店,地址：湖北恩施州来凤县解放路47号,电话：0718-6286627,
益丰大药房武汉涂家岭二店,地址：湖北省武汉市武昌区涂家岭天佑医院北门正对面,电话：027-87332448,
益丰大药房武汉长城嘉苑店,地址：湖北省武汉市武昌区团结大道长城嘉苑小区3号楼,电话：027-88992083,
益丰大药房宜昌东湖路分店,地址：湖北省宜昌市东湖一路80号,电话：0717-6726389,
益丰大药房宜昌金家台分店,地址：湖北省宜昌市伍家岗区夷陵大道131号,电话：0717-6275138,
益丰大药房武汉港东名居分店,地址：湖北省武汉市洪山区港东名居小区门面(铁机农贸市场旁),电话：027-86308816,
益丰大药房武汉杨园路店,地址：湖北省武汉市武昌区杨园后站正对面（中国银行旁）,电话：027-88117828,
益丰大药房武汉将军路店,地址：湖北省武汉市东西湖区将军路(将军路文化广场斜对面),电话：027-85568778,
益丰大药房武汉民意一路店,地址：湖北省武汉江汉区民意一路115号,电话：027-85559806,
益丰大药房武汉球场路分店,地址：湖北省武汉市江岸区球场路与苗栗路交汇处(金门社区出口旁),电话：027-82877809,
益丰大药房武汉百步亭三店,地址：湖北省武汉市江岸区百步亭花园温馨路5号(台北商场旁),电话：027-82715010,
益丰大药房武汉崇仁路二店,地址：湖北省武汉市硚口区崇仁路玉带茶肆往南100米处,电话：027-83605055,
益丰大药房武汉解放大道店,地址：湖北省武汉解放大道原铁路医院斜对面,电话：027-82659288,
益丰大药房武汉北湖西路店,地址：湖北省武汉市江汉区北湖西路凤凰城小区门面（中百超市旁）,电话：027-85508806,
益丰大药房武汉安居西路店,地址：湖北省武汉市江岸区百步亭花园安居西路207栋一层,电话：027-82335121,
益丰大药房武汉百步亭花园路店,地址：湖北省武汉市江岸区百步亭花园路183号（百步花园居委会旁）,电话：027-82919258,
益丰大药房武汉静安街店,地址：湖北省武汉市江岸区解放大道西马路公交站牌正背面（安静后街旁）,电话：027-82297282,
益丰大药房武汉三眼桥店,地址：湖北省武汉市江岸区三眼桥路随风花园小区门面,电话：027-82908185,
益丰大药房武汉长港路店,地址：湖北省武汉江汉区常青南苑（211终点站）,电话：027-85312206,
益丰大药房武汉江北路分店,地址：湖北省武汉市江岸区堤角江北路堤角菜场后门出口处,电话：027-82267519,
益丰大药房武汉西马路二店,地址：湖北省武汉市江岸区西马路85号百帝苑2栋一层一室,电话：027-65655108,
益丰大药房武汉江大路店,地址：湖北省武汉市江岸区江大路唐蔡生鲜菜场往黄孝河路五十米,电话：027-82866106,
益丰大药房汉江四路店,地址：湖北省武汉市江汉区江汉四路华顺公寓旁,电话：027-82719886,
十堰用心人大药房郧阳师专店,地址：湖北省十堰市茅箭区北京南路39号,电话：0719-8796584,
十堰用心人大药房白浪汽配城店,地址：湖北省十堰市白浪中路72-1号,电话：0719-8792455,
十堰用心人大药房三堰店,地址：湖北省十堰市三堰泰丰大楼,电话：0719-8885501,
十堰用心人大药房白浪中路店,地址：湖北省十堰市白浪中路92号1栋1-1号,电话：0719-8877023,
十堰用心人大药房何家沟店,地址：湖北省十堰市茅箭区山西路公租房1楼,电话：0719-8877235,
十堰用心人大药房生活广场店,地址：湖北省十堰市茅箭区人民南路63号,电话：0719-8882558,
十堰用心人大药房郧县中心店,地址：湖北省十堰市郧县城关镇新区街郧阳路9号,电话：0719-8788237,
十堰用心人大药房竹溪康家岭店,地址：湖北省十堰市竹溪县水坪镇康家岭村寿康永乐超市旁,电话：0719-8785242,
十堰用心人大药房凤凰香郡店,地址：湖北省十堰市北京路寿康永乐凤凰香郡超市内,电话：0719-8885512,
十堰用心人大药房竹山麻家渡店,地址：湖北省十堰市竹山县麻家渡镇店子街村寿康超市内,电话：0719-8895643,
十堰用心人大药房人民南路店,地址：湖北省十堰市茅箭区人民南路水云间寿康超市内,电话：0719-8877129,
十堰用心人大药房六里坪店,地址：湖北省十堰市丹江口市六里坪镇神龙大道（火车站路口国胜宾馆旁）,电话：0719-8792231,
十堰用心人大药房车城南路店,地址：湖北省十堰市车城南路5号,电话：0719-8893229,
十堰用心人大药房火车站店,地址：湖北省十堰市火车站广场对面,电话：0719-8877056,
十堰用心人大药房友和店,地址：湖北省十堰市丹江路北侧东风车桥部件厂远达新村6号,电话：0719-8768748,
十堰用心人大药房阳光花园店,地址：湖北省十堰市江苏路16号文景苑1号楼一楼,电话：0719-8682975,
十堰用心人大药房澳门街店,地址：湖北省十堰市建材市场寿康超市隔壁,电话：0719-8636109,
十堰用心人大药房顾家岗分店,地址：湖北省十堰市茅箭区武当路12号,电话：0719-8796000,
十堰用心人大药房柳林店,地址：湖北省十堰市茅箭区柳林路17号,电话：0719-8680026,
十堰用心人大药房四0厂分店,地址：湖北省十堰市张湾区40厂新区,电话：0719-8636011,
十堰用心人大药房寿康中西药店,地址：湖北省十堰市人民北路88号,电话：0719-8693132,
十堰用心人大药房五一厂店,地址：湖北省十堰市茅箭区长春路28号,电话：0719-8781849,
十堰用心人大药房李永生门诊,地址：湖北省十堰市东岳路30号,电话：0719-8627866,
十堰用心人大药房柳林二店,地址：湖北省十堰市柳林路29号（柳林沟卫生局旁）,电话：0719-8687150,
十堰用心人大药房文化广场店,地址：湖北省十堰市港晖巷7号,电话：0719-8679292,
十堰用心人大药房六堰便利店,地址：湖北省十堰市朝阳北路8号,电话：0719-8672130,
十堰用心人大药房东岳路店,地址：湖北省十堰市东岳路31号,电话：0719-8627867,
十堰用心人大药房王湾店,地址：湖北省十堰市张湾区王湾路1号,电话：0719-8526375,
十堰用心人大药房红卫店,地址：湖北省十堰市张湾区车城西路143号,电话：0719-8526016,
十堰用心人大药房北京北路社区卫生站,地址：湖北省十堰市江苏路28-6号,电话：0719-8124310,
十堰用心人大药房五堰店,地址：湖北省十堰市人民路47号,电话：0719-8118923,
十堰用心人大药房郧县胡家营店,地址：湖北省十堰市郧县胡家营镇店卫生院斜面,电话：0719-7740248,
十堰用心人大药房东正店,地址：湖北省十堰市江苏路28号,电话：0719-8124315,
十堰用心人大药房江苏路店,地址：湖北省十堰市江苏路7号,电话：0719-8118253,
十堰用心人大药房蓝山郡店,地址：湖北省十堰市凯旋大道寿康超市内,电话：0719-8516186,
十堰用心人大药房郧县七店,地址：湖北省十堰市郧县城关金沙路（原兴郧路）,电话：0719-7237829,
十堰用心人大药房郧县金沙路店,地址：湖北省十堰市郧县城关金沙路19号,电话：0719-7234162,
十堰用心人大药房白浪店,地址：湖北省十堰市茅箭区白浪中路37号,电话：0719-8319155,
十堰用心人大药房大岭路店,地址：湖北省十堰市大岭路友谊宾馆三号楼一楼,电话：0719-8122379,
十堰用心人大药房六堰店,地址：湖北省十堰市茅箭区朝阳路5号,电话：0719-8114701,
十堰用心人大药房郧县大坝店,地址：湖北省十堰市郧县城关镇郧阳花园A区大门口,电话：0719-7231115,
十堰用心人大药房郧县解放路二店,地址：湖北省十堰市郧县城关解放路103号一楼,电话：0719-7672869,
十堰用心人大药房郧县解放路店,地址：湖北省十堰市郧县城关解放路店89号,电话：0719-7228457,
十堰用心人大药房公园路店,地址：湖北省十堰市公园路27号,电话：0719-8119309,
十堰用心人大药房郧县九店,地址：湖北省十堰市郧县鲍峡镇老供销社二楼,电话：0719-7750123,
十堰用心人大药房郧县二店,地址：湖北省十堰市郧县茶店镇居委会四组,电话：0719-7580291,
十堰用心人大药房郧县四店,地址：湖北省十堰市郧县城关中岭街8号,电话：0719-7220810,
十堰用心人大药房郧县东岭店,地址：湖北省十堰市郧县城关东岭街99号,电话：0719-7206587,
十堰用心人大药房郧县郧阳路店,地址：湖北省十堰市郧县城关郧阳路小吃街旁边,电话：0719-7478989,
十堰用心人大药房郧西观音店,地址：湖北省十堰市郧西县观音镇南大街18号,电话：0719-6481677,
十堰用心人大药房郧县三九店,地址：湖北省十堰市郧县城关镇金沙路7-6,电话：0719-7475858,
十堰用心人大药房郧西香口店,地址：湖北省十堰市郧西县香口乡下香口村武汉路,电话：0719-6440322,
十堰用心人大药房郧西上津店,地址：湖北省十堰市郧西县上津镇临河街古城宾馆对面,电话：0719-6371779,
十堰用心人大药房郧西十店,地址：湖北省十堰市郧西县上津广场槐树大桥头,电话：0719-6371778,
十堰用心人大药房郧西店子店,地址：湖北省十堰市郧西县店子镇东湖路,电话：0719-6342309,
十堰用心人大药房郧西十七店,地址：湖北省十堰市郧西县城关镇城北路,电话：0719-6231855,
十堰用心人大药房郧西关防店,地址：湖北省十堰市郧西县关防乡仙河大道,电话：0719-6341376,
十堰用心人大药房郧西十六店,地址：湖北省十堰市郧西县武汉路75-2,电话：0719-6208992,
十堰用心人大药房郧西八店,地址：湖北省十堰市郧西县湖北口乡泗峡口街道,电话：0719-6340199,
十堰用心人大药房丹江一店,地址：湖北省十堰市丹江口市丹赵路好佳佳超市旁,电话：0719-5251718,
十堰用心人大药房郧西一店,地址：湖北省十堰市郧西县城关镇泥沟口商住楼一楼,电话：0719-6231121,
十堰用心人大药房郧西十四店,地址：湖北省十堰市郧西县羊尾镇卫生院一楼,电话：0719-6322169,
十堰用心人大药房武当山同兴店,地址：湖北省十堰市武当山特区永乐路1号,电话：0719-5689048,
十堰用心人大药房郧西九店,地址：湖北省十堰市郧西县夹河镇外街夹河宾馆对面,电话：0719-6319011,
十堰用心人大药房丹江车站店,地址：湖北省十堰市丹江口市丹江大道莱茵国际大酒店一楼,电话：0719-5229383,
十堰用心人大药房丹江均州一路店,地址：湖北省十堰市丹江口市均州路怡心苑小区,电话：0719-5208868,
十堰用心人大药房郧西十二店,地址：湖北省十堰市郧西县建材城一楼天河大厦,电话：0719-6240520,
十堰用心人大药房竹山五店,地址：湖北省十堰市竹山县得胜镇茶场村一组,电话：0719-4621519,
十堰用心人大药房郧西四店,地址：湖北省十堰市郧西县城关镇两府路礓碴坎东方花园一楼,电话：0719-6236935,
十堰用心人大药房郧西十一店,地址：湖北省十堰市郧西县城隍街老法院一楼门面,电话：0719-6228225,
十堰用心人大药房武当山店,地址：湖北省十堰市武当山特区汉十路,电话：0719-5668630,
十堰用心人大药房丹江大坝二路店,地址：湖北省十堰市丹江口市大坝二路22号,电话：0719-5226637,
十堰用心人大药房竹山宝丰店,地址：湖北省十堰市竹山县宝丰施洋路东大桥头,电话：0719-4444076,
十堰用心人大药房郧西三店,地址：湖北省十堰市郧西县城关镇康富大道42号鸿志大酒店一楼,电话：0719-6236250,
十堰用心人大药房竹山四店,地址：湖北省十堰市竹山县溢水镇溢水街,电话：0719-4412089,
十堰用心人大药房郧西十五店,地址：湖北省十堰市郧西县城关镇武汉路20-1号,电话：0719-6234952,
十堰用心人大药房郧西二店,地址：湖北省十堰市郧西县城关镇城北步行街口一楼,电话：0719-6222245,
十堰用心人大药房武当山广场店,地址：湖北省十堰市武当山特区博物馆路13号,电话：0719-5662645,
十堰用心人大药房丹江中心店,地址：湖北省十堰市丹江口市丹江大道科协一楼,电话：0719-5219266,
十堰用心人大药房丹江大道店,地址：湖北省十堰市丹江口市丹江大道铝业公司原办公楼边,电话：0719-5526201,
十堰用心人大药房竹山广电路店,地址：湖北省十堰市竹山县广电路寿康永乐超市内,电话：0719-4223949,
十堰用心人大药房竹山中心店,地址：湖北省十堰市竹山县城关镇人民路86号,电话：0719-4223888,
十堰用心人大药房房县五店,地址：湖北省十堰市房县大木镇世纪大道2号,电话：0719-3873387,
十堰用心人大药房竹山三店,地址：湖北省十堰市竹山县大街长宏家园1号楼1楼,电话：0719-4223840,
十堰用心人大药房房县六店,地址：湖北省十堰市房县大木镇世纪大道4号电管站对面,电话：0719-3854268,
十堰用心人大药房房县军店,地址：湖北省十堰市房县军店镇学府路15号,电话：0719-3715393,
十堰用心人大药房房县神农路店,地址：湖北省十堰市房县城关镇神农路神农小区,电话：0719-3228864,
十堰用心人大药房竹山九隆店,地址：湖北省十堰市竹山人民路九隆大厦一楼,电话：0719-4223430,
十堰用心人大药房竹山世纪广场店,地址：湖北省十堰市竹山县城关镇人民路86-4号（九隆二楼）,电话：0719-4223077,
十堰用心人大药房房县窑淮店,地址：湖北省十堰市房县窑淮镇寿康永乐超市内,电话：0719-3792691,
十堰用心人大药房房县军店大桥店,地址：湖北省十堰市房县军店镇军店大道30号,电话：0719-3714800,
十堰用心人大药房房县东关店,地址：湖北省十堰市房县城关镇东关118号,电话：0719-3221073,
十堰用心人大药房竹山广场花园店,地址：湖北省十堰市竹山县城关镇明清大道广场花园小区,电话：0719-4223030,
十堰用心人大药房房县化龙店,地址：湖北省十堰市房县化龙镇寿康永乐超市内,电话：0719-3763168,
十堰用心人大药房房县二店,地址：湖北省十堰市房县城关镇房陵大道,电话：0719-3227678,
十堰用心人大药房竹溪水坪店,地址：湖北省十堰市竹溪县水坪镇政府对面寿康永乐超市内,电话：0719-2881199,
十堰用心人大药房房县西关店,地址：湖北省十堰市房县房陵大道331号,电话：0719-3553665,
十堰用心人大药房竹山人民路二店,地址：湖北省十堰市竹山县城关镇人民路86-4号,电话：0719-4221022,
十堰用心人大药房房县九店,地址：湖北省十堰市房县中百仓储超市内,电话：0719-3553649,
十堰用心人大药房房县便民店,地址：湖北省十堰市房县妇幼保健院一楼西侧,电话：0719-3225711,
十堰用心人大药房竹溪龙坝店,地址：湖北省十堰市竹溪县龙坝镇吴坝村,电话：0719-2866111,
十堰用心人大药房房县一店,地址：湖北省十堰市房县神农路鑫城 超市二楼,电话：0719-3242438,
十堰用心人大药房房县三店,地址：湖北省十堰市房县城关镇老十字街1号,电话：0719-3221768,
十堰用心人大药房竹溪建设路店,地址：湖北省十堰市竹溪县建设路1583号,电话：0719-2853588,
十堰用心人大药房竹溪八店,地址：湖北省十堰市竹溪县城关镇南大街（竹溪宾馆1号居民楼一楼）,电话：0719-2852188,
十堰用心人大药房竹溪南大桥店,地址：湖北省十堰市竹溪县妇幼保健院对面,电话：0719-2733766,
十堰用心人大药房竹溪三堰店,地址：湖北省十堰市竹溪县城关镇鄂陕大道195号,电话：0719-2733755,
十堰用心人大药房竹溪广场店,地址：湖北省十堰市竹溪县广场观音阁村三组（广场路口）,电话：0719-2727866,
十堰用心人大药房竹溪四店,地址：湖北省十堰市竹溪县丰溪镇丰溪街十字路口（工商局斜对面）,电话：0719-2843068,
十堰用心人大药房竹溪中心店,地址：湖北省十堰市竹溪县城关镇西关桥西头农发行一楼,电话：0719-2732188,
十堰用心人大药房竹溪泉溪店,地址：湖北省十堰市竹溪县溪泉镇泉溪街头供电所对面,电话：0719-2840129,
十堰用心人大药房红卫丹桂庭院店,地址：湖北省十堰市张湾区车城西路武商量贩超市内,电话：无,
十堰用心人大药房北京路人商店,地址：湖北省十堰市北京北路87号游泳馆南侧,电话：无,
十堰用心人大药房竹溪蒋家堰店,地址：湖北省十堰市竹溪县蒋家堰镇集贸市场对面,电话：0719-2816688,
十堰用心人大药房竹溪蒋家堰二店,地址：湖北省十堰市竹溪县蒋家堰镇十字街路口,电话：0719-2813666,
十堰用心人大药房四八厂店,地址：湖北省十堰市48厂12栋1楼,电话：无,
十堰用心人大药房竹溪车站店,地址：湖北省十堰市竹溪县城关镇鄂陕大道祥尔车站旁769-1号,电话：0719-2728299,
十堰用心人大药房张湾店,地址：湖北省十堰市张湾区文汇小区1号楼,电话：无,
武汉市汉深大药房杨园店,地址：湖北省武汉市武昌区杨园街柴林头小区4-5号,电话：027-88992951,
武汉市汉深大药房工业二路店,地址：湖北省武汉市青山区107街坊11幢2号,电话：027-86416687,
武汉市汉深大药房英山金铺店,地址：湖北省武汉市英山县金铺镇金桥大道9号,电话：0713-7060818,
武汉市汉深大药房玉桥新都店,地址：湖北省武汉市武昌区和平大道108号玉桥新都8、9栋裙楼1层2室,电话：027-88316008,
武汉市汉深大药房工业四路店,地址：湖北省武汉市青山区工业四路102街,电话：027-86385297,
武汉市汉深大药房阳新分店,地址：湖北省武汉市阳新县龙港路东颐阳小区一楼4-6号,电话：0714-7325739,
武汉市汉深大药房喻家湖分店,地址：湖北省武汉市武昌区喻家湖路长航社区29栋1门1楼1号门面,电话：027-88605289,
武汉市汉深大药房荆门白庙路店,地址：湖北省武汉市荆门市白庙路23号,电话：0724-2348885,
武汉市汉深大药房融桥华府店,地址：湖北省武汉市武昌区融侨华府4栋商铺2,电话：027-86600775,
武汉市汉深大药房石化店,地址：湖北省武汉市青山区长青路石化西门（石化农场大楼一楼）,电话：027-86887655,
武汉市汉深大药房荆门分店,地址：湖北省武汉市荆门市北门路9号,电话：0724-2348882,
武汉市汉深大药房后湖二店,地址：湖北省武汉市江岸区后湖街金桥大道新地东方明珠C栋9-2号9-3,电话：027-82296181,
武汉市汉深大药房英山学府路店,地址：湖北省武汉市英山县温泉镇学府路,电话：0713-7060819,
武汉市汉深大药房建八店,地址：湖北省武汉市青山区青扬十街4栋1层11-12号,电话：027-86567568,
武汉市汉深大药房保康分店,地址：湖北省武汉市武昌区静安上城2号楼1层商铺14号,电话：027-88779169,
武汉市汉深大药房建七店,地址：湖北省武汉市青山区13街坊,电话：027-86336939,
武汉市汉深大药房英山分店,地址：湖北省武汉市英山县鸡鸣路61号,电话：0713-7022908,
武汉市汉深大药房后湖一店,地址：湖北省武汉市江岸区后湖街幸福大道同鑫花园景福苑1-3栋间商铺1层3-4室,电话：027-82967797,
武汉市汉深大药房健民新世纪店,地址：湖北省武汉市汉阳区鹦鹉大道484号,电话：027-84529743,
武汉市汉深大药房黄梅分店,地址：湖北省武汉市黄梅县正街古塔西路鄂东商贸,电话：0713-3338433,
武汉市汉深大药房丁字桥分店,地址：湖北省武汉市武昌区丁字桥路35号(老95号),电话：027-87310495,
武汉市汉深大药房中联大药房,地址：湖北省武汉市江汉区民主街14号,电话：027-85843342,
武汉市汉深大药房复兴村分店,地址：湖北省武汉市江汉区振兴路25号,电话：027-83529117,
武汉市汉深大药房黄冈分店,地址：湖北省武汉市黄冈市奥康商业步行街G2区05-06号,电话：0713-8673863,
武汉市汉深大药房新天门墩店,地址：湖北省武汉市江汉区新天门墩21号,电话：027-85709809,
武汉市汉深大药房建六店,地址：湖北省武汉市武汉市青山区16街新沟桥26-28门,电话：027-86577727,
武汉市汉深大药房竹叶山分店,地址：湖北省武汉市江岸区黄孝河路95号,电话：027-82630142,
武汉市汉深大药房合作路分店,地址：湖北省武汉市江岸区胜利街123号兰陵新天地2栋1层2室,电话：027-82731736,
武汉市汉深大药房钢花分店,地址：湖北省武汉市青山区钢花新村111街,电话：027-86309070,
武汉市汉深大药房山海关分店,地址：湖北省武汉市汉口中山大道1530号,电话：027-82738891,
武汉市汉深大药房余家头分店,地址：湖北省武汉市武昌和平大道1018号,电话：027-86558392,
武汉市汉深大药房大东门分店,地址：湖北省武汉市武昌区中山路378号,电话：027-88079210,
武汉市汉深大药房三角路分店,地址：湖北省武汉市武昌区和平大道750号,电话：027-88605097,
武汉市汉深大药房沿港路分店,地址：湖北省武汉市青山区沿港路10号,电话：027-86323897,
武汉市汉深大药房中华路分店,地址：湖北省武汉市武昌区解放路457号,电话：027-88854569,
孝南区九州阳光大药房,地址：湖北省孝感市孝南区新铺镇永安商贸街,电话：无,
海王星辰健康药房连锁有限公司蔚蓝新都店,地址：湖北省孝感市乾坤大道特1号,电话：0712-2358163,
海王星辰健康药房连锁有限公司交通西路店,地址：湖北省孝感市交通西路武商量贩超市一楼,电话：0712-2329933,
海王星辰健康药房连锁有限公司文化路店,地址：湖北省孝感市文化东路12号,电话：0712-2315915,
海王星辰健康药房连锁有限公司园林路店,地址：湖北省孝感市园林路1号,电话：0712-2826638,
海王星辰健康药房连锁有限公司建设路店,地址：湖北省孝感市孝柴小区一栋综合楼一层,电话：0712-2331933,
海王星辰健康药房连锁有限公司宜昌万达店,地址：湖北省宜昌市沿江大道宜昌万达广场地下第一层,电话：0717-6363535,
海王星辰健康药房连锁有限公司长征路店,地址：湖北省孝感市孝南区长征路135号,电话：0712-2869611,
海王星辰健康药房连锁有限公司宜昌民悦家园店,地址：湖北省宜昌市西陵二路85-1号,电话：0717-6490149,
海王星辰健康药房连锁有限公司桃花岛店,地址：湖北省武汉市汉阳区七里庙小区21-23栋1层5室,电话：027-84860300,
海王星辰健康药房连锁有限公司体育西路店,地址：湖北省孝感市体育大道364号,电话：0712-2881179,
海王星辰健康药房连锁有限公司文化东路店,地址：湖北省孝感市文化东路3号,电话：0712-2341885,
海王星辰健康药房连锁有限公司宜昌港窑路店,地址：湖北省宜昌市东山开发区岗窑路46-1,电话：0717-6857855,
海王星辰健康药房连锁有限公司澳门路店,地址：湖北省武汉市江岸区澳门路144号,电话：027-82771108,
海王星辰健康药房连锁有限公司孝感体育馆店,地址：湖北省孝感市体育大道市中心医院,电话：0712-2286139,
海王星辰健康药房连锁有限公司翠微路店,地址：湖北省武汉市汉阳区翠微路2号1-2层,电话：027-84641976,
海王星辰健康药房连锁有限公司利济北路店,地址：湖北省武汉市硚口区利济北路29号,电话：027-85559717,
海王星辰健康药房连锁有限公司汉阳郭茨口路店,地址：湖北省武汉市汉阳区二桥路4号,电话：027-84761507,
海王星辰健康药房连锁有限公司武汉汉西店,地址：湖北省武汉市汉西一路武商量贩,电话：027-83669318,
海王星辰健康药房连锁有限公司汉口工农兵路店,地址：湖北省武汉市江岸区工农兵路99号,电话：027-82310068,
海王星辰健康药房连锁有限公司青山建设二路店,地址：湖北省武汉市青山区建设二路66号武钢实业公司底商,电话：027-86851288,
海王星辰健康药房连锁有限公司武汉都市兰亭店,地址：湖北省武汉市汉阳大道98号都市兰亭116号商铺,电话：027-84688768,
海王星辰健康药房连锁有限公司读书院店,地址：湖北省武汉市武昌区复兴路152号,电话：027-88875508,
海王星辰健康药房连锁有限公司汉口蔡家田店,地址：湖北省武汉市江汉区唐蔡路28号积益小区C栋1层4号和5号,电话：027-85785885,
海王星辰健康药房连锁有限公司关西小区店,地址：湖北省武汉市洪山区关西小区康居A幢1-1-1室,电话：027-87670528,
海王星辰健康药房连锁有限公司汉口江汉北店,地址：湖北省武汉市江汉北路8-4号金茂大楼一楼二楼,电话：027-85359290,
海王星辰健康药房连锁有限公司武汉杨泗庙店,地址：湖北省武汉市汉阳区鹦鹉大道448号12栋1单元42号、44号商铺,电话：027-84951966,
海王星辰健康药房连锁有限公司江夏兴新街店,地址：湖北省武汉市江夏区纸坊街兴新街供销巷1号,电话：027-86698949,
海王星辰健康药房连锁有限公司工业三路店,地址：湖北省武汉市青山区工业三路46号门面附14号,电话：027-86882686,
海王星辰健康药房连锁有限公司兰陵路店,地址：湖北省武汉市兰陵路84号,电话：027-82719488,
湖北智仁大药房有限公司城明花园店,地址：湖北省武汉市江夏区纸坊街复江道徐家湾 ,电话：027-87011399 ,
湖北智仁大药房有限公司姚家林店,地址：湖北省武汉市蔡甸区蔡甸街姚家林村A-13（长江大学旁） ,电话：027-69815366 ,
湖北永裕医药有限公司康德乐大药房,地址：湖北省武汉市江汉区常青一路站北二村239号 ,电话：027-85710858,
武汉百济新特药房有限公司,地址：湖北省武汉市江岸区大智路125号附4号（大智公寓一层）,电话：027-82819526,
湖北智仁大药房有限公司福新分店,地址：湖北省武汉市武汉经济技术开发区学府路16号,电话：无,
湖北智仁大药房有限公司华新分店,地址：湖北省武汉市武汉经济技术开发区升官渡小区十栋三单元一号,电话：027-84662274,
湖北智仁大药房有限公司沌口分店,地址：湖北省武汉市武汉经济技术开发区沌口正街1号,电话：027-84233729,
湖北智仁大药房有限公司汉强分店,地址：湖北省武汉市武汉经济技术开发区沌阳街集贸市场四号门面12号,电话：027-84239232,
湖北智仁大药房有限公司薛峰店,地址：湖北省武汉市汉阳区永丰乡陶家岭村庙西湾12号,电话：无,
湖北智仁大药房有限公司奥林花园分店,地址：湖北省武汉市武汉经济技术开发区奥林花园61栋5-6-7号门面,电话：027-84956559,
湖北智仁大药房有限公司爱民店,地址：湖北省武汉市黄陂区前川大南街50号,电话：无,
湖北智仁大药房有限公司麻城店,地址：湖北省黄冈市麻城市气象西巷6号,电话：0713-2963277,
湖北智仁大药房有限公司玉贤分店,地址：湖北省武汉市蔡甸区玉贤镇新街62号,电话：027-69702747,
湖北智仁大药房有限公司龙王咀店,地址：湖北省武汉市新洲区龙王咀农场兴龙社区友谊路,电话：无,
湖北智仁大药房有限公司益民分店,地址：湖北省武汉市蔡甸区蔡甸街树藩大街1482号,电话：027-84948787,
湖北智仁大药房有限公司时珍分店,地址：湖北省武汉市蔡甸区新天大道1号附2号,电话：027-69844425,
湖北智仁大药房有限公司红安大药房,地址：湖北省武汉市红安县城关镇胜利新街56号,电话：无,
湖北智仁大药房有限公司民康店,地址：湖北省武汉市黄陂区前川大道61号建逸苑1号楼1层6、7号房,电话：027-85919422,
湖北智仁大药房有限公司御药堂店,地址：湖北省武汉市新洲区阳逻街汽渡路11号,电话：027-86979739,
湖北智仁大药房有限公司为民分店,地址：湖北省武汉市蔡甸区蔡甸街新福路502号,电话：027-84940787,
湖北智仁大药房有限公司瑞祥分店,地址：湖北省武汉市蔡甸区文波楼茂盛路2附6号,电话：027-69840949,
湖北智仁大药房有限公司慧莲分店,地址：湖北省武汉市蔡甸区大集街奓新公路土管所门面,电话：027-69166089,
湖北智仁大药房有限公司四季美店,地址：湖北省武汉市黄陂汉口北四季美农贸城5栋115、159、160三个门面,电话：无,
湖北智仁大药房有限公司板桥药店,地址：湖北省武汉市黄陂区板桥大道103号,电话：无,
湖北智仁大药房有限公司学院店,地址：湖北省武汉市新洲阳逻经济开发区汉施路（老迪新酒楼对面）,电话：027-89664266,
湖北智仁大药房有限公司太平分店,地址：湖北省武汉市蔡甸区侏儒街新街65号,电话：027-84966008,
湖北智仁大药房有限公司长寿分店,地址：湖北省武汉市蔡甸区蔡甸街文正街84号附1,电话：027-69801795,
湖北智仁大药房有限公司康健店,地址：湖北省武汉市新洲区阳逻街高潮村,电话：027-89900299,
湖北智仁大药房有限公司安泰分店,地址：湖北省武汉市蔡甸区蔡甸街工农路81号附1,电话：027-69843226,
湖北智仁大药房有限公司五岭店,地址：湖北省武汉市黄陂区土庙镇古潭大道,电话：无,
湖北智仁大药房有限公司中山店,地址：湖北省武汉市黄陂区百秀街1号,电话：无,
湖北智仁大药房有限公司娲石店,地址：湖北省武汉市新洲区阳逻街（娲石厂对面）,电话：027-89658835,
湖北智仁大药房有限公司安康分店,地址：湖北省武汉市蔡甸区蔡甸街汉阳大街83号附5号,电话：027-84940632,
湖北智仁大药房有限公司万福堂店,地址：湖北省武汉市新洲区阳逻街环城路1号,电话：027-86974265,
湖北智仁大药房有限公司大花岭店,地址：湖北省武汉市江夏区纸坊街大花岭小区A15栋二号门面,电话：027-81941380,
湖北智仁大药房有限公司南湖小区店,地址：湖北省武汉市蔡甸区大集街南湖村特8号,电话：无,
湖北智仁大药房有限公司东港店,地址：湖北省武汉市江夏区东港街34号,电话：027-87016802,
湖北智仁大药房有限公司顺恒分店,地址：湖北省武汉市蔡甸区蔡甸街文昌街1号,电话：027-84997018,
湖北智仁大药房有限公司智仁龙泉店,地址：湖北省武汉市蔡甸区大集街塔尔山村大沌路6-9号,电话：无,
湖北智仁大药房有限公司寿康分店,地址：湖北省武汉市蔡甸区蔡甸街汉阳大街377号,电话：027-84940971,
湖北智仁大药房有限公司智仁夏威夷店,地址：湖北省武汉市蔡甸区东方夏威夷国际花园9-11#，12#,电话：无,
湖北智仁大药房有限公司新天店,地址：湖北省武汉市蔡甸区蔡甸街新农新天铺15号,电话：027-84923130,
湖北智仁大药房有限公司大东门店,地址：湖北省武汉市武昌区大东门综合楼1单元,电话：027-62509911,
湖北智仁大药房有限公司才华店,地址：湖北省武汉市武昌区和平乡柴头村才华街1-4号,电话：无,
湖北智仁大药房有限公司康华店,地址：湖北省武汉市蔡甸区蔡甸街铁铺村六组9号、11号,电话：027-69603522,
湖北智仁大药房有限公司团结店,地址：湖北省武汉市武昌区水陆小区41栋2单元1层5号,电话：无,
湖北智仁大药房有限公司华光店,地址：湖北省武汉市武昌区武珞路584号武锅宿舍厂内,电话：027-87876825,
湖北智仁大药房有限公司涂家岭店,地址：湖北省武汉市武昌区丁字桥100号,电话：027-68784100,
湖北智仁大药房有限公司 凯乐店,地址：湖北省武汉市武昌区武珞路五巷46号凯乐花园6栋1层36号,电话：无,
湖北智仁大药房有限公司康泰店,地址：湖北省武汉市蔡甸区蔡甸街新福路2号,电话：027-84903109,
湖北智仁大药房有限公司楚善堂店,地址：湖北省武汉市武昌区千家街50号育才嘉苑B栋1单元1层6号,电话：无,
湖北智仁大药房有限公司江南春城店,地址：湖北省武汉市武昌区粮道街马家巷6号书香苑2栋2单元1层4号,电话：027-86859688,
湖北智仁大药房有限公司平安店,地址：湖北省武汉市武昌区珞南街石牌岭精典公寓B-E102,电话：无,
湖北智仁大药房有限公司东方华府店,地址：湖北省武汉市江岸区后湖乡正义路天上人间1栋1单元1层4号,电话：无,
湖北智仁大药房有限公司首义店,地址：湖北省武汉市武昌区紫阳路268号（中百仓储内）,电话：无,
湖北智仁大药房有限公司台北一路店,地址：湖北省武汉市江岸区台北一路27号A栋1层9室,电话：无,
湖北智仁大药房有限公司香利国庭店,地址：湖北省武汉市江岸区世纪家园一区四期24（原A2）栋1层1室,电话：027-82946980,
湖北智仁大药房有限公司东方明珠店,地址：湖北省武汉市江岸区后湖街金桥大道18号新地东方明珠31栋3、4室 ,电话：027-82287363 ,
湖北智仁大药房有限公司世博园店,地址：湖北省武汉市江岸区后湖乡幸福大道百步亭世博园第208栋1-2层商铺3号房,电话：无,
湖北智仁大药房有限公司世纪家园店,地址：湖北省武汉市江岸区世纪花园金桥大道36号,电话：027-82946822,
湖北智仁大药房有限公司雅庭店,地址：湖北省武汉市江岸区百步亭雅庭小区商网101-6、101-7号,电话：无,
湖北智仁大药房有限公司怡康店,地址：湖北省武汉市江岸区百步亭花园路18号怡康苑501-2号商网,电话：027-82356101,
湖北智仁大药房有限公司江大店,地址：湖北省武汉市江岸区江大路30-2、3、4号,电话：027-82607116,
湖北智仁大药房有限公司景兰苑店,地址：湖北省武汉市江岸区百步亭花园景兰苑商网101-1号,电话：027-82308338,
湖北智仁大药房有限公司二七路店,地址：湖北省武汉市江岸区新村街桃园一号楼13-16轴门面,电话：027-82659305,
湖北智仁大药房有限公司锦苑店,地址：湖北省武汉市江岸区发展大道延长线新江岸特1号锦苑公寓,电话：027-82444472,
湖北智仁大药房有限公司后湖店,地址：湖北省武汉市江岸区后湖生态花园17栋1层15号商网,电话：027-82359200,
湖北智仁大药房有限公司四唯路店,地址：湖北省武汉市江岸区四唯路1448号,电话：027-82721457,
湖北智仁大药房有限公司堤角店,地址：湖北省武汉市江岸区堤角前街9号,电话：027-82464109,
湖北智仁大药房有限公司新建店,地址：湖北省武汉市江岸区谌家矶新建村（湖北大学知行学院对面门面41号）,电话：027-82353791,
湖北智仁大药房有限公司九万方店,地址：湖北省武汉市江岸区江大路解放村大成路33-2号1栋2单元1层4室,电话：无,
湖北智仁大药房有限公司正大店,地址：湖北省武汉市江岸区黄孝河路特1号（易初莲花超市一楼）,电话：027-82612775,
湖北智仁大药房有限公司高桥店,地址：湖北省武汉市东西湖区台北一道、高桥北四路东金诚国际精品石材中心4号1、2,电话：无,
湖北智仁大药房有限公司百步亭店,地址：湖北省武汉市江岸区百步亭安居苑2130号,电话：027-82356157,
湖北智仁大药房有限公司球场街店,地址：湖北省武汉市江岸区球场街56号,电话：027-82777672,
湖北智仁大药房有限公司黄兴路店,地址：湖北省武汉市 江岸区一元街黄兴路5、7、9号1层4室,电话：027-82815841,
湖北智仁大药房有限公司赛洛城店,地址：湖北省武汉市东西湖区金山大道沿海赛洛城第C2幢,电话：027-83067340,
湖北智仁大药房有限公司三秀路店,地址：湖北省武汉市东西湖区吴家山祁家山路131号,电话：027-83241052,
湖北智仁大药房有限公司恒春里店,地址：湖北省武汉市东西湖区恒春里149号,电话：027-83893882,
湖北智仁大药房有限公司董家店,地址：湖北省武汉市汉阳区董家店村快活岭集贸市场特18号,电话：027-84618267,
湖北智仁大药房有限公司维康店,地址：湖北省武汉市东西湖区吴家山吴祁路13栋1层1号商铺,电话：无,
湖北智仁大药房有限公司玉龙店,地址：湖北省武汉市汉阳区琴台大道玉龙路口红太阳建材市场F区2栋3-4号,电话：027-62804882,
湖北智仁大药房有限公司长青店,地址：湖北省武汉市东西湖区六支沟长青西村A2号,电话：027-83220651,
湖北智仁大药房有限公司祁家山店,地址：湖北省武汉市东西湖区祁家山路24 ,电话：027-51358350,
湖北智仁大药房有限公司走马岭店,地址：湖北省武汉市东西湖区走马岭农场集镇,电话：027-83051840,
湖北智仁大药房有限公司将军花园店,地址：湖北省武汉市东西湖区将军花园伊甸园3栋2单元1号,电话：027-85828189,
湖北智仁大药房有限公司青石桥店,地址：湖北省武汉市汉阳区青石桥小区9-2栋3单元1-8室、1-9室,电话：无,
湖北智仁大药房有限公司白玉山店,地址：湖北省武汉市青山区白玉山5街19门底康宁路13附4号,电话：无,
湖北智仁大药房有限公司长健店,地址：湖北省武汉市青山区七棉路东兴天地A区1号及2号楼的商业服务用房,电话：无,
湖北智仁大药房有限公司武东店,地址：湖北省武汉市青山区武东三村7-8号,电话：027-86462334,
湖北智仁大药房有限公司惠泽店,地址：湖北省武汉市青山区红港三村临江港湾4栋23号门面,电话：027-86868198,
湖北智仁大药房有限公司七里庙店,地址：湖北省武汉市汉阳区汉阳大道531号,电话：027-84869582,
湖北智仁大药房有限公司百灵店,地址：湖北省武汉市汉阳区百灵路徐家大湾25号,电话：027-50439479,
湖北智仁大药房有限公司东兴洲店,地址：湖北省武汉市青山区和平乡东兴洲建设一路北路（石化宿舍一楼）,电话：027-86543726,
湖北智仁大药房有限公司好百姓店,地址：湖北省武汉市汉阳区燎原村大屋基场109号,电话：027-61343754,
湖北智仁大药房有限公司金英店,地址：湖北省武汉市青山区红钢城十二街武钢五小门面,电话：无,
湖北智仁大药房有限公司王家湾店,地址：湖北省武汉市汉阳区王家湾玫瑰西村123号1楼,电话：无,
湖北智仁大药房有限公司光明店,地址：湖北省武汉市汉阳区永丰乡米粮村彭家岭44号,电话：027-84462220,
湖北智仁大药房有限公司华康店,地址：湖北省武汉市汉阳区七里庙南静苑小区特1号,电话：027-84651353,
湖北智仁大药房有限公司厂前店,地址：湖北省武汉市青山区厂前街肖家湾90号,电话：027-86392095,
湖北智仁大药房有限公司天成店,地址：湖北省武汉市洪山区雄楚大街488号1栋1-9层,电话：无,
湖北智仁大药房有限公司沿港路店,地址：湖北省武汉市青山区红钢城建设八路13号,电话：027-86688301,
湖北智仁大药房有限公司碧湖店,地址：湖北省武汉市洪山区江宏张黄新村南28号,电话：无,
湖北智仁大药房有限公司复兴小区店,地址：湖北省武汉市江汉区常青街复兴村小区南片第17栋1层,电话：027-83525773,
湖北智仁大药房有限公司石牌岭店,地址：湖北省武汉市洪山区石牌岭路9号,电话：无,
湖北智仁大药房有限公司前进店,地址：湖北省武汉市江汉区济生小区3-6-1 ,电话：027-85863121,
湖北智仁大药房有限公司南湖花园店,地址：湖北省武汉市洪山区宝安中海公寓B-109号商铺,电话：无,
湖北智仁大药房有限公司明都店,地址：湖北省武汉市洪山区南湖村南湖名都A区8号楼1-3号门面,电话：027-88773683,
湖北智仁大药房有限公司康保店,地址：湖北省武汉市东湖新技术开发区关山口路（广厦华庭）1-105号,电话：无,
湖北智仁大药房有限公司财大店,地址：湖北省武汉市洪山区洪山乡关山村刘家咀,电话：027-50658321,
湖北智仁大药房有限公司家福源店,地址：湖北省武汉市洪山区和平乡大洲村4组283号,电话：027-62066121,
湖北智仁大药房有限公司复兴村店,地址：湖北省武汉市江汉区复兴村115号,电话：027-50531025,
湖北智仁大药房有限公司鑫顺店,地址：湖北省武汉市洪山区关山一路369号,电话：无,
湖北智仁大药房有限公司长江日报路店,地址：湖北省武汉市江汉区长江日报路7号（横堤村41号-1-1）,电话：027-85782980,
湖北智仁大药房有限公司城建店,地址：湖北省武汉市洪山区珞瑜路鼓风机厂景观楼1楼门面,电话：027-87402989,
湖北智仁大药房有限公司新路店,地址：湖北省武汉市洪山区洪山乡新路村4组8号（鑫源超市内）,电话：无,
湖北智仁大药房有限公司红旗公寓店,地址：湖北省武汉市江汉区唐家墩村红旗公寓4栋1层2室,电话：无,
湖北智仁大药房有限公司青菱店,地址：湖北省武汉市洪山区青菱乡湖北中医学院对面,电话：027-88109629,
湖北智仁大药房有限公司杨园店,地址：湖北省武汉市洪山区铁机村纺机路47号,电话：027-86600493,
湖北智仁大药房有限公司武南店,地址：湖北省武汉市洪山区武南街18号,电话：027-51760710,
湖北智仁大药房有限公司华工店,地址：湖北省武汉市东湖开发区关山一路光谷太阳城7栋10号,电话：027-50436732,
湖北智仁大药房有限公司江兴路店,地址：湖北省武汉市江汉区江兴路78号,电话：无,
湖北智仁大药房有限公司宝安店,地址：湖北省武汉市洪山乡北港村宝安璞园-“学府林园”丁字桥南路103号,电话：无,
湖北智仁大药房有限公司钢都店,地址：湖北省武汉市东湖生态旅游风景区龚家岭村裕锦花苑6号门面,电话：027-86561255,
湖北智仁大药房有限公司园艺文化街店,地址：湖北省武汉市洪山区青菱乡园艺文化街1栋2号,电话：无,
湖北智仁大药房有限公司理工店,地址：湖北省武汉市洪山区珞狮南路洪达街博文花园商铺105号,电话：027-87393629,
湖北智仁大药房有限公司杨汊湖店,地址：湖北省武汉市江汉区浩海小区丰太园1栋门面1层A1号,电话：无,
湖北智仁大药房有限公司惠民店,地址：湖北省武汉市东湖新技术开发区工交学校侧门长咀新村30号,电话：无,
湖北智仁大药房有限公司华安里店,地址：湖北省武汉市江汉区复兴五村13号,电话：027-83520974,
湖北智仁大药房有限公司楚天星座店,地址：湖北省武汉市江汉区楚天星座C单元1层1室,电话：无,
湖北智仁大药房有限公司唐家墩店,地址：湖北省武汉市江汉区新华下路133号,电话：027-85622581,
湖北智仁大药房有限公司新合村店,地址：湖北省武汉市硚口区新合后街,电话：027-83994399,
湖北智仁大药房有限公司天顺园708药店,地址：湖北省武汉市硚口区天顺园708栋1-2层10号,电话：无,
湖北智仁大药房有限公司崇仁路店,地址：湖北省武汉市硚口区玉带正街100-3号,电话：无,
湖北智仁大药房有限公司融侨店,地址：湖北省武汉市解放大道66号融侨锦城第9、10栋间商网1层4室,电话：无,
湖北智仁大药房有限公司紫润明园店,地址：湖北省武汉市硚口区长丰村紫润明园第38栋1层3号,电话：027-83336930,
湖北智仁大药房有限公司天顺康店,地址：湖北省武汉市硚口区韩家墩天顺园小区3、4、5组团1号楼,电话：无,
湖北智仁大药房有限公司丰竹园店,地址：湖北省武汉市硚口区丰竹园小区303-304栋间1层A26号门,电话：027-83523980,
湖北智仁大药房有限公司古田店,地址：湖北省武汉市硚口区古田四路134号,电话：027-83825033,
湖北智仁大药房有限公司汉正店,地址：湖北省武汉市硚口区古田四路12号,电话：027-83836880,
湖北智仁大药房有限公司华泰店,地址：湖北省武汉市硚口区宝丰街27号B栋1-1-1、1-2-1、1-3-1门面,电话：027-83808423,
湖北智仁大药房有限公司天顺园店,地址：湖北省武汉市硚口区韩家墩天顺园小区511栋1单元1层商铺,电话：无,
湖北智仁大药房有限公司辛家地店,地址：湖北省武汉市硚口区古田四路41号第18号商网21、22号门面,电话：027-51304901,
湖北智仁大药房有限公司康成店,地址：湖北省武汉市硚口区古田四路南区110栋1层1号,电话：无,
湖北智仁大药房有限公司长生店,地址：湖北省武汉市硚口区解放大道201号,电话：无,
湖北智仁大药房有限公司罗家墩店,地址：湖北省武汉市硚口区古田路41号（18栋10-11号两间）,电话：无,
湖北智仁大药房有限公司同康店,地址：湖北省武汉市硚口区陈家墩小区管煤宿舍1层,电话：027-83305765,
湖北中联大药房连锁有限公司十堰人民路分店,地址：湖北省十堰市茅箭区人民中路十八号武商量贩中联大药房 ,电话：0719-8688645 ,
湖北中联大药房连锁有限公司江汉北村分店,地址：湖北省武汉市江汉区江汉北村10号楼1—2层 ,电话：027-85749803 ,
湖北中联大药房连锁有限公司京山京都花园店,地址：湖北省荆门市京山县新市镇人民大道京都花园 ,电话：0724-7331489,
湖北中联大药房连锁有限公司好又多店,地址：湖北省武汉市江岸区黄兴路28号 ,电话：027-82883897 ,
湖北中联大药房连锁有限公司荆门星球广场分店,地址：湖北省荆门市掇刀区星球商业广场（沃尔玛负一楼） ,电话：0724-8880015 ,
湖北中联大药房连锁有限公司新珞狮南路店,地址：湖北省武汉市洪山区珞狮路14号 ,电话：027-87213566 ,
湖北中联大药房连锁有限公司宜昌广场路分店,地址：湖北省宜昌市西陵区夷陵路22号 ,电话：0717-6217597 ,
湖北中联大药房连锁有限公司大福源店,地址：湖北省武汉市江汉区江汉路口（大福源商场二楼） ,电话：027-85894769 ,
湖北中联大药房连锁有限公司庙山店,地址：湖北省武汉市江夏区经济开发区江夏大道武汉医药园 ,电话：027-87990119 ,
湖北中联大药房连锁有限公司华纳2店,地址：湖北省武汉市江汉区花楼街万达商业广场C10.C89门面 ,电话：027-82755446 ,
湖北中联大药房连锁有限公司崇文广场店,地址：湖北省武汉市洪山区雄楚大街268号湖北出版文化城 ,电话：027-87399411 ,
湖北中联大药房连锁有限公司万达店,地址：湖北省武汉市江汉区中山大道万达商业广场沃尔玛商场内 ,电话：027-82815146 ,
湖北中联大药房连锁有限公司当代花园店,地址：湖北省武汉市洪山区鲁磨路路当代花园附4--5号 ,电话：027-87597226 ,
湖北中联大药房连锁有限公司石牌岭店,地址：湖北省武汉市洪山区石牌岭高级职业中学门前 ,电话：027-87668243 ,
湖北中联大药房连锁有限公司宜昌西陵路分店,地址：湖北省宜昌市西陵区西陵一路6号 ,电话：0717-6450338 ,
湖北中联大药房连锁有限公司化院店,地址：湖北省武汉市洪山区中船七〇九研究所15栋1门101号 ,电话：027-87533917 ,
湖北中联大药房连锁有限公司宜昌夷陵路分店,地址：湖北省宜昌市西陵区夷陵路13号 ,电话：0717-6851316 ,
湖北中联大药房连锁有限公司华纳1店,地址：湖北省武汉市江汉区步行街武汉万达商业广场c23、c24、c25、c26 ,电话：027-82755402 ,
湖北中联大药房连锁有限公司民院店,地址：湖北省武汉市洪山区民院路5号 ,电话：027-87616646 ,
湖北中联大药房连锁有限公司鲁巷广场店,地址：湖北省武汉市洪山区东湖高新技术开发区珞瑜路726号鲁巷广场负一楼 ,电话：027-87653558 ,
湖北中联大药房连锁有限公司宜昌腾龙分店,地址：湖北省宜昌市伍家岗区隆中路13号腾龙阁11号 ,电话：0717-6227426 ,
湖北中联大药房连锁有限公司循礼门店,地址：湖北省武汉市江岸区解放大道1415号 ,电话：027-85803110 ,
湖北中联大药房连锁有限公司卓刀泉店,地址：湖北省武汉市洪山区武昌卓刀泉路7--2号 ,电话：027-87884520 ,
湖北中联大药房连锁有限公司光谷软件园店,地址：湖北省武汉市洪山区东湖开发区关山一路1号蓝域拿铁公寓9幢一层 ,电话：027-87059808 ,
湖北中联大药房连锁有限公司宜昌夜明珠分店,地址：湖北省宜昌市西陵区夜明珠路21号 ,电话：0717-6797563 ,
湖北中联大药房连锁有限公司江汉北路店,地址：湖北省武汉市江岸区江汉北路4号 ,电话：027-85708858 ,
湖北中联大药房连锁有限公司群光店,地址：湖北省武汉市洪山区珞南街珞瑜路6号 ,电话：027-87664632 ,
湖北中联大药房连锁有限公司城市广场店,地址：湖北省武汉市江岸区汉口城市广场二期（商业）C区第一层第05号商铺C-1-179,电话：027-59005602 ,
湖北中联大药房连锁有限公司街道口店,地址：湖北省武汉市洪山区武珞路679号（陆总医院旁） ,电话：027-87606120 ,
湖北中联大药房连锁有限公司广八路店,地址：湖北省武汉市洪山区广八路邱家湾翰林苑综合楼3号 ,电话：027-87888573 ,
湖北中联大药房连锁有限公司高新二路店,地址：湖北省武汉市洪山区东湖高新技术开发区关南工业园10、11号楼一楼 ,电话：13396075848 ,
湖北中联大药房连锁有限公司卓刀泉南路店,地址：湖北省武汉市洪山区洪山卓刀泉村学雅芳邻第4幢4号房 ,电话：027-87388413 ,
湖北中联大药房连锁有限公司文化大道店,地址：湖北省武汉市江夏区文化大道联投龙湾小区综合楼一层门面 ,电话：15392825680 ,
湖北中联大药房连锁有限公司关南分店,地址：湖北省武汉市洪山区东湖开发区关山大道475号（沃尔玛超市内） ,电话：027-87454541 ,
湖北中联大药房连锁有限公司兴新街店,地址：湖北省武汉市江夏区纸坊街兴新街162号 ,电话：027-87011893 ,
湖北中联大药房连锁有限公司高新六路店,地址：湖北省武汉市江夏区藏龙岛光谷大道中百仓储一楼1-3号商铺 ,电话：027-81303181 ,
湖北中联大药房连锁有限公司光谷店,地址：湖北省武汉市洪山区珞瑜路光谷世界城三楼家乐福超市内 ,电话：027-87424582 ,
湖北中联大药房连锁有限公司新沟桥店,地址：湖北省武汉市青山区新沟桥派出所旁(青山区25街坊) ,电话：027-86317879 ,
湖北中联大药房连锁有限公司首义广场店,地址：湖北省武汉市武昌区彭刘杨路南国首义广场汇第一层第58、59、60号商铺 ,电话：027-88992326 ,
湖北中联大药房连锁有限公司销品茂屈臣氏店,地址：湖北省武汉市洪山区徐东大街18号销品茂2楼 ,电话：027-68898245 ,
湖北中联大药房连锁有限公司解放路店,地址：湖北省武汉市武昌区解放路239号一楼 ,电话：027-88779670 ,
湖北中联大药房连锁有限公司金沙店,地址：湖北省武汉市武昌区紫沙路社保局1楼 ,电话：027-87255162 ,
湖北中联大药房连锁有限公司武珞路店,地址：湖北省武汉市武昌区路586号137栋一层 ,电话：027-87644262 ,
湖北中联大药房连锁有限公司奥山世纪城店,地址：湖北省武汉市青山区和平大道809号奥山世纪城B1层2376B1F0003号 ,电话：027-86306900 ,
湖北中联大药房连锁有限公司沙湖店,地址：湖北省武汉市武昌区中山路螃蟹甲379号2008.新长江广场裙楼一楼 ,电话：027-88857762 ,
湖北中联大药房连锁有限公司柳艳林店,地址：湖北省武汉市武昌区紫阳路街150号一楼1-3 ,电话：027-88069009 ,
湖北中联大药房连锁有限公司百步亭分店,地址：湖北省武汉市江岸区百步亭花园路18号温馨苑AB区309-5（2）号 ,电话：027-82338699 ,
湖北中联大药房连锁有限公司唐蔡路分店,地址：湖北省武汉市江岸区唐蔡路97号 ,电话：027-82652201 ,
湖北中联大药房连锁有限公司妙墩分店,地址：湖北省武汉市江汉区航空路38号 ,电话：027-83871855,
湖北中联大药房连锁有限公司积玉桥店,地址：湖北省武汉市武昌区武昌中山路130号 ,电话：027-88911160 ,
湖北中联大药房连锁有限公司销品茂店,地址：湖北省武汉市武昌区徐东大街18号（销品茂商城沃尔玛内） ,电话：027-68899668 ,
湖北中联大药房连锁有限公司八一路店,地址：湖北省武汉市武昌区八一路22号 ,电话：027-50703062 ,
湖北中联大药房连锁有限公司同济医大店,地址：湖北省武汉市江汉区航空路16号 ,电话：027-83618660 ,
湖北中联大药房连锁有限公司航天双城分店,地址：湖北省武汉市江岸区二七路汉福超市汉口东部购物公园C-1号三楼 ,电话：027-82245532 ,
湖北中联大药房连锁有限公司洪山广场店,地址：湖北省武汉市武昌区中北路特1号家乐福超市二楼 ,电话：027-87272867 ,
湖北中联大药房连锁有限公司首义路店,地址：湖北省武汉市武昌区首义路116号附20号 ,电话：027-88076277 ,
湖北中联大药房连锁有限公司万松园店,地址：湖北省武汉市江汉区万松园路53号 ,电话：027-85732267 ,
湖北中联大药房连锁有限公司王府花园分店,地址：湖北省武汉市江岸区三眼桥路26号 ,电话：027-82614765 ,
湖北中联大药房连锁有限公司南湖广场店,地址：湖北省武汉市武昌区北岗村南湖城市广场地上第三层L313号（沃尔玛超市内） ,电话：027-88709155 ,
湖北中联大药房连锁有限公司水果湖店,地址：湖北省武汉市武昌区武昌东湖路69号水果湖中学初中部一楼门面 ,电话：027-87822532 ,
湖北中联大药房连锁有限公司彭刘杨路店,地址：湖北省武汉市武昌区彭刘杨路192号1层1号 ,电话：027-88855443 ,
湖北中联大药房连锁有限公司二七路分店,地址：湖北省武汉市江岸区二七新村2栋商网1-3号 ,电话：027-82937245 ,
湖北中联大药房连锁有限公司万达菱角湖店,地址：湖北省武汉市江汉区菱角湖万达广场第S1幢1-2层B017-B018号房 ,电话：027-85588719 ,
湖北中联大药房连锁有限公司中央花园店,地址：湖北省武汉市武昌区南湖中央花园69号门面恒安路164号 ,电话：027-88010544 ,
湖北中联大药房连锁有限公司科技馆分店,地址：湖北省武汉市江岸区科技馆路1号 ,电话：027-82922567 ,
湖北中联大药房连锁有限公司新大都店,地址：湖北省武汉市江岸区台北一路11号 ,电话：027-85769851 ,
湖北中联大药房连锁有限公司华苑店,地址：湖北省武汉市江汉区华苑小区紫薇苑1栋1--3底层 ,电话：027-85874273 ,
湖北中联大药房连锁有限公司中山路店,地址：湖北省武汉市武昌区中山路388号 ,电话：027-88076636 ,
湖北中联大药房连锁有限公司中商世纪分店屈臣氏店,地址：湖北省武汉市武昌区中南路14号世纪中商1楼 ,电话：027-87260010 ,
湖北中联大药房连锁有限公司新香港路店,地址：湖北省武汉市江岸区香港路171号 ,电话：027-85720908 ,
湖北中联大药房连锁有限公司武商百圣店,地址：湖北省武汉市江汉区常青路284号武商百盛大楼 ,电话：027-83522690 ,
湖北中联大药房连锁有限公司黄陂广场店,地址：湖北省武汉市黄陂区前川黄陂大道黄埔广场沃尔玛超市 ,电话：027-61106109 ,
湖北中联大药房连锁有限公司时尚明都屈臣氏店,地址：湖北省武汉市武昌区水果湖横路11--13号时尚名都广场 ,电话：027-87844766 ,
湖北中联大药房连锁有限公司中百幸福分店,地址：湖北省武汉市江岸区金桥大道36号中百超市内 ,电话：027-82947294 ,
湖北中联大药房连锁有限公司新世界屈臣氏店,地址：湖北省武汉市硚口区解放大道634号湖北新世界百货1层7号 ,电话：027-83752750 ,
湖北中联大药房连锁有限公司八古墩店,地址：湖北省武汉市江汉区马场二路148号 ,电话：027-85628327 ,
湖北中联大药房连锁有限公司金桥分店,地址：湖北省武汉市江岸区后湖新地东方华府第1幢第1层商铺 ,电话：027-82969905 ,
湖北中联大药房连锁有限公司世贸屈臣氏店,地址：湖北省武汉市武商集团世贸广场购物中心地下一层屈臣氏内 ,电话：027-85449446 ,
湖北中联大药房连锁有限公司台北路店,地址：湖北省武汉市江汉区台北路132号 ,电话：027-85753144 ,
湖北中联大药房连锁有限公司西马路店,地址：湖北省武汉市江汉区解放大道1473-1481号 ,电话：027-85682822 ,
湖北中联大药房连锁有限公司北湖店,地址：湖北省武汉市江汉区北湖南街23-26号 ,电话：027-85782597 ,
湖北中联大药房连锁有限公司大兴路店,地址：湖北省武汉市江汉区大兴路75号 ,电话：027-85651231 ,
湖北中联大药房连锁有限公司友谊南路店,地址：湖北省武汉市江汉区友谊南路 ,电话：027-85675052 ,
湖北中联大药房连锁有限公司天勤花园店,地址：湖北省武汉市硚口区长丰大道天勤花园小区1-2层12号 ,电话：027-83634677 ,
湖北中联大药房连锁有限公司体育中心店,地址：湖北省武汉市汉阳区武汉经济技术开发区武汉经开万达广场A区第S1幢1-2层A1房 ,电话：027-84252771 ,
湖北中联大药房连锁有限公司福源街店,地址：湖北省武汉市硚口区解放大道66号第三独立商铺1-7号,电话：027-83316772 ,
湖北中联大药房连锁有限公司紫润明园分店,地址：湖北省武汉市硚口区长丰街长丰村（紫润明园）26栋17号 ,电话：027-83336960 ,
湖北中联大药房连锁有限公司江汉一桥店,地址：湖北省武汉市硚口区中山大道244号 ,电话：027-85379854 ,
湖北中联大药房连锁有限公司汉西一路店,地址：湖北省武汉市硚口区解放大道182号3栋1层1号 ,电话：027-83986706 ,
湖北中联大药房连锁有限公司辛家地分店,地址：湖北省武汉市硚口区轨道交通一号线古田二路站 ,电话：027-83617820 ,
湖北中联大药房连锁有限公司集贤路店,地址：湖北省武汉市硚口区中山大道131号硚口金利屋24号商铺 ,电话：027-83763441 ,
湖北中联大药房连锁有限公司龙阳一店,地址：湖北省武汉市汉阳区龙阳大道特6号（武汉摩尔城地下一层第B101号） ,电话：027-84459733 ,
湖北中联大药房连锁有限公司蔡正街店,地址：湖北省武汉市蔡甸区蔡正街162号 ,电话：027-84996878 ,
湖北中联大药房连锁有限公司仁寿路店,地址：湖北省武汉市硚口区中山大道316号 ,电话：027-83653951 ,
湖北中联大药房连锁有限公司硚口路店,地址：湖北省武汉市硚口区硚口路151号 ,电话：027-83791591 ,
湖北中联大药房连锁有限公司古田二路店,地址：湖北省武汉市硚口区解放大道109号34号楼1-2层6号 ,电话：027-83854617 ,
湖北中联大药房连锁有限公司水厂店,地址：湖北省武汉市硚口区解放大道大武汉家装G栋沃尔玛超市三楼内 ,电话：027-83998857 ,
湖北中联大药房连锁有限公司营房村店,地址：湖北省武汉市硚口区营房北村1栋1层 ,电话：027-83630882 ,
湖北中联大药房连锁有限公司铜锣湾屈臣氏店,地址：湖北省武汉市汉阳区汉阳大道128号铜锣湾一楼屈臣氏超市内 ,电话：027-89833350 ,
湖北中联大药房连锁有限公司王家湾屈臣氏店,地址：湖北省武汉市汉阳区汉阳大道577号 ,电话：027-84632635 ,
湖北中联大药房连锁有限公司麒麟路店,地址：湖北省武汉市汉阳区永丰乡汉桥村中百仓储内一楼 ,电话：027-84641195 ,
湖北中联大药房连锁有限公司古田四路店,地址：湖北省武汉市硚口区解放大道134号紫微花园4-1号 ,电话：027-83820413 ,
湖北中联大药房连锁有限公司都是兰亭店,地址：湖北省武汉市汉阳区汉阳大道与鹦鹉大道交汇处东南角（沃尔玛超市内） ,电话：027-84598930 ,
湖北中联大药房连锁有限公司泰合百花园店,地址：湖北省武汉市汉阳区经济开发区泰合百花园第3、4栋1单元10号房 ,电话：027-84235339 ,
湖北中联大药房连锁有限公司富康店,地址：湖北省武汉市汉阳区武汉经济技术开发区宁康路神龙商业街一期119-120号,电话：027-84798290 ,
湖北中联大药房连锁有限公司闽东国际店,地址：湖北省武汉市汉阳区大道140号闽东国际城 ,电话：027-84841730 ,
湖北中联大药房连锁有限公司知音西村店,地址：湖北省武汉市汉阳区汉阳西村55栋1楼 ,电话：027-84639460 ,
湖北中联大药房连锁有限公司翠微路店,地址：湖北省武汉市汉阳区翠微路8号 ,电话：027-84818229 ,
湖北中联大药房连锁有限公司经开金街店,地址：湖北省武汉市汉阳区经济技术开发区武汉经开万达广场A区第S1幢1-2层B36号房,电话：027-84472488 ,
湖北中联大药房连锁有限公司金凯店,地址：湖北省武汉市汉阳区武汉经济技术开发区金凯购物中心A-02号铺 ,电话：027-84296933 ,
老百姓大药房连锁股份有限公司湖北公司武汉三弓路店,地址：湖北省武汉市青山区58街坊“园林星城”1层2-4号 ,电话：15717103712 ,
老百姓大药房连锁股份有限公司湖北公司武汉新华明渠店,地址：湖北省武汉市江汉区新华小路41号 ,电话：15202748418 ,
老百姓大药房连锁股份有限公司湖北公司武汉姑嫂树路店,地址：湖北省武汉市江汉区姑嫂树路32号 ,电话：15202709471 ,
老百姓大药房连锁股份有限公司湖北公司武汉育才街店,地址：湖北省武汉市江岸区三眼桥三、四村住宅小区1栋1层 ,电话：15727013843 ,
老百姓大药房连锁股份有限公司湖北公司工业二路店,地址：湖北省武汉市青山区111街58号 ,电话：13407136467 ,
老百姓大药房连锁股份有限公司湖北公司武汉北湖正街店,地址：湖北省武汉市江汉区北湖正街6号2栋 ,电话：15727022754 ,
老百姓大药房连锁股份有限公司湖北公司武汉工业三路店,地址：湖北省武汉市青山区工业三路32号 ,电话：15202752401 ,
老百姓大药房连锁股份有限公司湖北公司武汉三眼桥路店,地址：湖北省武汉市江汉区唐蔡路23号B栋1层 ,电话：15717173421 ,
老百姓大药房连锁股份有限公司湖北公司武汉唐家墩店,地址：湖北省武汉市江汉区新华下路169号 ,电话：15717179640 ,
老百姓大药房连锁股份有限公司湖北公司民意店,地址：湖北省武汉市桥口区中山大道277号 ,电话：027-85855315,
老百姓大药房连锁股份有限公司湖北公司武汉香江花园店,地址：湖北省武汉市江汉区香江花园2栋1-夹层2室 ,电话：15202706959 ,
老百姓大药房连锁股份有限公司湖北公司武汉解放公园路店,地址：湖北省武汉市江岸区解放公园路19号稷园大厦 ,电话：15727021854 ,
老百姓大药房连锁股份有限公司湖北公司武汉北湖西路店,地址：湖北省武汉市江汉区北湖公寓1栋1层10号、11号 ,电话：15202743039 ,
老百姓大药房连锁股份有限公司湖北公司武汉苗栗路紫荆花园店,地址：湖北省武汉市江岸区苗栗路台北商场1楼 ,电话：15202701338 ,
老百姓大药房连锁股份有限公司湖北公司武汉古田四路店,地址：湖北省武汉市桥口区解放大道134号 ,电话：15717102425 ,
老百姓大药房连锁股份有限公司湖北公司武汉吉庆店,地址：湖北省武汉市江汉区吉庆街与交易街十字路口 ,电话：15202750784 ,
老百姓大药房连锁股份有限公司湖北公司武汉赵家条店,地址：湖北省武汉市江岸区解放大道1683号 ,电话：15002760023 ,
老百姓大药房连锁股份有限公司湖北公司武汉妙墩路店,地址：湖北省武汉市江汉区青年路59号华玻商住楼2-3裙楼1层1室 ,电话：15717126271 ,
老百姓大药房连锁股份有限公司湖北公司武汉三眼桥北路店,地址：湖北省武汉市江岸区香港路与三眼桥北路十字路口 ,电话：15727048291 ,
老百姓大药房连锁股份有限公司湖北公司新华店,地址：湖北省武汉市江汉区武汉市新华路186号福星城市花园2号楼 ,电话：15717132183 ,
老百姓大药房连锁股份有限公司湖北公司武汉常青三路店,地址：湖北省武汉市江汉区花苑小区三期一单元 ,电话：15717126270 ,
老百姓大药房连锁股份有限公司湖北公司武汉红旗渠店,地址：湖北省武汉市江汉区红旗渠路2号 ,电话：15717174342 ,
老百姓大药房连锁股份有限公司湖北公司武汉南京路店,地址：湖北省武汉市江岸区南京路45号第一层 ,电话：15717171546 ,
老百姓大药房连锁股份有限公司湖北公司蔡家田店,地址：湖北省武汉市江岸区江大路298号 ,电话：15727008291 ,
老百姓大药房连锁股份有限公司湖北公司武汉九万方店,地址：湖北省武汉市江岸区江大路创业大厦1楼 ,电话：15202701507 ,
老百姓大药房连锁股份有限公司湖北公司武汉徐洲新村店,地址：湖北省武汉市江岸区区二七新村（徐洲四村）2栋1层5、6号商网 ,电话：15727075307 ,
老百姓大药房连锁股份有限公司湖北公司竹叶山店,地址：湖北省武汉市江岸区黄孝河路69-71号 ,电话：15717132175 ,
老百姓大药房连锁股份有限公司湖北公司武汉凯旋嘉苑店,地址：湖北省武汉市江岸区洞庭街与合作路交叉口（中国海事一楼） ,电话：15727015374 ,
老百姓大药房连锁股份有限公司湖北公司湖边坊店,地址：湖北省武汉市江岸区澳门路148-150号 ,电话：15727070473 ,
老百姓大药房连锁股份有限公司湖北公司武汉钢洲花园店,地址：湖北省武汉市青山区友谊大道钢洲花园 ,电话：15202506959 ,
老百姓大药房连锁股份有限公司湖北公司武汉卓刀泉路店,地址：湖北省武汉市洪山区卓刀泉南路20号 ,电话：15202744552 ,
老百姓大药房连锁股份有限公司湖北公司汉阳火车站店,地址：湖北省武汉市汉阳区汉阳大道275号 ,电话：15717174328 ,
老百姓大药房连锁股份有限公司湖北公司南湖山庄店,地址：湖北省武汉市洪山区珞狮路南湖山庄12栋101房 ,电话：15202761749 ,
老百姓大药房连锁股份有限公司湖北公司黄石延安路店,地址：湖北省黄石市黄石港区延安路21-22号 ,电话：0714-6552903 ,
老百姓大药房连锁股份有限公司湖北公司武汉显正街店,地址：湖北省武汉市汉阳区区显正街125号1栋1层2.3.4.5.6室 ,电话：15717108587 ,
老百姓大药房连锁股份有限公司湖北公司汉阳麒麟路店,地址：湖北省武汉市汉阳区汉阳大道642号 ,电话：15717132410 ,
老百姓大药房连锁股份有限公司湖北公司武汉十升路店,地址：湖北省武汉市汉阳区十里铺180号 ,电话：15202706922 ,
老百姓大药房连锁股份有限公司湖北公司黄石红旗桥店,地址：湖北省黄石市黄石港区黄石大道820号汇龙大夏 ,电话：0714-6284656 ,
老百姓大药房连锁股份有限公司湖北公司武汉祥丰路店,地址：湖北省武汉市洪山区建一南路钢都公寓三号 ,电话：15727050128 ,
老百姓大药房连锁股份有限公司湖北公司武汉将军一路店,地址：湖北省武汉市东西湖区将军一路银杏街车站旁 ,电话：15202701361 ,
老百姓大药房连锁股份有限公司湖北公司黄石上窑店,地址：湖北省黄石市西塞山区湖滨大道347号 ,电话：0714-6317179 ,
老百姓大药房连锁股份有限公司湖北公司武汉华城新都店,地址：湖北省武汉市洪山区区雄楚大街937，939号 ,电话：15202796154 ,
老百姓大药房连锁股份有限公司湖北公司武汉大桥局店,地址：湖北省武汉市汉阳区金桥嘉园一楼汉阳大道38-56、40-56号56-1号,电话：15717179630 ,
老百姓大药房连锁股份有限公司湖北公司黄石黄思湾店,地址：湖北省黄石市西塞山区黄厂街路39号 ,电话：0714-6454282 ,
老百姓大药房连锁股份有限公司湖北公司武汉司门口店,地址：湖北省武汉市武昌区司门口中华路与解放路十字路口,电话：无,
老百姓大药房连锁股份有限公司湖北公司南湖花园店,地址：湖北省武汉市武昌区南国苏豪北区1、2、3栋1－2层37-39号,电话：无,
老百姓大药房连锁股份有限公司湖北公司丁字桥店,地址：湖北省武汉市武昌区武珞路558号,电话：无,
老百姓大药房连锁股份有限公司湖北公司首义店,地址：湖北省武汉市武昌区彭刘杨路262号,电话：无,
老百姓大药房连锁股份有限公司湖北公司武汉民主路店,地址：湖北省武汉市武昌区民主路353号,电话：无,
老百姓大药房连锁股份有限公司湖北公司武汉武泰闸店,地址：湖北省武汉市武昌区栅栏口16号2层2号,电话：无,
老百姓大药房连锁股份有限公司湖北公司武汉陈家湾店,地址：湖北省武汉市武昌区卓刀泉南路108号第一层 ,电话：无,
老百姓大药房连锁股份有限公司湖北公司水果湖店,地址：湖北省武汉市武昌区水果湖横路41号,电话：无,
老百姓大药房连锁股份有限公司湖北公司武汉东亭店,地址：湖北省武汉市武昌区黄鹂路23号,电话：无,
老百姓大药房连锁股份有限公司湖北公司武汉火炬路店,地址：湖北省武汉市武昌区中华路新华村4-15号金厦银座A栋1层A-1-7号门面,电话：无,
老百姓大药房连锁股份有限公司湖北公司武汉大成路店,地址：湖北省武汉市武昌区彭刘杨路52号,电话：无,
老百姓大药房连锁股份有限公司湖北公司武汉涂家岭店,地址：湖北省武汉市武昌区丁字桥路80附7,电话：无,
老百姓大药房连锁股份有限公司湖北公司武汉南湖祥和苑店,地址：湖北省武汉市江岸区瑞安街2号,电话：无,
老百姓大药房连锁股份有限公司湖北公司武汉余家头店,地址：湖北省武汉市武昌区柴林头9栋1号,电话：无,
老百姓大药房连锁股份有限公司湖北公司武汉南湖华锦花园店,地址：湖北省武汉市武昌区南湖华锦花园春天故事324栋1单元-2层8室,电话：无,
老百姓大药房连锁股份有限公司湖北公司武汉南湖虹顶家园店,地址：湖北省武汉市武昌区恒安路富安街车站旁,电话：无,
老百姓大药房连锁股份有限公司湖北公司武汉冶金大道店,地址：湖北省武汉市青山区二十五街坊,电话：无,
武汉贝克大药房有限公司车家岭店,地址：湖北省武汉市中北路统建锦绣江南二期19幢1层商2号,电话：027-87894026,
武汉贝克大药房有限公司水果湖店,地址：湖北省武汉市东三路南苑村19栋21号三单元,电话：027-87123276,
武汉贝克大药房有限公司大东门店,地址：湖北省武汉市武昌区武珞路二巷4号,电话：027-88316760,
武汉贝克大药房有限公司天顺园店,地址：湖北省武汉市硚口区长丰乡长丰村天顺园小区919栋 ,电话：027-83323212,
武汉贝克大药房有限公司大花岭店,地址：湖北省武汉市江夏区大桥新区大花岭还建小区红花路B2栋一层门面一档,电话：027-86635109,
武汉贝克大药房有限公司金家墩店,地址：湖北省武汉市江汉区发展大道183号,电话：027-83921390,
武汉贝克大药房有限公司绿色晴川店,地址：湖北省武汉市墨水湖北路绿色晴川1号楼7号门面,电话：027-84666338,
武汉贝克大药房有限公司金地格林店,地址：湖北省武汉市书城路金地格林小城美茵1区G栋G单元1层,电话：027-87675576,
武汉贝克大药房有限公司明泽丽湾店,地址：湖北省武汉市珞狮南路519号明泽丽湾,电话：027-87673036,
武汉贝克大药房有限公司临江店,地址：湖北省武汉市武昌区临江大道30号,电话：027-88926412,
好药师大药房滠口舒家药店,地址：湖北省武汉市黄陂区中兴大街176,电话：027-61865151,
好药师大药房百姓店,地址：湖北省武汉市江夏区古译路,电话：027-87917936,
好药师大药房保宁店,地址：湖北省武汉市汉南区纱帽正街206,电话：027-84854179,
好药师大药房祁家湾店,地址：湖北省武汉市黄陂区朝前街38号,电话：027-61721049,
好药师大药房长堰店,地址：湖北省武汉市黄陂区王家河镇长堰街堰中路,电话：027-85017680,
好药师大药房白沙洲海鲜店,地址：湖北省武汉市洪山区白沙洲农产品大市场内,电话：027-88155863,
好药师大药房李集方安店,地址：湖北省武汉市黄陂区310省道,电话：027-61620771,
好药师大药房兴海店,地址：湖北省武汉市江汉区红旗渠路51,电话：027-65661505,
好药师大药房常福店,地址：湖北省武汉市蔡甸区老街101,电话：027-69572562,
好药师大药房万松店,地址：湖北省武汉市江汉区银松道109附3,电话：027-85803567,
好药师大药房金雅店,地址：湖北省武汉市江汉区红旗渠路90号附近,电话：027-65665690,
好药师大药房黄陂爱心店,地址：湖北省武汉市黄陂区龙兴街205,电话：027-61636200,
好药师大药房横店店,地址：湖北省武汉市黄陂区横店大街,电话：027-61762890,
好药师大药房甘棠店,地址：湖北省武汉市黄陂区民建街28号,电话：027-85081006,
好药师大药房将军路店,地址：湖北省武汉市东西湖区将军路3附1,电话：027-83942066,
好药师大药房华苑店,地址：湖北省武汉市江汉区常青三路100附6,电话：027-65609950,
好药师大药房福康店,地址：湖北省武汉市汉南区汉南大道773,电话：027-84750210,
好药师大药房汉口花园店,地址：湖北省武汉市江汉区后湖大道17附42,电话：027-85559662,
好药师大药房永明店,地址：湖北省武汉市江岸区兴业路191附6附近,电话：027-82296848,
好药师大药房建伟店,地址：湖北省武汉市江汉区马场角小路,电话：027-85882081,
好药师大药房团结路店,地址：湖北省武汉市洪山区徐东二路28号附近,电话：027-51871790,
好药师大药房康乐大药房,地址：湖北省武汉市洪山区静安路8附32,电话：027-88776875,
好药师大药房新家苑店,地址：湖北省武汉市江岸区长湖地一村15附近,电话：027-82933121,
好药师大药房体育馆路店,地址：湖北省武汉市武昌区体育馆路1附39,电话：027-87320500,
好药师大药房洪山大药房,地址：湖北省武汉市洪山区石牌岭3-6号附近,电话：027-51123287,
好药师大药房同安家园店,地址：湖北省武汉市江岸区后湖大道158号附近,电话：027-82968307,
好药师大药房惠民店,地址：湖北省武汉市江岸区兴业路168附1,电话：027-82962190,
好药师大药房明伦街店,地址：湖北省武汉市武昌区明仑正街与白沙洲大道交叉处附近,电话：027-88075051,
好药师大药房北湖正街店,地址：湖北省武汉市江汉区北湖正街14号附近,电话：027-85493593,
好药师大药房周家大湾店,地址：湖北省武汉市洪山区省旅游局对面,电话：027-87309597,
好药师大药房武昌惠民店,地址：湖北省武汉市武昌区秦园路生鲜市场附近,电话：027-82933544,
好药师大药房凯旋门店,地址：湖北省武汉市洪山区徐东大街35附74,电话：027-86827131,
好药师大药房康居店,地址：湖北省武汉市硚口区中山大道46号唐家巷,电话：027-83937198,
好药师大药房徐东新村店,地址：湖北省武汉市武昌区友谊大道510号附近,电话：027-86728240,
好药师大药房金榜店,地址：湖北省武汉市武昌区后长街与读书院交叉处附近,电话：027-88320655,
好药师大药房徐州新村店,地址：湖北省武汉市江岸区解放大道2389,电话：027-82933085,
好药师大药房康健店,地址：湖北省武汉东西湖区常青花园中路16,电话：027-83913066,
好药师大药房康泰店,地址：湖北省武汉市蔡甸区康泰路74,电话：027-84391296,
好药师大药房惠誉花园店,地址：湖北省武汉市武昌区和平大道850号惠誉花园9栋1层20号,电话：027-50800666,
好药师大药房天宇店,地址：湖北省武汉市江岸区汉口江滩三期附近,电话：027-82961990,
好药师大药房钢城店,地址：湖北省武汉市青山区冶金一街6附2,电话：027-51605084,
好药师大药房宏昌店,地址：湖北省武汉市洪山区宏昌路3号附近,电话：027-86723066,
好药师大药房人康店,地址：湖北省武汉江岸区解放大道1258附近,电话：027-82719396,
好药师大药房铁四院店,地址：湖北省武汉市武昌区杨园街与建新路交叉处附近,电话：027-50861125,
好药师大药房东亭店,地址：湖北省武汉市武昌区东亭路10附7,电话：027-88992785,
好药师大药房马祖路店,地址：湖北省武汉市江岸区苗栗路71,电话：027-82431513,
好药师大药房八铺街店,地址：湖北省武汉市武昌区八铺围堤与玻璃塘交叉处附近,电话：027-88125506,
好药师大药房六合店,地址：湖北省武汉市江岸区陈怀民路4附3,电话：027-51277560,
好药师大药房台北路,地址：湖北省武汉市江岸区台北路2号附近,电话：027-85778852,
好药师大药房锶业小区店,地址：湖北省武汉市江夏区学府路1附23号,电话：无,
好药师大药房康宁店,地址：湖北省武汉市汉南区碧云轩14,电话：027-84759426,
好药师大药房流芳店,地址：湖北省武汉市江夏区杨桥湖大道附近,电话：无,
好药师大药房玉龙岛店,地址：湖北省武汉市江夏区玉龙岛附近,电话：027-87922837,
好药师大药房江夏熊廷弼路店,地址：湖北省武汉市江夏区熊廷弼路120,电话：027-87919789,
好药师大药房新洲周铺店,地址：湖北省武汉市新洲区109省道附近,电话：027-89082111,
好药师大药房白沙州大市场店,地址：湖北省武汉市洪山区白沙洲农产品大市场内,电话：027-88755503,
好药师大药房森林花园店,地址：湖北省武汉市洪山区珞喻东路14附10,电话：027-87745501,
好药师大药房翠微店,地址：湖北省武汉市汉阳区朝阳路101号,电话：027-84833629,
好药师大药房鲁磨路店,地址：湖北省武汉市洪山区中国地质大学附近,电话：027-87436869,
好药师大药房民大店,地址：湖北省武汉市洪山区白沙洲大道附近,电话：027-62652601,
好药师大药房花山小区店,地址：湖北省武汉市江夏区江夏大道158附56,电话：027-81810885,
好药师大药房吴中路店,地址：湖北省武汉市东西湖区吴中街348,电话：027-83386497,
好药师大药房新生店,地址：湖北省武汉市汉南区桂庄路43,电话：027-84732011,
好药师大药房石牌岭店,地址：湖北省武汉市洪山区石牌岭5附4,电话：027-87216601,
好药师大药房阳新路店,地址：湖北省武汉市汉阳区梅岩村1-4号1栋,电话：027-84833262,
好药师大药房大花岭店,地址：湖北省武汉市武汉市江夏区大桥新区大花岭小区F2栋,电话：027-81941346,
好药师大药房汉纸店,地址：湖北省武汉市蔡甸区汉纸东路316号,电话：027-84894107,
好药师大药房白沙州店,地址：湖北省武汉市洪山区武湘公路,电话：027-59800186,
好药师大药房柏泉店,地址：湖北省武汉市东西湖区东正街85,电话：027-83236900,
好药师大药房杨泗港店,地址：湖北省武汉市汉阳区鹦鹉大道281号附近,电话：027-84526865,
好药师大药房葛化店,地址：湖北省武汉市洪山区葛化正街27,电话：027-87600160,
好药师大药房阳逻平民店,地址：湖北省武汉市新洲区阳光大道616号,电话：027-86967827,
好药师大药房桃花岛店,地址：湖北省武汉市汉阳区七里二村124附4,电话：027-84643492,
好药师大药房径河店,地址：湖北省武汉市东西湖区十字南街2号附近,电话：027-83233847,
好药师大药房郁馨花园店,地址：湖北省武汉市洪山区白沙洲大道301附17,电话：027-88114945,
好药师大药房磨山新村店,地址：湖北省武汉市汉阳区汉阳大道磨山新村279号,电话：027-15107166961,
好药师大药房民大商院店,地址：湖北省武汉市洪山区白沙洲大道附近,电话：027-88155864,
好药师大药房阳逻关下街店,地址：湖北省武汉市新洲区阳逻街高新路,电话：027-86979248,
好药师大药房常青店,地址：湖北省武汉市东西湖区公园南路8号附近,电话：027-83960507,
好药师大药房革新路店,地址：湖北省武汉市东西湖区革新大道588,电话：027-50535122,
好药师大药房联城路店,地址：湖北省武汉市蔡甸区联城路69附2,电话：027-84239372,
好药师大药房田园店,地址：湖北省武汉市东西湖区望丰侧路1,电话：027-83240776,
好药师大药房宝洁店,地址：湖北省武汉市东西湖区姑李公路附近,电话：027-18986098947,
好药师大药房爱之家店,地址：湖北省武汉市硚口区上铁大厂45,电话：027-83311970,
好药师大药房仁寿路店,地址：湖北省武汉市硚口区仁寿路23,电话：027-83768202,
好药师大药房名都花园店,地址：湖北省武汉市洪山区名都花园305栋1层1室,电话：027-87752218,
好药师大药房古词店,地址：湖北省武汉市乔口区古田二路10,电话：027-59841750,
好药师大药房智信店,地址：湖北省武汉市硚口区建国路29号附近,电话：027-59227627,
好药师大药房营南店,地址：湖北省武汉市硚口区利济东街27号附2,电话：027-85856700,
好药师大药房锦绣江南店,地址：湖北省武汉市武昌区中北路车家岭统建锦锈江南二期12号商铺,电话：027-86653172,
好药师大药房万安店,地址：湖北省武汉市硚口区万安巷B栋一层4243室,电话：027-85677952,
好药师大药房太康城店,地址：湖北省武汉市汉阳区龙阳大道85号太康南国明珠参茸保健品综合商城B1-01商铺,电话：无,
好药师大药房兴万家店,地址：湖北省武汉市硚口区云鹤三村20附9,电话：027-83490511,
好药师大药房解放路店,地址：湖北省武汉市武昌区解放路246-1号,电话：027-88057612,
好药师大药房五医院店,地址：湖北省武汉市汉阳区五医院斜对面,电话：027-63400793,
好药师大药房涂家岭店,地址：湖北省武汉市武昌区中南路街涂家岭1号,电话：027-87895161,
好药师大药房保利心语店,地址：湖北省武汉市洪山区南湖农业园保利心语2—16幢S63号商铺,电话：027-87397188,
好药师大药房江夏文化路店,地址：湖北省武汉市江夏区文化路龙发颐馨园第壹幢壹贰层15号铺面,电话：027-81818916,
好药师大药房天顺园店,地址：湖北省武汉市硚口区长祥路附近,电话：027-83306343,
好药师大药房友谊国际店,地址：湖北省武汉市武昌区沙湖路友谊国际2期2-7、2-8商铺,电话：027-88706181,
好药师大药房关山店,地址：湖北省武汉市武昌区楚雄大道明珠花园20号,电话：027-62707907,
好药师大药房粮道街店,地址：湖北省武汉市武昌区马蹄银路43号,电话：027-51810115,
好药师大药房汉欣苑店,地址：湖北省武汉市汉阳区汉城村一期,电话：027-84679682,
好药师大药房庙山店,地址：湖北省武汉市江夏区庙山管委会中商平价广场一楼,电话：027-81705855,
好药师大药房琴台大道店,地址：湖北省武汉市汉阳区国信新城二期3号门面房,电话：027-84659936,
好药师大药房肖家墩店,地址：湖北省武汉市硚口区古田二路古音路,电话：027-83305776,
好药师大药房丽华店,地址：湖北省武汉市洪山区团结大道丽华苑10幢楼1层10-03号房,电话：027-86679915,
好药师大药房鲁巷店,地址：湖北省武汉市洪山区卓刀泉路398号西侧荣军路第B-21号商铺,电话：027-87447880,
好药师大药房知音东村店,地址：湖北省武汉市汉阳区郭茨口玫瑰街知音东村超市旁,电话：027-84623257,
好药师大药房玫瑰二店,地址：湖北省武汉市汉阳区玫瑰街,电话：027-84625786,
好药师大药房团结新村店,地址：湖北省武汉市武昌区四干道团结村22-23号,电话：027-86815229,
好药师大药房建港店,地址：湖北省武汉市汉阳区鹦鹉大道265号芳卉园28号楼一层5-6商铺,电话：027-84667797,
好药师大药房奥林花园店,地址：湖北省武汉市武汉经济技术开发区金色港湾,电话：027-84253571,
好药师大药房七里店,地址：湖北省武汉市汉阳区汉钢路532号9#商铺,电话：027-84668053,
好药师大药房马沧湖店,地址：湖北省武汉市汉阳区马沧湖路83号金源华庭1层,电话：027-84801641,
好药师大药房汉南店,地址：湖北省武汉市汉南区汉南纱帽正街武商量畈1楼,电话：027-84850007,
好药师大药房五里新村店,地址：湖北省武汉市汉阳区汉阳大道301号,电话：027-84838975,
好药师大药房香港路店,地址：湖北省武汉市江岸区香港路康怡花园3栋一层18-1,电话：027-82410451,
好药师大药房均大店,地址：湖北省武汉市经济技术开发区沌口小区11号,电话：无,
好药师大药房宝丰二路店,地址：湖北省武汉市硚口区宝丰二路50号 ,电话：027-83640945,
好药师大药房古正北路店,地址：湖北省武汉市硚口区解放大道辛家地易农街中百超市旁,电话：027-83306182,
好药师大药房玫瑰街店,地址：湖北省武汉市汉阳区玫瑰园街89号1楼商铺,电话：027-84672556,
好药师大药房紫润店,地址：湖北省武汉市硚口区古田二路紫润明园小区门口 ,电话：无,
好药师大药房东立国际店,地址：湖北省武汉市江岸区二七路东立国际61号门面,电话：027-82284545,
好药师大药房天仁世欣店,地址：湖北省武汉市汉阳区江江堤中路江欣苑三期,电话：027-84458288,
好药师大药房圣元康店,地址：湖北省武汉市江汉区常青街常发里134号,电话：027-83658940,
好药师大药房青宜居店,地址：湖北省武汉市青山区和平大道与新村路交汇处建设11路,电话：027-86327166,
好药师大药房泰福堂店,地址：湖北省武汉市江汉区北湖西路6号凤凰城2懂1层5号,电话：027-65659406,
好药师大药房后湖东方店,地址：湖北省武汉市江岸区兴业南路盛世东方小区正门口,电话：027-82896730,
好药师大药房新花莲店,地址：湖北省武汉市江岸区友益街53号,电话：027-82355508,
好药师大药房唐家墩店,地址：湖北省武汉市江汉区唐蔡路121号雅苑公寓1栋B单元1层6-8室,电话：027-85883661,
益丰大药房连锁股份有限公司武汉长港路分店,地址：湖北省武汉市长港路与新湾三路交汇处,电话：无,
益丰大药房连锁股份有限公司武汉建安街风华天城分店,地址：湖北省武昌区建安街水域天际小区门口,电话：027-88515595,
益丰大药房连锁股份有限公司武汉秦园路分店,地址：湖北省武汉市武昌区秦园路,电话：027-88705090,
益丰大药房连锁股份有限公司武汉融侨华府分店,地址：湖北省武汉市武昌区和平大道三层楼,电话：027-88869378,
益丰大药房连锁股份有限公司武汉市大成路分店,地址：湖北省武汉市武昌区大成路,电话：027-88188930,
益丰大药房连锁股份有限公司武汉市显正街分店,地址：湖北省武汉市汉阳区显正街,电话：027-84861038,
益丰大药房连锁股份有限公司武汉市马沧湖路分店,地址：湖北省武汉市汉阳区马沧湖路,电话：027-84861058,
益丰大药房连锁股份有限公司武汉兴业南路分店,地址：湖北省武汉市兴业南路与后湖四路交汇处,电话：027-82335595,
益丰大药房连锁股份有限公司武汉涂家岭分店,地址：湖北省武汉市武昌区福安街,电话：027-87332448,
益丰大药房连锁股份有限公司武汉四明路分店,地址：湖北省武汉市东西湖区吴中路与四明路交汇处,电话：027-83384588,
益丰大药房连锁股份有限公司武汉紫阳街分店,地址：湖北省武汉市武昌区水陆街19号,电话：027-88855068,
益丰大药房连锁股份有限公司武汉北城巷分店,地址：湖北省武汉市汉阳区汉阳大道平山正街5号,电话：027-84686353,
益丰大药房连锁股份有限公司武汉二七路东立国际分店,地址：湖北省武汉市江岸区二七横路,电话：027-82285510,
益丰大药房连锁股份有限公司武汉正义路分店,地址：湖北省武汉市江岸区正义路28号,电话：027-82932668,
益丰大药房连锁股份有限公司武汉江博社区分店,地址：湖北省武汉市汉阳区江堤中路江博社区,电话：027-84880868,
益丰大药房连锁股份有限公司武汉崇仁路分店,地址：湖北省武汉市崇仁路81-83号门面,电话：027-83605055,
益丰大药房连锁股份有限公司武汉百步亭分店,地址：湖北省武汉市江岸区百步亭花园路18号,电话：027-82715010,
益丰大药房连锁股份有限公司武汉三弓路分店,地址：湖北省武汉市青山区三弓路青山妇幼保健院对面,电话：027-86855886,
益丰大药房连锁股份有限公司武汉二七路店,地址：湖北省武汉市二七路,电话：027-82659288,
益丰大药房连锁股份有限公司武汉武珞路五巷分店,地址：湖北省武汉市武昌区中南路街武珞路五巷58号第3幢一层71.72号门面,电话：027-87832186,
益丰大药房连锁股份有限公司武汉澳门路分店,地址：湖北省武汉市江岸区湖边坊741-743号一层,电话：027-82706986,
益丰大药房连锁股份有限公司武汉易农街分店,地址：湖北省市武汉市硚口区古田三路融侨锦城南门,电话：027-83787978,
益丰大药房连锁股份有限公司武汉梨花园路分店,地址：湖北省武汉市东西湖区吴家山文家巷梨花园小区旁,电话：027-83297660,
益丰大药房连锁股份有限公司武汉西马路分店,地址：湖北省武汉市西马路63号,电话：027-65655108,
益丰大药房连锁股份有限公司武汉白玉五街分店,地址：湖北省武汉市青山区白玉山白玉五街康宁路4号,电话：027-86876086,
益丰大药房连锁股份有限公司武汉武胜西街分店,地址：湖北省武汉市硚口区武胜西路57号一层57-5号,电话：027-83636503,
益丰大药房连锁股份有限公司武汉才盛景苑分店,地址：湖北省武汉市洪山区和平乡铁机村保利·才景苑4栋二单元,电话：027-86585036,
益丰大药房连锁股份有限公司武汉二七路分店,地址：湖北省武汉市江岸区二七横路铁工侧门旁,电话：027-82771990,
益丰大药房连锁股份有限公司武汉古田四路分店,地址：湖北省武汉市古田四路长嘉路15号,电话：027-88189580,
益丰大药房连锁股份有限公司武汉市江汉北路分店,地址：湖北省武汉市江汉区江汉北路,电话：027-85858676,
益丰大药房连锁股份有限公司武汉起义路分店,地址：湖北省武汉市武昌区起义路22号,电话：027-88517386,
益丰大药房连锁股份有限公司武汉市俊才街分店,地址：湖北省武汉市江岸区俊才街,电话：027-82336112,
益丰大药房连锁股份有限公司武汉将军路分店,地址：湖北省武汉市东西湖区养殖场黄杨路南第A2幢10单元首层20-21号,电话：027-85568778,
益丰大药房连锁股份有限公司武汉卓刀泉分店,地址：湖北省武汉市洪山区卓刀泉南路119号,电话：027-87185278,
益丰大药房连锁股份有限公司武汉武车村路分店,地址：湖北省武汉市武昌区武车建安村1栋1层5、6、7号门面,电话：027-86710139,
益丰大药房连锁股份有限公司武汉简易路店,地址：湖北省武汉市简易路50号,电话：027-83990918,
益丰大药房连锁股份有限公司武汉冶金一街分店,地址：湖北省武汉市青山区冶金一街5号,电话：027-86871966,
益丰大药房连锁股份有限公司武汉振兴路店,地址：湖北省武汉市振兴路124号,电话：027-83730788,
益丰大药房连锁股份有限公司武汉古田路店,地址：湖北省武汉古田路东方花城79号,电话：027-88189908,
益丰大药房连锁股份有限公司武汉铭新街店,地址：湖北省武汉市江岸区铭新街与汇通路交汇处,电话：027-82786608,
湖南益丰荆门金典家园分店,地址：湖北省荆门市掇刀区忠勇路金典家园小区,电话：0724-2483790,
湖南益丰荆门星火分店,地址：湖北省荆门市掇刀区星火路与汉正街交汇处,电话：0724-2440668,
湖南益丰荆门关公路分店,地址：湖北省荆门市掇刀区关公大道阳光水岸一楼,电话：0724-2419774,
湖南益丰荆门象山路分店,地址：湖北省荆门市象山大道市一医对面,电话：0724-2379088,
湖南益丰荆门长宁大道分店,地址：湖北省荆门市象山路与长宁大道交汇处（新一佳旁）,电话：0724-2373188,
湖南益丰荆门京山城中路分店,地址：湖北省荆门市京山县城中路三角洲圆盘,电话：0724-7220025,
湖南益丰荆门白云路分店,地址：湖北省荆门市白云大道汽车客运中心对面,电话：0724-2336878,
湖南益丰荆门苏畈桥分店,地址：湖北省荆门市象山大道苏畈桥原东方百货超市,电话：0724-2308736,
湖南益丰恩施航空北路分店,地址：湖北恩施市航空北路,电话：0718-8255678,
湖南益丰咸丰武粮路分店,地址：湖北省恩施咸丰县武粮路,电话：0718-6831825,
湖南益丰来凤解放路分店,地址：湖北省恩施州来凤县解放路47号,电话：0718-6286627,
湖南益丰宜昌东湖路分店,地址：湖北省宜昌市东湖一路80号,电话：0717-6726389,
湖南益丰宜昌金家台分店,地址：湖北省宜昌市夷陵大道79号,电话：0717-6275138,
湖南益丰宜都工农路分店,地址：湖北省宜昌市宜都市陆城工农路6号,电话：0717-4828120,
湖南益丰石首建设路分店,地址：湖北省荆州市石首市皇叔街口广兴购物广场旁,电话：0716-7284488,
