甘肃德生堂大药房连锁经营有限公司成纪大道大药店,地址：甘肃省天水市秦州区绿色市场成纪大道(近成纪大道大药房),电话：0938-2650454,
信谊堂药业有限责任公司,地址：甘肃省张掖市甘州区南街19号,电话：0936-8263996 ,
谊堂大药房三分店,地址：甘肃省张掖市甘州区新乐小区内,电话：0936-8837766 ,
信谊堂大药房二分店,地址：甘肃省张掖市甘州区西环路新乐超市西关店北侧西关面粉厂十字西南角,电话：0936-8687889 ,
谊堂大药房一分店,地址：甘肃省张掖市甘州区北水桥街27号甘州区医院正对面,电话：0936-8215418 ,
张掖市甘州区信谊堂大药房,地址：甘肃省张掖市甘州区北街十字西北角,电话：0936-8236110 ,
平凉市新生药业二十六分店,地址：甘肃省平凉市民馨家园C区高层2幢5号商铺,电话：0933-8265726,
平凉市新生药业二十五分店,地址：甘肃省平凉市灵台法院办公楼下,电话：0933-3621609,
平凉市新生药业十二分店,地址：甘肃省平凉市泾川县新景花园1号楼15号,电话：0933-3308562,
平凉市新生药业二十分店,地址：甘肃省平凉市平凉市文化街7号,电话：0933-8210331,
平凉市新生药业十一分店,地址：甘肃省平凉市平凉市南门什字华泰大厦一层,电话：0933-8231578,
平凉市新生药业二分店,地址：甘肃省平凉市平凉市崆峒区中山街91号,电话：0933-8224922,
平凉市新生药业二十四分店,地址：甘肃省平凉市静宁新盛花园小区会所2号门店,电话：0933-2526068,
平凉市新生药业十分店,地址：甘肃省平凉市平凉市崆峒区广城路3号,电话：0933-8231210,
平凉市新生药业二十三分店,地址：甘肃省平凉市静宁城关区交警大队隔壁,电话：0933-2531268,
平凉市新生药业十九分店,地址：甘肃省平凉市平凉新世纪花园A区22号楼下23、24号,电话：0933-8299619,
平凉市新生药业九分店,地址：甘肃省平凉市平凉市崆峒区仓坊巷1号,电话：0933-8217919,
平凉市新生药业一分店,地址：甘肃省平凉市盘旋路粮贸大厦一层南3号,电话：0933-8619861,
平凉市新生药业十八分店,地址：甘肃省平凉市平凉市崆峒区新裕花园1号楼2号门面,电话：0933-8552686,
平凉市新生药业八分店,地址：甘肃省平凉市平凉市果园路20号,电话：0933-8717608,
平凉市新生药业二十八分店,地址：甘肃省平凉市华亭县南大街华亭汽车站西北方向斜对面150米,电话：无,
平凉市新生药业二十二分店,地址：甘肃省平凉市新民南路南苑小区一号小区二号营业房,电话：0933-8265492,
平凉市新生药业十七分店,地址：甘肃省平凉市平凉市风景嘉苑A区2号商铺,电话：0933-8598017,
平凉市新生药业七分店,地址：甘肃省平凉市平凉市崆峒区定北路新城花园5号,电话：0933-8230117,
平凉市新生药业十六分店,地址：甘肃省平凉市平凉崆峒区广成花园D区裙楼2期19号营业房,电话：0933-8299966,
平凉市新生药业六分店,地址：甘肃省平凉市平凉市西景园27号楼一楼西端,电话：0933-8235676,
平凉市新生药业二十一分店,地址：甘肃省平凉市灵台县世纪花园C区8号楼10号营业房,电话：0933-3604918,
平凉市新生药业十五分店,地址：甘肃省平凉市崆峒区红峰厂高层楼下2号门面,电话：0933-8293045,
平凉市新生药业五分店,地址：甘肃省平凉市平凉市崆峒区石家巷3号,电话：0933-8230965,
平凉市新生药业十三分店,地址：甘肃省平凉市泾川县中山街,电话：0933-3326713,
平凉市新生药业四分店,地址：甘肃省平凉市平凉市广成路平凉供电公司客服中心隔壁,电话：0933-8228791,
平凉市新生药业三分店,地址：甘肃省平凉市平凉市崆峒东路143号 ,电话：无,
肃南县众康药店,地址：甘肃省张掖市肃南县明花乡开发区,电话：无,
肃南县仁盛堂大药房,地址：甘肃省张掖市肃南县明花路203号,电话：无,
肃南裕固族自治县仁盛大药房,地址：甘肃省张掖市肃南县白银路40号,电话：无,
甘肃河西三州武威医药连锁公司大靖药店,地址：甘肃省武威市古浪县大靖镇,电话：0935-5581503,
甘肃河西三州武威医药连锁公司窑沟药店,地址：甘肃省武威市凉州区金羊镇窑沟村,电话：无,
甘肃河西三州武威医药连锁公司中沙药店,地址：甘肃省武威市凉州区清源镇中沙村,电话：无,
甘肃河西三州武威医药连锁公司东镇药店,地址：甘肃省武威市民勤县东镇红英村,电话：无,
甘肃河西三州武威医药连锁公司张义药店,地址：甘肃省武威市凉州区永昌镇张义村,电话：无,
甘肃河西三州武威医药连锁公司北河医商药店,地址：甘肃省武威市凉州区怀安乡北河村,电话：无,
甘肃河西三州武威医药连锁公司洞洞庄药店,地址：甘肃省武威市凉州区校尉乡东河村,电话：无,
甘肃河西三州武威医药连锁公司昌宁药店,地址：甘肃省武威市民勤县昌宁乡昌宁村,电话：无,
甘肃河西三州武威医药连锁公司第十八医药商店,地址：甘肃省武威市凉州区火车站广场,电话：0935-6102891,
甘肃河西三州武威医药连锁公司红星医药商店,地址：甘肃省武威市凉州区红星乡接脑村,电话：0935-2351021,
甘肃河西三州武威医药连锁公司第十六医药商店,地址：甘肃省武威市凉州区南关东路48号,电话：0935-2214964,
甘肃河西三州武威医药连锁公司金塔药店,地址：甘肃省武威市凉州区金塔乡金塔村,电话：无,
甘肃河西三州武威医药连锁公司第十五医药商店,地址：甘肃省武威市凉州区胜利新村靶场北口,电话：0935-2225935,
甘肃河西三州武威医药连锁公司和平药店,地址：甘肃省武威市凉州区和平乡大众村,电话：无,
甘肃河西三州武威医药连锁公司第十三医药商店,地址：甘肃省武威市凉州区西环路7号,电话：0935-6979393,
甘肃河西三州武威医药连锁公司建设药店,地址：甘肃省武威市凉州区怀安乡,电话：无,
甘肃河西三州武威医药连锁公司第十二医药商店,地址：甘肃省武威市凉州区东大街复兴路,电话：0935-6960651,
甘肃河西三州武威医药连锁公司柏树药店,地址：甘肃省武威市凉州区柏树乡柏树村,电话：无,
甘肃河西三州武威医药连锁公司第十一医药商店,地址：甘肃省武威市凉州区丰乐镇,电话：0935-6218037,
甘肃河西三州武威医药连锁公司第十医药商店,地址：甘肃省武威市凉州区北关什字,电话：0935-2214144,
甘肃河西三州武威医药连锁公司第九医药商店,地址：甘肃省武威市凉州区西大街,电话：0935-6979379,
甘肃河西三州武威医药连锁公司第四医药商店,地址：甘肃省武威市凉州区高坝镇新关村,电话：0935-6152455,
甘肃河西三州武威医药连锁公司第八医药商店,地址：甘肃省武威市凉州区西大街西段,电话：0935-2214585,
甘肃河西三州武威医药连锁公司第三医药商店,地址：甘肃省武威市凉州区一中巷口,电话：0935-2225935,
甘肃河西三州武威医药连锁公司第七医药商店,地址：甘肃省武威市凉州区南关东路强生2区,电话：0935-6962766,
甘肃河西三州武威医药连锁公司第二医药商店,地址：甘肃省武威市凉州区胜利街,电话：0935-6979525,
甘肃河西三州武威医药连锁公司西营医药商店,地址：甘肃省武威市凉州区西营镇营儿村,电话：0935-2390883,
甘肃河西三州武威医药连锁公司第一医药商店,地址：甘肃省武威市凉州区东大街南段,电话：0935-2220795,
甘肃河西三州武威医药连锁公司五和医药商店,地址：甘肃省武威市凉州区武南镇,电话：0935-2716996,
甘肃河西三州武威医药连锁公司第二十五药店,地址：甘肃省武威市凉州区北环路,电话：0935-6979609,
甘肃河西三州武威医药连锁公司第二十三医药商店,地址：甘肃省武威市凉州区和平镇枣园村,电话：无,
甘肃河西三州武威医药连锁公司第二十一医药商店,地址：甘肃省武威市凉州区金羊镇蔡庄村,电话：无,
甘肃河西三州武威医药连锁公司第十九医药商店,地址：甘肃省武威市凉州区双城镇,电话：0935-2898432,
甘肃河西三州武威医药连锁公司第六医药商店,地址：甘肃省武威市凉州区东大街,电话：0935-2716996,
玉门市二天堂药业连锁有限公司第八分店,地址：甘肃省酒泉市玉门市新市区建国路78号,电话：无,
玉门市二天堂药业连锁有限公司第七分店,地址：甘肃省酒泉市玉门市新市区铁人路101号,电话：无,
玉门市二天堂药业连锁有限公司第六分店,地址：甘肃省酒泉市玉门市新市区向阳路266号,电话：无,
玉门市二天堂药业连锁有限公司第五分店,地址：甘肃省酒泉市玉门市新市区玉关路176号,电话：无,
玉门市二天堂药业连锁有限公司第十三分店,地址：甘肃省酒泉市玉门市新市区通安路179号,电话：无,
玉门市二天堂药业连锁有限公司第四分店,地址：甘肃省酒泉市玉门市新市区312国道环宇宾馆1楼,电话：无,
玉门市二天堂药业连锁有限公司第十二分店,地址：甘肃省酒泉市玉门市新市区保理嘉园7号楼5号商业门店,电话：无,
玉门市二天堂药业连锁有限公司第三分店,地址：甘肃省酒泉市玉门市新市区商业步行街B座104号,电话：无,
玉门市二天堂药业连锁有限公司第十一分店,地址：甘肃省酒泉市玉门市新市区商业步行街A4-111号,电话：无,
玉门市二天堂药业连锁有限公司第二分店,地址：甘肃省酒泉市玉门市新市区玉关路112号,电话：无,
玉门市二天堂药业连锁有限公司第十分店,地址：甘肃省酒泉市玉门市新市区广宇小区38号,电话：无,
玉门市二天堂药业连锁有限公司第一分店,地址：甘肃省酒泉市玉门市新市区向阳路196号,电话：无,
玉门市二天堂药业连锁有限公司第九分店,地址：甘肃省酒泉市玉门市新市区玉关路二转盘,电话：无,
甘肃德生堂大药房连锁经营有限公司永庆路大药店,地址：甘肃省天水市秦州区藉河北路(近永庆路大药房),电话：0938-2650454,
甘肃德生堂大药房连锁经营有限公司电力家园店,地址：甘肃省酒泉市肃州区电力家园1-1-4,电话：0937-2616880,
甘肃德生堂大药房连锁经营有限公司肃州医药广场店,地址：甘肃省酒泉市肃州区南大街与西文化街交叉处向北100米路东,电话：无,
甘肃德生堂大药房连锁经营有限公司欧洲苑大药店,地址：甘肃省酒泉市肃州区尚武街西(欧洲苑附近),电话：0937-2682207,
甘肃德生堂大药房连锁经营有限公司巨龙景园大药店,地址：甘肃省酒泉市肃州区巨龙景园3-1-3,电话：0937-2616880,
甘肃德生堂大药房连锁经营有限公司瓜州店,地址：甘肃省酒泉市瓜州县大道197,电话：0937-2616880,
甘肃德生堂大药房连锁经营有限公司成纪店,地址：甘肃省天水市麦积区成纪大道东路南(近颐佳假日宾馆),电话：0938-2650454,
甘肃德生堂大药房连锁经营有限公司晋城路店,地址：甘肃省酒泉市肃州区盘旋中路与晋城路交叉处附近,电话：0937-2616880,
甘肃德生堂大药房连锁经营有限公司天水民主路大药店,地址：甘肃省天水市秦州区东关派出所附近,电话：无,
甘肃德生堂大药房连锁经营有限公司雄关路店,地址：甘肃省酒泉市肃州区雄关路17号附近紫藤家园对面,电话：0937-2616880,
甘肃德生堂大药房连锁经营有限公司鑫隆花苑店,地址：甘肃省酒泉市肃州区鑫隆花苑6-1-4,电话：0937-2807676,
甘肃德生堂大药房连锁经营有限公司南大街店,地址：甘肃省酒泉市肃州区南大街54号,电话：0937-2616880,
甘肃德生堂大药房连锁经营有限公司东环南路店,地址：甘肃省酒泉市肃州区东环南路25号(近汽车东站)酒泉龙腾宾馆旁边,电话：0937-2616880,
甘肃德生堂大药房连锁经营有限公司永定西路店,地址：甘肃省定西市安定区永定西路17号,电话：0932-8215611,
甘肃德生堂大药房连锁经营有限公司保和解放路店,地址：甘肃省定西市安定区解放路83-117号(定西市安定区文化出版广电局附近),电话：0932-8215611,
甘肃德生堂大药房连锁经营有限公司中华桥头店,地址：甘肃省定西市安定区中华桥头家具市场门口,电话：0932-8215611,
甘肃德生堂大药房连锁经营有限公司白银会师街店,地址：甘肃省白银市白银区人民广场国芳百货东侧(兰州路16号),电话：无,
甘肃德生堂大药房连锁经营有限公司东方民主东店,地址：甘肃省定西市安定区民主街6号(近定西千禧商务宾馆),电话：0932-8215611,
甘肃德生堂大药房连锁经营有限公司友谊北路店,地址：甘肃省定西市安定区友谊北路110附近,电话：0932-8215611,
甘肃德生堂大药房连锁经营有限公司白银体育街店,地址：甘肃省白银市白银区王岘东路234号(白云宾馆附近),电话：0943-8233010,
甘肃德生堂大药房连锁经营有限公司医药广场店,地址：甘肃省武威市凉州区北关中路164号,电话：0935-2253222,
甘肃德生堂大药房连锁经营有限公司保和北城巷店,地址：甘肃省定西市安定区北城路北(定西市安定区司法局西),电话：0932-8215611,
甘肃德生堂大药房连锁经营有限公司东大街店,地址：甘肃省定西市临洮县东大街北(临洮县洮阳镇委东),电话：0932-8215611,
甘肃德生堂大药房连锁经营有限公司友好路医药广场店,地址：甘肃省白银市白银区名仕家园1号商铺,电话：无,
甘肃德生堂大药房连锁经营有限公司西关平价医药商场店,地址：甘肃省武威市凉州区西大街167号,电话：0935-2253222,
甘肃德生堂大药房连锁经营有限公司凉州西大街店,地址：甘肃省武威市凉州区西大街东南角,电话：0935-2253222,
甘肃德生堂大药房连锁经营有限公司东方永定桥店,地址：甘肃省定西市安定区永定东路172号(永定桥附近),电话：无,
甘肃德生堂大药房连锁经营有限公司解放路店,地址：甘肃省定西市安定区解放路10号(近东方解放桥医药超市),电话：0932-8215611,
甘肃德生堂大药房连锁经营有限公司文化广场大药店,地址：甘肃省白银市白银区王岘东路149号(近白银天润商务酒店),电话：0943-8233010,
甘肃德生堂大药房连锁经营有限公司北街大药店,地址：甘肃省武威市凉州区东大街北33号(近北街大药房),电话：0935-2253222,
甘肃德生堂大药房连锁经营有限公司共和街店,地址：甘肃省武威市凉州区共和街2号（利君超市东侧）,电话：0935-2253222,
甘肃德生堂大药房连锁经营有限公司健康广场店,地址：甘肃省定西市临洮县新街93附近,电话：0932-8215611,
甘肃德生堂大药房连锁经营有限公司金街大药店,地址：甘肃省定西市临洮县其他城市金街(近金街大药房),电话：0932-8215611,
甘肃德生堂大药房连锁经营有限公司胜利街大药店,地址：甘肃省白银市白银区胜利路198号义合堂诊所旁边,电话：0943-8233010,
甘肃德生堂大药房连锁经营有限公司武威医药城店,地址：甘肃省武威市凉州区东大街52号,电话：0935-2253222,
甘肃德生堂大药房连锁经营有限公司凉州南大街店,地址：甘肃省武威市凉州区南大街45号,电话：0935-2253222,
甘肃德生堂大药房连锁经营有限公司临洮医药广场店,地址：甘肃省定西市临洮县311省道附近,电话：0932-8215611,
甘肃德生堂大药房连锁经营有限公司双拥路店,地址：甘肃省定西市安定区双拥路,电话：0932-8215611,
甘肃德生堂大药房连锁经营有限公司东星街大药店,地址：甘肃省白银市白银区东星街82号(白银饭店西南250米),电话：无,
甘肃德生堂大药房连锁经营有限公司东关店,地址：甘肃省武威市凉州区复兴路,电话：0935-2253222,
甘肃德生堂大药房连锁经营有限公司西关中路店,地址：甘肃省武威市凉州区西关中路西(近强生紫金花),电话：0935-2253222,
甘肃德生堂大药房连锁经营有限公司东方镇龙路店,地址：甘肃省定西市安定区正龙路定西市人民医院东侧200米处,电话：0932-8215611,
甘肃德生堂白银八号楼店,地址：甘肃省白银市白银区永丰街6号（赛维干洗旁边）,电话：无,
甘肃德生堂大药房连锁经营有限公司国园小区大药店,地址：甘肃省白银市白银区北京路106号(泉兴住宅小区附近),电话：无,
甘肃德生堂大药房连锁经营有限公司公园路店,地址：甘肃省武威市凉州区公园路8号附近,电话：0935-2253222,
甘肃德生堂大药房连锁经营有限公司民勤东大街店,地址：甘肃省武威市民勤县东大街南(民勤县审计局东),电话：0935-2253222,
甘肃德生堂大药房连锁经营有限公司东方友谊广场店,地址：甘肃省定西市安定区友谊商城,电话：0932-8215611,
甘肃德生堂大药房连锁经营有限公司白银兰州路店,地址：甘肃省白银市白银区兰州路东白银新远泰商贸公司附近(近盛源国际大酒店),电话：0943-8233010,
甘肃德生堂大药房连锁经营有限公司东山路店,地址：甘肃省白银市白银区东山路126号,电话：0943-8581698,
甘肃德生堂大药房连锁经营有限公司南关中路店,地址：甘肃省武威市凉州区南关中路235号(金鼎大厦附近),电话：0935-2253222,
甘肃德生堂大药房连锁经营有限公司昌灵路店,地址：甘肃省武威市古浪县昌灵路(古浪县人民政府附近),电话：0935-2253222,
甘肃德生堂大药房连锁经营有限公司四龙路大药店,地址：甘肃省白银市白银区四龙路与建安巷东北角,电话：无,
甘肃德生堂大药房连锁经营有限公司银都店,地址：甘肃省白银市白银区北京路(银都大厦附近),电话：0943-8233010,
甘肃德生堂大药房连锁经营有限公司福彩大厦店,地址：甘肃省武威市凉州区北大街福彩大厦1层,电话：0935-2253222,
甘肃德生堂大药房连锁经营有限公司文庙路店,地址：甘肃省武威市凉州区文庙路19号,电话：0935-2253222,
甘肃德生堂大药房连锁经营有限公司银光路店,地址：甘肃省白银市白银区银光路东(白银天润商务酒店附近),电话：0943-8233010,
甘肃德生堂大药房连锁经营有限公司祁连大道店,地址：甘肃省武威市凉州区祁连大道1084号,电话：0935-2253222,
甘肃德生堂大药房连锁经营有限公司张掖民主东街大药店,地址：甘肃省张掖市甘州区民主东街321,电话：0936-8250168,
甘肃德生堂大药房连锁经营有限公司天一路西店,地址：甘肃省武威市凉州区天一路西(近凉州区火车站街街道办事处),电话：0935-2253222,
甘肃德生堂大药房连锁经营有限公司马神庙街平价医药店,地址：甘肃省张掖市甘州区马神庙街76,电话：0936-8250168,
甘肃德生堂大药房连锁经营有限公司西关平价医药店,地址：甘肃省张掖市甘州区西大街370号,电话：0936-8250168,
甘肃德生堂大药房连锁经营有限公司青年西街店,地址：甘肃省张掖市甘州区青年西街116,电话：0936-8250168,
甘肃德生堂大药房连锁经营有限公司碱滩店,地址：甘肃省张掖市甘州区碱滩镇312国道东,电话：0936-8253312,
甘肃德生堂大药房连锁经营有限公司南环路店,地址：甘肃省张掖市山丹县南环路,电话：0936-8250168,
甘肃德生堂大药房连锁经营有限公司医药城店,地址：甘肃省张掖市甘州区南大街112,电话：0936-8253312,
甘肃德生堂大药房连锁经营有限公司俄博岭路店,地址：甘肃省张掖市甘州区俄博岭路,电话：0936-8250168,
甘肃德生堂大药房连锁经营有限公司北城店,地址：甘肃省张掖市山丹县北城拐附近,电话：0936-8250186,
甘肃德生堂大药房连锁经营有限公司南街医药商场店,地址：甘肃省张掖市甘州区南大街199号佛钟大楼1楼,电话：0936-8250168,
甘肃德生堂大药房连锁经营有限公司交通路店,地址：甘肃省张掖市山丹县交通路,电话：0936-8250168,
甘肃德生堂大药房连锁经营有限公司山丹县东大街店,地址：甘肃省张掖市山丹县东大街77号,电话：0936-8250186,
甘肃德生堂大药房连锁经营有限公司饮马桥西路店,地址：甘肃省张掖市甘州区饮马桥西路新世纪超市对面,电话：0936-8250186,
甘肃德生堂大药房连锁经营有限公司欧式街大药店,地址：甘肃省张掖市甘州区西关面粉厂十字青年西街346号,电话：0936-8285094,
甘肃德生堂大药房连锁经营有限公司青年东街2店,地址：甘肃省张掖市甘州区青年东街241号,电话：0936-8250168,
甘肃德生堂大药房连锁经营有限公司县府西街店,地址：甘肃省张掖市高台县县府西街北(近高台县解放街小学),电话：0936-8250186,
甘肃德生堂大药房连锁经营有限公司甘州东大街店,地址：甘肃省张掖市甘州区东大街258号,电话：0936-8250186,
甘肃德生堂大药房连锁经营有限公司新华路店,地址：甘肃省金昌市金川区新华东路47号(近广源商务宾馆),电话：0935-4984996,
甘肃德生堂大药房连锁经营有限公司马神庙街店,地址：甘肃省张掖市甘州区马神庙街76号,电话：0936-8250186,
甘肃德生堂大药房连锁经营有限公司甘州青年东街1店,地址：甘肃省张掖市甘州区青年东街34附近,电话：0936-8250186,
甘肃德生堂大药房连锁经营有限公司甘州区东大街2店,地址：甘肃省张掖市甘州区东大街351号,电话：0936-8250186,
甘肃德生堂大药房连锁经营有限公司新乐小区中心药店,地址：甘肃省张掖市甘州区第三幼儿园附近,电话：0936-8250168,
甘肃德生堂大药房连锁经营有限公司北京路店,地址：甘肃省金昌市金川区北京路18号(金川宾馆附近),电话：0935-4984996,
甘肃德生堂大药房连锁经营有限公司金安苑大药店,地址：甘肃省张掖市金安区苑住宅小区内,电话：0936-8250168,
甘肃德生堂大药房连锁经营有限公司人民东路店,地址：甘肃省张掖市高台县人民东路232号,电话：0936-8250186,
甘肃德生堂大药房连锁经营有限公司山丹县南大街店,地址：甘肃省张掖市山丹县南大街(近供销大厦),电话：0936-8250186,
甘肃德生堂大药房连锁经营有限公司甘州青年西街2店,地址：甘肃省张掖市甘州区青年西街346号,电话：0936-8250186,
甘肃德生堂大药房连锁经营有限公司永昌永川路大药店,地址：甘肃省金昌市永昌县北背街与玉隍庙街交汇处向东10米,电话：无,
甘肃德生堂大药房连锁经营有限公司人民西路店,地址：甘肃省张掖市高台县人民西路2,电话：0936-8250168,
甘肃德生堂大药房连锁经营有限公司临泽县县府街店,地址：甘肃省张掖市临泽县县府街与自由路交叉口东北角,电话：0936-8250186,
甘肃德生堂大药房连锁经营有限公司甘州南大街店,地址：甘肃省张掖市甘州区南大街287,电话：0936-8250186,
甘肃德生堂大药房连锁经营有限公司甘州青年西街1店,地址：甘肃省张掖市甘州区青年西街116号,电话：0936-8250168,
甘肃德生堂大药房连锁经营有限公司鼓楼平价医药店,地址：甘肃省金昌市永昌县312国道G312,电话：无,
甘肃德生堂大药房连锁经营有限公司新建街店,地址：甘肃省张掖市甘州区新建街195,电话：0936-8250168,
甘肃德生堂大药房连锁经营有限公司甘州县府街店,地址：甘肃省张掖市甘州区县府街68号,电话：0936-8250186,
甘肃德生堂大药房连锁经营有限公司张火公路店,地址：甘肃省张掖市甘州区三一二国道与张火公路交叉处向北200米路西,电话：0936-8250186,
甘肃德生堂大药房连锁经营有限公司甘州西大街店,地址：甘肃省张掖市甘州区西大街370,电话：0936-8255876,
甘肃德生堂大药房连锁经营有限公司长泰健康药店,地址：甘肃省金昌市金川区长春路与泰安路交叉处附近,电话：0935-4984996,
甘肃德生堂大药房连锁经营有限公司西环路店,地址：甘肃省张掖市甘州区西环路448号,电话：0936-8215611,
甘肃德生堂大药房连锁经营有限公司民乐东大街店,地址：甘肃省张掖市民乐县东大街66号(民乐县国家税务局附近),电话：0936-8250186,
甘肃德生堂大药房连锁经营有限公司大满镇店,地址：甘肃省张掖市甘州区大满镇075专用道东(张掖园艺公园附近),电话：0936-8250186,
甘肃德生堂大药房连锁经营有限公司延安路健康大药店,地址：甘肃省金昌市金川区延安路99号对面,电话：0935-4984996,
甘肃德生堂大药房连锁经营有限公司玉河路医药城店,地址： 甘肃省金昌市永昌县玉河路附近,电话：无,
甘肃德生堂大药房连锁经营有限公司税亭街店,地址：甘肃省张掖市甘州区北大街与税亭街交叉处向东50米路北,电话：0936-8250186,
甘肃德生堂大药房连锁经营有限公司迎宾路店,地址：甘肃省张掖市临泽县迎宾路258号,电话：0936-8250186,
甘肃德生堂大药房连锁经营有限公司环城北路医药城店,地址：甘肃省金昌市永昌县北街与环城北路交汇处向北10米,电话：无,
甘肃德生堂大药房连锁经营有限公司广州路药店,地址：甘肃省金昌市金川区广州路17-9,电话：0935-4984996,
甘肃德生堂大药房连锁经营有限公司北环路店,地址：甘肃省张掖市甘州区北环路207号,电话：0936-8250186,
甘肃德生堂大药房连锁经营有限公司永昌县医药广场店,地址：甘肃省金昌市永昌县人民法院附近,电话：无,
甘肃德生堂大药房连锁经营有限公司金佰盛大药店,地址：甘肃省金昌市金川区泰安路路西（距离天津路150米）,电话：0935-4984996,
甘肃德生堂大药房连锁经营有限公司延安路健康广场店,地址：甘肃省金昌市金川区延安路附近（荣昌新城东门）,电话：0935-4984996,
甘肃德生堂大药房连锁经营有限公司长泰大药店,地址：甘肃省金昌市金川区长春路3311号,电话：0935-4984996,
甘肃德生堂大药房连锁经营有限公司长春路药店,地址：甘肃省金昌市金川区长春路6号附近,电话：0935-4984996,
甘肃德生堂大药房连锁经营有限公司河西大药店,地址：甘肃省金昌市永昌县河雅路(近河西大药房),电话：无,
甘肃德生堂大药房连锁经营有限公司双建药店,地址：甘肃省金昌市金川区长春路33号,电话：0935-4984996,
甘肃德生堂大药房连锁经营有限公司南京路药店,地址：甘肃省金昌市金川区南京路19号（金昌市金川区中医院附近）,电话：0935-4984996,
甘肃德生堂大药房连锁经营有限公司上海路药店,地址：甘肃省金昌市金川区恒昌国际上海路商铺48号,电话：0935-4984996,
甘肃德生堂大药房连锁经营有限公司河雅大药店,地址：甘肃省金昌市永昌县河雅路附近,电话：无,
甘肃德生堂大药房连锁经营有限公司河西平价大药店,地址：甘肃省金昌市永昌县河西堡镇河雅路,电话：无,
甘肃德生堂大药房连锁经营有限公司滨河药店,地址：甘肃省金昌市金川区金川路102-122号,电话：0935-4984996,
甘肃德生堂大药房连锁经营有限公司永昌昌宁店,地址：甘肃省金昌市永昌县北背街西段,电话：无,
甘肃德生堂大药房连锁经营有限公司银安路药店,地址：甘肃省兰州市安宁区建宁西路与万新南路交叉口西南角,电话：0931-2657396,
甘肃德生堂大药房连锁经营有限公司雁滩医药商场店,地址：甘肃省兰州市城关区雁滩路3604-3622号附近,电话：0931-2657396,
甘肃德生堂大药房连锁经营有限公司盘旋路店,地址：甘肃省金昌市金川区新华路86号,电话：0935-4984996,
甘肃德生堂大药房连锁经营有限公司兰州路药店,地址：甘肃省金昌市金川区兰州路恒源龙自选商场附近,电话：0935-4984996,
甘肃德生堂大药房连锁经营有限公司任家庄街大药店,地址：甘肃省兰州市七里河区任家庄7号,电话：0931-2669029,
甘肃德生堂大药房连锁经营有限公司耿家庄药店,地址：甘肃省兰州市城关区甘南路357号,电话：0931-2665639,
甘肃德生堂大药房连锁经营有限公司盛业丰景苑东南店,地址：甘肃省兰州市城关区金昌南路264号(甘肃省体育局家属院西),电话：0931-2657396,
甘肃德生堂大药房连锁经营有限公司永昌城关店,地址：甘肃省金昌市永昌县东街与玉隍庙街交汇处向西55米,电话：无,
甘肃德生堂大药房连锁经营有限公司永昌西街店,地址：甘肃省金昌市永昌县西街中段,电话：无,
甘肃德生堂大药房连锁经营有限公司医药广场万新北路店,地址：甘肃省兰州市安宁区费家营,电话：无,
甘肃德生堂大药房连锁经营有限公司九州中路店,地址：甘肃省兰州市城关区九州中路278号,电话：0931-2657396,
甘肃德生堂大药房连锁经营有限公司中山路药店,地址：甘肃省兰州市七里河区中山路221号附近,电话：0931-2657396,
甘肃德生堂大药房连锁经营有限公司宝运里大药店,地址：甘肃省金昌市金川区宝运巷4号附近,电话：0935-4984996,
甘肃德生堂大药房连锁经营有限公司延安路2店,地址：甘肃省金昌市金川区延安路93号向南80米,电话：0935-4984996,
甘肃德生堂大药房连锁经营有限公司西固区山丹街大药店,地址：甘肃省兰州市西固区山丹街26街附近,电话：0931-2657396,
甘肃德生堂大药房连锁经营有限公司甘南路店,地址：甘肃省兰州市城关区甘南路256号附近,电话：0931-2665639,
甘肃德生堂大药房连锁经营有限公司明珠店,地址：甘肃省兰州市城关区永昌路69号明珠大厦附近,电话：0931-2665639,
甘肃德生堂大药房连锁经营有限公司新华西路店,地址：甘肃省金昌市金川区新华大道与上海路交叉口东北角,电话：0935-4984996,
甘肃德生堂大药房连锁经营有限公司延安路1店,地址：甘肃省金昌市金川区延安路67-1号附近,电话：0935-4984996,
甘肃德生堂大药房连锁经营有限公司贡元巷大药店,地址：甘肃省兰州市城关区静宁路399,电话：0931-2657396,
甘肃德生堂大药房连锁经营有限公司雁滩路2店,地址：甘肃省兰州市城关区雁滩路3920号附近,电话：0931-2657396,
甘肃德生堂大药房连锁经营有限公司沛丰店,地址：甘肃省兰州市七里河区临夏路35沛丰大厦东楼,电话：0931-2657396,
甘肃德生堂大药房连锁经营有限公司金三角店,地址：甘肃省金昌市金川区北京路61号,电话：0935-4984996,
甘肃德生堂大药房连锁经营有限公司建设路店,地址：甘肃省金昌市金川区建设路107号向西100米路北,电话：0935-4984996,
甘肃德生堂大药房连锁经营有限公司医药广场西津东路店,地址：甘肃省兰州市七里河区西津东路77号,电话：无,
甘肃德生堂大药房连锁经营有限公司嘉峪关西路店,地址：甘肃省兰州市城关区嘉峪关西路67号,电话：0931-2665639,
甘肃德生堂大药房连锁经营有限公司东方红大药店,地址：甘肃省兰州市城关区庆阳路44号,电话：0931-8412101,
甘肃德生堂大药房连锁经营有限公司东方红药店,地址：甘肃省金昌市金川区宝星里5号（金川六中附近）,电话：0935-4984996,
甘肃德生堂大药房连锁经营有限公司兰州路店,地址：甘肃省金昌市金川区兰州路19-25号,电话：0935-4984996,
甘肃德生堂大药房连锁经营有限公司医药广场静宁路店,地址：甘肃省兰州市城关区静宁路226号,电话：无,
甘肃德生堂大药房连锁经营有限公司佛慈大街店,地址：甘肃省兰州市城关区佛慈大街205号,电话：0931-2657396,
甘肃德生堂大药房连锁经营有限公司北滨河中路店,地址：甘肃省兰州市城关区北滨河中路82号,电话：0931-2657396,
甘肃德生堂大药房连锁经营有限公司金川路店,地址：甘肃省金昌市金川区金川路81号,电话：0935-4984996,
甘肃德生堂大药房连锁经营有限公司和政路大药店,地址：甘肃省兰州市城关区和政东街21附近,电话：0931-2657396,
甘肃德生堂大药房连锁经营有限公司武都路店,地址：甘肃省兰州市城关区武都路171,电话：0931-2665639,
甘肃德生堂大药房连锁经营有限公司排洪南路店,地址：甘肃省兰州市城关区排洪南路293号(近省汽修二厂家属院),电话：无,
甘肃德生堂大药房连锁经营有限公司静宁路医药店,地址：甘肃省兰州市城关区静宁路156旁,电话：无,
甘肃德生堂大药房连锁经营有限公司定西南路店,地址：甘肃省兰州市城关区定西南路324号,电话：0931-2665639,
甘肃德生堂大药房连锁经营有限公司静宁北路店,地址：甘肃省兰州市城关区静宁北路德生堂医药广场二楼,电话：无,
甘肃德生堂大药房连锁经营有限公司天水南路店,地址：甘肃省兰州市城关区天水南路29号,电话：0931-2657396,
甘肃德生堂大药房连锁经营有限公司民主西路店,地址：甘肃省兰州市城关区民主西路278号附近,电话：0931-8855202,
甘肃德生堂大药房连锁经营有限公司小西湖东街店,地址：甘肃省兰州市七里河区小西湖东街192号(小西湖东街社区卫生服务站东北),电话：0931-2657396,
甘肃德生堂大药房连锁经营有限公司金福花园店,地址：甘肃省兰州市七里河区七里河区敦煌路街道金港城金福花园3号楼1号商铺,电话：无,
甘肃德生堂大药房连锁经营有限公司火车站店,地址：甘肃省兰州市城关区火车站西路549号,电话：0931-2657396,
甘肃德生堂大药房连锁经营有限公司任家庄路店,地址：甘肃省兰州市七里河区任家庄1245号附近(任家庄路),电话：0931-2665639,
甘肃德生堂大药房连锁经营有限公司火星街店,地址：甘肃省兰州市七里河区火星街54号,电话：0931-2665639,
甘肃德生堂大药房连锁经营有限公司金昌北路店,地址：甘肃省兰州市城关区金昌北路121号,电话：0931-8855202,
甘肃德生堂大药房连锁经营有限公司新港城店,地址：甘肃省兰州市城关区雁北路2330号,电话：0931-2657396,
甘肃德生堂大药房连锁经营有限公司雁滩路1店,地址：甘肃省兰州市城关区雁滩路3604~3622号附近,电话：0931-2657396,
甘肃德生堂大药房连锁经营有限公司上宝苑店,地址：甘肃省兰州市七里河区上西园上宝苑小区438之14-15号(上宝苑小区东南),电话：无,
甘肃德生堂大药房连锁经营有限公司段家滩药店,地址：甘肃省兰州市城关区段家滩路1231号附近,电话：0931-2657396,
甘肃德生堂大药房连锁经营有限公司工坪路店,地址：甘肃省兰州市七里河区兰工坪路425-10号,电话：无,
甘肃德生堂大药房连锁经营有限公司平凉路药店,地址：甘肃省兰州市城关区平凉路354号附近,电话：0931-2657396,
甘肃德生堂大药房连锁经营有限公司静宁路店,地址：甘肃省兰州市城关区静宁路217号浩森写字楼,电话：0931-2657396,
甘肃德生堂大药房连锁经营有限公司酒泉路店,地址：甘肃省兰州市城关区酒泉路49号,电话：0931-2657396,
甘肃德生堂大药房连锁经营有限公司平凉路店,地址：甘肃省兰州市城关区平凉路274附近,电话：0931-2657396,
甘肃德生堂大药房连锁经营有限公司安宁东路店,地址：甘肃省兰州市安宁区安宁东路343号(培黎街道向阳社区卫生服务站西),电话：0931-2665639,
甘肃德生堂大药房连锁经营有限公司西站大药店,地址：甘肃省兰州市七里河区西站西路南(西部广场旁),电话：0931-2665639,
临夏市德仁堂大药店,地址：甘肃省临夏州临夏市红园路64号,电话：0930-6211956,
德仁堂大药房秦霸岭东路店,地址：甘肃省庆阳市西峰区秦霸岭东路附近,电话：0934-3682160,
德仁堂药店NO2店,地址：甘肃省酒泉市敦煌市桥头北巷附近,电话：0937-8836941,
德仁堂大药房正宁县人民医院店,地址：甘肃省庆阳市正宁县永正路北段,电话：0934-6123699,
道北德仁堂大药房店,地址：甘肃省天水市麦积区红旗路附近,电话：0938-2613938,
德仁堂医药超市店,地址：甘肃省天水市麦积区羲皇大道东路附近,电话：0938-6826288,
甘肃陇邮医药连锁有限公司顺康药店,地址：甘肃省兰州市安宁区银安路60号,电话：无,
甘肃陇邮医药连锁有限公司康民大药房,地址：甘肃省兰州市城关区九州中路36号,电话：无,
甘肃陇邮医药连锁有限公司焦家湾店,地址：甘肃省兰州市城关区东岗东路583号,电话：无,
甘肃陇邮医药连锁有限公司芙蓉堂药店,地址：甘肃省兰州市西固区东路189-25-3,电话：无,
甘肃陇邮医药连锁有限公司君达药店,地址：甘肃省兰州市榆中县连搭乡连搭村二社321号,电话：无,
甘肃陇邮医药连锁有限公司万众大药房,地址：甘肃省兰州市城关区高滩村61号,电话：无,
甘肃亚欣大药房连锁有限公司天鹅湖店,地址：甘肃省兰州市西固区福利西路127号,电话：无,
甘肃亚欣大药房连锁有限公司西固三店,地址：甘肃省兰州市西固区福利路街道福利西路,电话：无,
甘肃亚欣大药房连锁有限公司文化宫店,地址：甘肃省兰州市七里河区西津东路8号,电话：无,
甘肃亚欣大药房连锁有限公司武山路店,地址：甘肃省兰州市七里河区武威路民乐小区5号,电话：0931-2881578,
甘肃亚欣大药房连锁有限公司万里店,地址：甘肃省兰州市安宁区万新路174号,电话：无,
甘肃亚欣大药房连锁有限公司建兰路店,地址：甘肃省兰州市七里河区建兰路125号,电话：无,
甘肃亚欣大药房连锁有限公司晏家坪店,地址：甘肃省兰州市七里河区晏家坪三村（建筑工程学院2号主宅小区）,电话：无,
甘肃亚欣大药房连锁有限公司杨家桥二店,地址：甘肃省兰州市七里河区龚家湾街道龚家湾路29号,电话：无,
甘肃亚欣大药房连锁有限公司玉门街店,地址：甘肃省兰州市西固区玉门街10-16号,电话：无,
甘肃亚欣大药房连锁有限公司吴家园店,地址：甘肃省兰州市七里河区甘肃省第二安装工程公司吴家园西街高层一层,电话：无,
甘肃亚欣大药房连锁有限公司新安路店,地址：甘肃省兰州市西固区新安路504厂家属院,电话：无,
甘肃亚欣大药房连锁有限公司秀川店,地址：甘肃省兰州市七里河区西津西路880号临街,电话：0931-2567378,
甘肃亚欣大药房连锁有限公司雁北路店,地址：甘肃省兰州市城关区雁北路2201号,电话：无,
甘肃亚欣大药房连锁有限公司盐场堡店,地址：甘肃省兰州市城关区盐场路59号,电话：无,
甘肃亚欣大药房连锁有限公司盐场路店,地址：甘肃省兰州市城关区盐场路359号,电话：无,
甘肃亚欣大药房连锁有限公司盐场堡新区店,地址：甘肃省兰州市城关区盐场堡新区3号楼二单元临街一层铺面,电话：无,
甘肃亚欣大药房连锁有限公司渭源路店,地址：甘肃省兰州市城关区渭源路街道南滨河东路9号,电话：无,
甘肃亚欣大药房连锁有限公司九州店,地址：甘肃省兰州市城关区九州花坛长江花园11号,电话：无,
甘肃亚欣大药房连锁有限公司铁路局店,地址：甘肃省兰州市城关区火车站西路590号,电话：无,
甘肃亚欣大药房连锁有限公司铁路西村店,地址：甘肃省兰州市城关区铁路局西路11号,电话：无,
甘肃亚欣大药房连锁有限公司和政店,地址：甘肃省兰州市城关区和政西街163号,电话：无,
甘肃亚欣大药房连锁有限公司焦家湾店,地址：甘肃省兰州市城关区东岗东路565号,电话：无,
甘肃亚欣大药房连锁有限公司和平新村店,地址：甘肃省兰州市城关区和平新村127-106号,电话：无,
甘肃亚欣大药房连锁有限公司仁恒国际店,地址：甘肃省兰州市城关区仁恒国际7号楼,电话：无,
甘肃亚欣大药房连锁有限公司静宁路店,地址：甘肃省兰州市城关区鼓楼巷17号,电话：无,
甘肃亚欣大药房连锁有限公司七中店,地址：甘肃省兰州市城关区定西路266号,电话：无,
甘肃亚欣大药房连锁有限公司红山万和城店,地址：甘肃省兰州市城关区南山路红山万和城5号楼一层（6）号,电话：无,
甘肃亚欣大药房连锁有限公司嘉峪关路店,地址：甘肃省兰州市城关区拱星墩街道嘉峪关南路,电话：无,
甘肃亚欣大药房连锁有限公司佛慈店,地址：甘肃省兰州市城关区酒泉路12号,电话：无,
甘肃亚欣大药房连锁有限公司草场街店,地址：甘肃省兰州市城关区佛慈大街82号,电话：无,
甘肃亚欣大药房连锁有限公司砂坪村店,地址：甘肃省兰州市城关区大砂坪421号路南侧砂坪村小区B区B1、B3、B5号楼一楼临街,电话：无,
甘肃亚欣大药房连锁有限公司广武门店,地址：甘肃省兰州市城关区金昌路206号,电话：无,
甘肃亚欣大药房连锁有限公司怡景新苑店,地址：甘肃省兰州市城关区大沙坪160号,电话：0931-8372366,
甘肃亚欣大药房连锁有限公司庙滩子店,地址：甘肃省兰州市城关区东李家湾1号,电话：无,
甘肃亚欣大药房连锁有限公司白银路店,地址：甘肃省兰州市城关区白银路45号,电话：无,
修正堂大药房三十六药店,地址：甘肃省酒泉市玉门市华鑫五金有限公司综合商场,电话：无,
修正堂大药房第八药店,地址：甘肃省酒泉市肃州区公园路102号,电话：无,
修正堂大药房金塔航天大药房,地址：甘肃省酒泉市金塔县航天镇政府东侧,电话：无,
修正堂大药房三十二药店,地址：甘肃省酒泉市肃州区南苑小区电视台家属楼下1-3号门点,电话：无,
修正堂大药房新沟药店,地址：甘肃省酒泉市肃州区上坝乡新沟村,电话：无,
修正堂大药房清水西一村药店,地址：甘肃省酒泉市肃州区屯升乡西一村,电话：无,
修正堂大药房清水第二药店,地址：甘肃省酒泉市肃州区清水镇汽车站,电话：无,
修正堂大药房第十八药店,地址：甘肃省酒泉市肃州区北环西路62号,电话：无,
修正堂大药房三十药店,地址：甘肃省酒泉市肃州区银达镇小街,电话：无,
修正堂大药房下河清药店,地址：甘肃省酒泉市肃州区下河清乡小街,电话：无,
修正堂大药房世博药店,地址：甘肃省酒泉市酒金路13号世博花苑B区25号楼1-16号门店,电话：无,
修正堂大药房二十一药店,地址：甘肃省酒泉市肃州区西环北路24-5号,电话：无,
修正堂大药房鑫利药店,地址：甘肃省酒泉市肃州区西大街鑫利商场内,电话：无,
修正堂大药房金佛寺第二药店,地址：甘肃省酒泉市肃州区金佛寺小西街,电话：无,
修正堂大药房十五药店,地址：甘肃省酒泉市肃州区东环南路,电话：无,
修正堂大药房十四药店,地址：甘肃省酒泉市肃州区南后街19-2号楼4号门点,电话：无,
修正堂大药房十三药店,地址：甘肃省酒泉市肃州区东尚武街25号,电话：无,
修正堂大药房正宁县修正堂药房二店,地址：甘肃省庆阳市正宁县城南街工会楼下,电话：无,
修正堂大药房镇原县修正堂药房十六店,地址：甘肃省庆阳市镇原县武沟乡孟庄街道,电话：无,
修正堂大药房正宁县修正堂药房一店,地址：甘肃省庆阳市正宁县新世纪商城西区一楼,电话：无,
修正堂大药房镇原县修正堂药房十三店,地址：甘肃省庆阳市镇原县武沟乡孟庄街道北,电话：无,
修正堂大药房镇原县修正堂药房七店,地址：甘肃省庆阳市镇原县中原乡街道,电话：无,
修正堂大药房镇原县修正堂药房二店,地址：甘肃省庆阳市镇原县三岔镇西街,电话：无,
修正堂大药房第六药店,地址：甘肃省酒泉市肃州区北门什字,电话：无,
修正堂大药房华池县修正堂第六药店,地址：甘肃省庆阳市华池县五蛟乡街道,电话：无,
修正堂大药房镇原县修正堂药房十一店,地址：甘肃省庆阳市镇原县孟坝镇街道,电话：无,
修正堂大药房环县修正堂药房十店,地址：甘肃省庆阳市环县县城灵武路自来水楼下,电话：无,
修正堂大药房镇原县修正堂药房六店,地址：甘肃省庆阳市镇原县孟坝镇街道南口,电话：无,
修正堂大药房第五药店,地址：甘肃省酒泉市肃州区仓后街3号,电话：无,
修正堂大药房第一药店,地址：甘肃省酒泉市肃州区昌兴电器市场北门六号,电话：无,
修正堂大药房华池县修正堂第五药店,地址：甘肃省庆阳市华池县林镇长乡,电话：无,
修正堂大药房合水县修正堂药房二店,地址：甘肃省庆阳市合水县西华北街220号,电话：无,
修正堂大药房镇原县修正堂药房五店,地址：甘肃省庆阳市镇原县新城乡,电话：无,
修正堂大药房环县修正堂九店药房,地址：甘肃省庆阳市环县木钵镇街道,电话：无,
修正堂大药房镇原县修正堂药房九店,地址：甘肃省庆阳市镇原县新集乡街道,电话：无,
修正堂大药房华池县修正堂三店药房,地址：甘肃省庆阳市华池县悦乐镇中街,电话：无,
修正堂大药房正宁县修正堂药房三店,地址：甘肃省庆阳市正宁县西关十字街,电话：无,
修正堂大药房华池县修正堂第一药房,地址：甘肃省庆阳市华池县王峁子村,电话：无,
修正堂大药房镇原县修正堂药房四店,地址：甘肃省庆阳市镇原县马渠街道,电话：无,
修正堂大药房环县修正堂药房八店,地址：甘肃省庆阳市环县毛井街道,电话：无,
修正堂大药房镇原县修正堂药房八店,地址：甘肃省庆阳市镇原县平泉镇南街,电话：无,
修正堂大药房镇原县修正堂药房三店,地址：甘肃省庆阳市镇原县平泉镇街道,电话：无,
修正堂大药房环县修正堂药房七店,地址：甘肃省庆阳市环县曲子镇中街,电话：无,
修正堂大药房环县修正堂五店药房,地址：甘肃省庆阳市环县演武乡街道,电话：无,
修正堂大药房环县修正堂四店药房,地址：甘肃省庆阳市环县红星小区门口,电话：无,
修正堂大药房环县修正堂二店药房,地址：甘肃省庆阳市环县县城西苑小区前门右侧,电话：无,
修正堂大药房环县修正堂药房一店,地址：甘肃省庆阳市环县县城盘旋路金鹰小区8号,电话：无,
兰州惠仁堂药业连锁有限责任公司第六十九店,地址：甘肃省白银市白银区公园路1号,电话：0943-8231540,
兰州惠仁堂药业连锁有限责任公司第七十分店,地址：甘肃省兰州市西固区庄浪路文化小区803,电话：0931-7210351,
兰州惠仁堂药业连锁有限责任公司第六十八分店,地址：甘肃省兰州市红古区7号路口会展中心104,电话：0931-6912610,
兰州惠仁堂药业连锁有限责任公司九十五分店,地址：甘肃省天水市秦州区精表路安民小区6号,电话：0938-8511856,
兰州惠仁堂药业连锁有限责任公司第七十一分店,地址：甘肃省兰州市西固区小平房怡安小区一楼,电话：0931-7301810,
兰州惠仁堂药业连锁有限责任公司第六十七分店,地址：甘肃省白银市靖远县东大街9号,电话：0943-6131618,
兰州惠仁堂药业连锁有限责任公司第七十四分店,地址：甘肃省兰州市西固区玉门街397号,电话：0931-7318349,
兰州惠仁堂药业连锁有限责任公司第七十二分店,地址：甘肃省兰州市城关区秦安路150号,电话：0931-8617923,
兰州惠仁堂药业连锁有限责任公司第九十七分店,地址：甘肃省天水市秦州区罗峪小区24-132号铺面,电话：0938-8213435,
兰州惠仁堂药业连锁有限责任公司第五十八分店,地址：甘肃省白银市平川区长征东路53号,电话：0943-6626802,
兰州惠仁堂药业连锁有限责任公司第六十六分店,地址：甘肃省兰州市火车站西路716号,电话：0931-8877110,
兰州惠仁堂药业连锁有限责任公司天水树德店,地址：甘肃省天水市麦积区佰阳路1号,电话：0938-6830903,
兰州惠仁堂药业连锁有限责任公司第九十九分店,地址：甘肃省天水市麦积区埠南路14号,电话：0938-2721352,
兰州惠仁堂药业连锁有限责任公司天水德盛堂店,地址：甘肃省天水市秦州区百货大楼斜对面,电话：0938-8213436,
兰州惠仁堂药业连锁有限责任公司天水康宁店,地址：甘肃省天水市麦积区市二院门诊大楼斜对面,电话：0938-2613067,
兰州惠仁堂药业连锁有限责任公司第六十五分店,地址：甘肃省白银市白银区冶金路141号,电话：0943-8535016,
兰州惠仁堂药业连锁有限责任公司榆中定远镇店,地址：甘肃省兰州市榆中县定远镇上十字,电话：0931-5322776,
兰州惠仁堂药业连锁有限责任公司天水兰天店,地址：甘肃省天水市秦州区兰天广场超市负一楼,电话：0938-8223031,
兰州惠仁堂药业连锁有限责任公司天水东秦堂店,地址：甘肃省天水市秦州区建设路宏业大厦,电话：0938-8299491,
兰州惠仁堂药业连锁有限责任公司天水方宇店,地址：甘肃省天水市秦州区工农路家美佳超市斜对面,电话：0938-8218199,
兰州惠仁堂药业连锁有限责任公司第六十三店,地址：甘肃省兰州市城关区甘南路25号,电话：0931-8838527,
兰州惠仁堂药业连锁有限责任公司窑街店,地址：甘肃省兰州市红古区窑街镇窑街路38号,电话：0931-6326276,
兰州惠仁堂药业连锁有限责任公司天水景园店,地址：甘肃省天水市秦州区坚家河新花鸟鱼市场,电话：0938-8219225,
兰州惠仁堂药业连锁有限责任公司第四十九分店,地址：甘肃省兰州市城关区雁宁路374号,电话：0931-2121789,
兰州惠仁堂药业连锁有限责任公司第六十四分店,地址：甘肃省白银市白银区四龙路东馨花苑1号楼6号铺,电话：0943-8612840,
兰州惠仁堂药业连锁有限责任公司天水天河家园店,地址：甘肃省天水市秦州区天河家园C14#1-102,电话：无,
兰州惠仁堂药业连锁有限责任公司第九十八分店,地址：甘肃省天水市秦州区建设路196号,电话：0938-8285568,
兰州惠仁堂药业连锁有限责任公司天水示范店,地址：甘肃省天水市秦州区光明巷中街,电话：0938-8319309,
兰州惠仁堂药业连锁有限责任公司第九十六分店,地址：甘肃省天水市建设路112号,电话：无,
兰州惠仁堂药业连锁有限责任公司第60分店,地址：甘肃省兰州市临洮县洮阳镇瑞星街嘉和苑10号,电话：0932-2234552,
兰州惠仁堂药业连锁有限责任公司第四十八分店,地址：甘肃省兰州市皋兰县营辰花园商铺2号,电话：0931-5727099,
兰州惠仁堂药业连锁有限责任公司西站中心店,地址：甘肃省兰州市七里河区凯盛商厦一楼,电话：0931-2363281,
兰州惠仁堂药业连锁有限责任公司天水天庆花园店,地址：甘肃省天水市秦州区天庆嘉园正门向南,电话：0938-8235987,
兰州惠仁堂药业连锁有限责任公司天水泰山店,地址：甘肃省天水市秦州区泰山路综合市场东门口,电话：0938-4989062,
兰州惠仁堂药业连锁有限责任公司第五十九分店,地址：甘肃省兰州市东岗世纪新村肉菜市场北,电话：0931-8507441,
兰州惠仁堂药业连锁有限责任公司第五十三分店,地址：甘肃省定西市临洮县文庙巷润园小区北区,电话：0932-2237389,
兰州惠仁堂药业连锁有限责任公司第四十六分店,地址：甘肃省定西市临洮县北关什字2号小区1号楼,电话：0932-2231083,
兰州惠仁堂药业连锁有限责任公司天水金宇花园店,地址：甘肃省天水市秦州区南大桥金宇花园一楼,电话：0938-8210209,
兰州惠仁堂药业连锁有限责任公司六十一分店,地址：甘肃省兰州市七里河区建兰新村463号,电话：无,
兰州惠仁堂药业连锁有限责任公司天水康健店,地址：甘肃省天水市秦州区盛世桃园小区一楼,电话：0931-8620195,
兰州惠仁堂药业连锁有限责任公司第四十五分店,地址：甘肃省兰州市安宁区安宁西路飞天世纪,电话：无,
兰州惠仁堂药业连锁有限责任公司第五十二分店,地址：甘肃省兰州市西固区山丹街445号,电话：0931-7557412,
兰州惠仁堂药业连锁有限责任公司天水天河店,地址：甘肃省天水市秦州区七里墩天宝家具天河超市,电话：0938-8387606,
兰州惠仁堂药业连锁有限责任公司白银三角花园店,地址：甘肃省白银区王岘东路139号,电话：0943-8306867,
兰州惠仁堂药业连锁有限责任公司天水滨东店,地址：甘肃省天水市秦州区桃园路质量技术监督局旁,电话：0931-8623294,
兰州惠仁堂药业连锁有限责任公司第四十二分店,地址：甘肃省兰州市城关区广武门后街82号,电话：0931-8774802,
兰州惠仁堂药业连锁有限责任公司第四十分店,地址：甘肃省兰州市榆中县兴隆路1-3号,电话：0931-5235066,
兰州惠仁堂药业连锁有限责任公司天水秦安店,地址：甘肃省天水市秦安县兴国镇五洲购物广场,电话：0938-6527039,
兰州惠仁堂药业连锁有限责任公司天水解放路店,地址：甘肃省天水市秦州区解放路工商银行斜对面,电话：0938-8296598,
兰州惠仁堂药业连锁有限责任公司第三十五店,地址：甘肃省兰州市七里河火星西街郑家庄95号,电话：0931-2923688,
兰州惠仁堂药业连锁有限责任公司天水依河园店,地址：甘肃省天水市秦州区407医院旁,电话：0938-8235978,
兰州惠仁堂药业连锁有限责任公司五十一分店,地址：甘肃省兰州市榆中县城关镇兴隆商业街,电话：0931-5258889,
兰州惠仁堂药业连锁有限责任公司三十八分店,地址：甘肃省兰州市城关区红山根三村21-22号,电话：0931-8645025,
兰州惠仁堂药业连锁有限责任公司临夏泰和店,地址：甘肃省临夏市红园路9号,电话：0930-6215695,
兰州惠仁堂药业连锁有限责任公司四十三分店,地址：甘肃省兰州市城关区火车站东路145号,电话：无,
兰州惠仁堂药业连锁有限责任公司西关店,地址：甘肃省兰州市城关区萃英门6号,电话：0931-8489666,
兰州惠仁堂药业连锁有限责任公司定西分店,地址：甘肃省定西市安定区友谊北路友谊商城,电话：0932-8223702,
兰州惠仁堂药业连锁有限责任公司永登分店,地址：甘肃省兰州市永登县民主街永尧路,电话：0931-2902358,
兰州惠仁堂药业连锁有限责任公司靖远分店,地址：甘肃省白银市靖远县鹿鸣园,电话：0943-6355118,
兰州惠仁堂药业连锁有限责任公司第三十三分店,地址：甘肃省兰州市七里河区建兰路街道火星街90号,电话：0931-2339043,
兰州惠仁堂药业连锁有限责任公司第三十九分店,地址：甘肃省兰州市榆中县和平经济开发区工贸,电话：0931-5272899,
兰州惠仁堂药业连锁有限责任公司第二十七分店,地址：甘肃省兰州市城关区通渭路办公厅家属楼一,电话：0931-8437663,
兰州惠仁堂药业连锁有限责任公司第三十二分店,地址：甘肃省兰州市城关区盐场路39号,电话：0931-8311421,
兰州惠仁堂药业连锁有限责任公司第三十一分店,地址：甘肃省白银市白银区五一街9号,电话：0943-8258869,
兰州惠仁堂药业连锁有限责任公司培黎广场店,地址：甘肃省兰州市安宁区培黎广场东侧,电话：0931-7657279,
兰州惠仁堂药业连锁有限责任公司第三十分店,地址：甘肃省兰州市七里河区西津东路省建总公司9-B,电话：0931-2686541,
兰州惠仁堂药业连锁有限责任公司第二十九分店,地址：甘肃省兰州市城关区红星巷51号,电话：0931-8636375,
兰州惠仁堂药业连锁有限责任公司第二十六分店,地址：甘肃省兰州市西固区西固巷35-47号,电话：0931-7355319,
兰州惠仁堂药业连锁有限责任公司第三十六分店,地址：甘肃省兰州市城关区和政东街路189号,电话：无,
兰州惠仁堂药业连锁有限责任公司海石湾店,地址：甘肃省兰州市红古区海石湾红古路金海天,电话：0931-6228990,
兰州惠仁堂药业连锁有限责任公司陇西分店,地址：甘肃省定西市陇西县巩昌镇景家桥二号楼第23-25号,电话：0932-6624321,
兰州惠仁堂药业连锁有限责任公司第二十八分店,地址：甘肃省兰州市雁滩路3113号一楼1号商铺,电话：0931-8752405,
兰州惠仁堂药业连锁有限责任公司白银店,地址：甘肃省白银市白银区四龙路176号,电话：0943-8223709,
兰州惠仁堂药业连锁有限责任公司医药大厦,地址：甘肃省兰州市城关区定西南路346号,电话：0931-8762698,
兰州惠仁堂药业连锁有限责任公司医药商场,地址：甘肃省兰州市城关区静宁路189号,电话：0931-8469805,
兰州惠仁堂药业连锁有限责任公司平川店,地址：甘肃省白银市平川店中恒购物广场,电话：0943-6630045,
兰州惠仁堂药业连锁有限责任公司第二十五分店,地址：甘肃省兰州市西固区兰化15号街区136号商住楼,电话：0931-7548342,
兰州惠仁堂药业连锁有限责任公司临洮店,地址：甘肃省兰州市临洮县狗娃市场1号,电话：0932-2246062,
兰州惠仁堂药业连锁有限责任公司陇上榆中店,地址：甘肃省兰州市榆中县城关镇栖云北路106—16号,电话：0931-5220953,
兰州惠仁堂药业连锁有限责任公司海天大药房,地址：甘肃省兰州市城关区东岗西路52号,电话：0931-8262369,
兰州惠仁堂药业连锁有限责任公司西固花园医药商店,地址：甘肃省兰州市西固区公园路1－2号,电话：0931-7530203,
兰州惠仁堂药业连锁有限责任公司第二十分店,地址：甘肃省兰州市七里河区武威路368号,电话：0931-2355324,
兰州惠仁堂药业连锁有限责任公司第九分店,地址：甘肃省兰州市七里河区任家庄1169号,电话：0931-2351760,
兰州惠仁堂药业连锁有限责任公司第十九分店,地址：甘肃省兰州市城关区均家滩天庆花园,电话：0931-8568727,
兰州惠仁堂药业连锁有限责任公司第八分店,地址：甘肃省兰州市城关区西津东路409号,电话：0931-2617906,
兰州惠仁堂药业连锁有限责任公司第十八分店,地址：甘肃省兰州市城关区排洪南路甘南花园,电话：0931-4868831,
兰州惠仁堂药业连锁有限责任公司第十六分店,地址：甘肃省兰州市城关区五里铺十字东100米,电话：0931-8657072,
兰州惠仁堂药业连锁有限责任公司惠仁大药房,地址：甘肃省兰州市皋兰路69号,电话：0931-8843398,
兰州惠仁堂药业连锁有限责任公司第十五分店,地址：甘肃省兰州市城关区东岗东路1031号,电话：0931-8657652,
兰州惠仁堂药业连锁有限责任公司第二十四分店,地址：甘肃省兰州市城关区硷沟沿27号,电话：0931-2650658,
兰州惠仁堂药业连锁有限责任公司第六分店,地址：甘肃省兰州市七里河区明黄园11－12号,电话：0931-2352830,
兰州惠仁堂药业连锁有限责任公司第十二分店,地址：甘肃省兰州市城关北滨河中路366—414号,电话：0931-8323397,
兰州惠仁堂药业连锁有限责任公司第五分店,地址：甘肃省兰州市嘉峪关南路260号,电话：0931-8666212,
兰州惠仁堂药业连锁有限责任公司第十一分店,地址：甘肃省兰州市安宁区万新路114号,电话：0931-7834249,
兰州惠仁堂药业连锁有限责任公司第二十三分店,地址：甘肃省兰州市城关区七里河区龚家湾路6,电话：0931-2862509,
兰州惠仁堂药业连锁有限责任公司第四分店,地址：甘肃省兰州市城关区永昌路217号,电话：0931-8450177,
兰州惠仁堂药业连锁有限责任公司第二十二分店,地址：甘肃省兰州市城关区火车站西路836号,电话：0931-8122696,
兰州惠仁堂药业连锁有限责任公司第七分店,地址：甘肃省兰州市城关区渭源路207号,电话：0931-8270181,
兰州惠仁堂药业连锁有限责任公司第二分店,地址：甘肃省兰州市城关区新港城A区604号,电话：0931-4610735,
兰州惠仁堂药业连锁有限责任公司第二十一分店,地址：甘肃省兰州市城关区雁南路1656号,电话：0931-8707580,
兰州惠仁堂药业连锁有限责任公司安宁分店,地址：甘肃省兰州市安宁西路53号,电话：0931-7672090,
兰州惠仁堂药业连锁有限责任公司第五十分店,地址：甘肃省兰州市城关区九州城A区4号商8,电话：0931-8331672,
兰州惠仁堂药业连锁有限责任公司庆余堂分店,地址：甘肃省兰州市七里河区西津东路73号,电话：0931-2656315,
