渭南市三秦济生堂大荔车站店,地址：陕西省渭南市大荔县西环路33号,电话：400-0913-180,
渭南市三秦济生堂渭南北塘店,地址：陕西省渭南市临渭区北塘路28号,电话：400-0913-180,
渭南市三秦济生堂大荔医药大厦店,地址：陕西省渭南市大荔县西大街55号,电话：400-0913-180,
渭南市三秦济生堂大荔朝邑店,地址：陕西省渭南市大荔县朝邑街道18号,电话：400-0913-180,
渭南市三秦济生堂富平老庙店,地址：陕西省渭南市富平县老庙街道88号,电话：400-0913-180,
渭南市三秦济生堂大荔许庄店,地址：陕西省渭南市大荔县许庄街道55号,电话：400-0913-180,
渭南市三秦济生堂富平秦建店,地址：陕西省渭南市富平县三院路5号,电话：400-0913-180,
渭南市三秦济生堂大荔东大街店,地址：陕西省渭南市大荔县东大街108号,电话：400-0913-180,
渭南市三秦济生堂富平流曲店,地址：陕西省渭南市富平县流曲街道33号,电话：400-0913-180,
渭南市三秦济生堂大荔盛康店,地址：陕西省渭南市大荔县西环路18号,电话：400-0913-180,
渭南市三秦济生堂大荔花城店,地址：陕西省渭南市大荔县花城路中段28号,电话：400-0913-180,
渭南市三秦济生堂富平车站西店,地址：陕西省渭南市富平县车站大街西段50号,电话：400-0913-180,
渭南市三秦济生堂大荔西关店,地址：陕西省渭南市大荔县西新街16号,电话：400-0913-180,
渭南市三秦济生堂富平车站东店,地址：陕西省渭南市富平县车站大街东段8号,电话：400-0913-180,
渭南市三秦济生堂富平美原店,地址：陕西省渭南市富平县美原镇街道十字8号,电话：400-0913-180,
渭南市三秦济生堂富平王国店,地址：陕西省渭南市富平县金龙大道66号,电话：400-0913-180,
渭南市三秦济生堂富平三院路口店,地址：陕西省渭南市富平县金龙大道北段108号,电话：400-0913-180,
渭南市三秦济生堂蒲城荆姚店,地址：陕西省渭南市蒲城县荆姚镇东街15号,电话：400-0913-180,
渭南市三秦济生堂富平南韩店,地址：陕西省渭南市富平县南韩大街89号,电话：400-0913-180,
渭南市三秦济生堂蒲城罕井店,地址：陕西省渭南市蒲城县罕井镇长安街10号,电话：400-0913-180,
渭南市三秦济生堂富平车站店,地址：陕西省渭南市富平县车站大街东段88号,电话：400-0913-180,
渭南市三秦济生堂蒲城东陈店,地址：陕西省渭南市蒲城县东陈镇镇东路69号,电话：400-0913-180,
渭南市三秦济生堂蒲城龙阳店,地址：陕西省渭南市蒲城县龙阳镇北街50号,电话：400-0913-180,
渭南市三秦济生堂蒲城人民路店,地址：陕西省渭南市蒲城县人民路中段55号,电话：400-0913-180,
渭南市三秦济生堂蒲城孙镇店,地址：陕西省渭南市蒲城县孙镇街道23号,电话：400-0913-180,
渭南市三秦济生堂蒲城洛滨店,地址：陕西省渭南市蒲城县洛滨镇十字东南角5号,电话：400-0913-180,
渭南市三秦济生堂蒲城椿林店,地址：陕西省渭南市蒲城县椿林镇北街55号,电话：400-0913-180,
渭南市三秦济生堂蒲城高阳店,地址：陕西省渭南市蒲城县高阳镇东街66号,电话：400-0913-180,
渭南市三秦济生堂蒲城苏坊店,地址：陕西省渭南市蒲城县苏坊镇北街22号,电话：400-0913-180,
渭南市三秦济生堂蒲城党睦店,地址：陕西省渭南市蒲城县党睦镇西街12号,电话：400-0913-180,
渭南市三秦济生堂蒲城迎宾路店,地址：陕西省渭南市蒲城县迎宾路一运司1号,电话：400-0913-180,
渭南市三秦济生堂蒲城兴镇店,地址：陕西省渭南市蒲城县兴镇南街十字11号,电话：400-0913-180,
渭南市三秦济生堂蒲城美泰店,地址：陕西省渭南市蒲城县红旗路东段38号,电话：400-0913-180,
渭南市三秦济生堂蒲城解放路店,地址：陕西省渭南市蒲城县解放路56号,电话：400-0913-180,
渭南市三秦济生堂蒲城古镇店,地址：陕西省渭南市蒲城县延安路东段8号,电话：400-0913-180,
渭南市三秦济生堂蒲城南环路店,地址：陕西省渭南市蒲城县南环路66号,电话：400-0913-180,
渭南市三秦济生堂蒲城中医馆店,地址：陕西省渭南市蒲城县红旗路中段23号,电话：400-0913-180,
渭南市三秦济生堂蒲城红旗路西店,地址：陕西省渭南市蒲城县红旗路西段55号,电话：400-0913-180,
渭南市三秦济生堂延安路中段店,地址：陕西省渭南市蒲城县延安路中段28号,电话：400-0913-180,
渭南市三秦济生堂蒲城大十字口店,地址：陕西省渭南市蒲城县大十字口5号,电话：400-0913-180,
渭南市三秦济生堂蒲城医药大厦店,地址：陕西省渭南市蒲城县延安路中段18号,电话：400-0913-180,
渭南市三秦济生堂蒲城总店,地址：陕西省渭南市蒲城县延安路中段88号,电话：400-0913-180,
甘肃德生堂大药房连锁经营有限公司镇坪店,地址：陕西省安康市镇坪县林业局南30米,电话：无,
汉中市派林大药房连锁有限责任公司风景路鑫瑞店,地址：陕西省汉中市汉台区南环路拜将台对面,电话：无,
汉中市派林大药房连锁有限责任公司洋县武康路店,地址：陕西省汉中市洋县武康南路23号中段二运司对面,电话：无,
汉中市派林大药房连锁有限责任公司洋县文明东路店,地址：陕西省汉中市洋县文明东路,电话：0916-8218035,
汉中市派林大药房连锁有限责任公司洋县文明中路店,地址：陕西省汉中市洋县文明中路引酉大楼西侧,电话：无,
汉中市派林大药房连锁有限责任公司派林青树普济堂店,地址：陕西省汉中市南郑县青树镇,电话：无,
汉中市派林大药房连锁有限责任公司大河坎东昌店,地址：陕西省汉中市南郑县大河坎东昌路,电话：无,
汉中市派林大药房连锁有限责任公司城固西村路店,地址：陕西省汉中市城固县博望镇西村路中段,电话：无,
汉中市派林大药房连锁有限责任公司西乡莲花店,地址：陕西省汉中市西乡县鹿龄路西段莲花路转盘,电话：0916-6213356,
汉中市派林大药房连锁有限责任公司城固中山街店,地址：陕西省汉中市城固县博望镇中山街,电话：无,
汉中市派林大药房连锁有限责任公司泰康2店,地址：陕西省汉中市城固县文化路,电话：无,
汉中市派林大药房连锁有限责任公司牟家坝桥头店,地址：陕西省汉中市南郑县牟家坝,电话：无,
汉中市派林大药房连锁有限责任公司洋县泰康店,地址：陕西省汉中市洋县槐树关镇槐树关街（108国道旁） ,电话：无,
汉中市派林大药房连锁有限责任公司泰康1店,地址：陕西省汉中市城固县文化路南侧,电话：无,
汉中市派林大药房连锁有限责任公司洋县佛慈堂店,地址：陕西省汉中市洋县磨子桥镇磨子桥街南段 ,电话：无,
汉中市派林大药房连锁有限责任公司市医院店,地址：陕西省汉中市汉台区劳动东路十字市人民医院对面,电话：无,
汉中市派林大药房连锁有限责任公司莲湖路店,地址：陕西省汉中市汉台区莲湖路中段,电话：无,
汉中市派林大药房连锁有限责任公司大河坎康健店,地址：陕西省汉中市南郑县大河坎镇东昌路煤场巷 ,电话：0916-5377957 ,
汉中市派林大药房连锁有限责任公司西乡东一路店,地址：陕西省汉中市西乡县东一环路,电话：0916-6220288,
铜川市爱心连锁医药有限责任公司崔家沟爱心药店,地址：陕西省铜川市印台区广阳镇徐家沟社区门面房,电话：0919-7360909,
铜川市爱心连锁医药有限责任公司小丘爱心药店,地址：陕西省铜川市耀州区小丘镇街道福乐超市一楼,电话：0919-6912855,
铜川市爱心连锁医药有限责任公司香山路爱心药店,地址：陕西省铜川市耀州区香山路南段华原小区门面房,电话：0919-6600933,
铜川市爱心连锁医药有限责任公司锦绣园爱心药店,地址：陕西省铜川市新区长虹北路锦绣园A区商业房41号,电话：0919-3191888,
铜川市爱心连锁医药有限责任公司仿古街爱心药店,地址：陕西省铜川市耀州区北环路仿古街门面房,电话：0919-6281050,
铜川市爱心连锁医药有限责任公司新时代爱心药店,地址：陕西省铜川市新区长虹南路新时代广场10101号,电话：0919-3191336,
铜川市爱心连锁医药有限责任公司五中十字爱心药店,地址：陕西省铜川市印台区同官路五中十字,电话：0919-4563802,
铜川市爱心连锁医药有限责任公司下石节爱心药店,地址：陕西省铜川市耀州区瑶曲镇下石节矿市场门面房,电话：0919-6821688,
铜川市爱心连锁医药有限责任公司七一路爱心药店,地址：陕西省铜川市王益区七一路市食品公司门面房,电话：0919-2398019,
铜川市爱心连锁医药有限责任公司幸福阁爱心药店,地址：陕西省铜川市王益区红旗社区中兴堤幸福阁商铺00113号,电话：0919-2580228,
铜川市爱心连锁医药有限责任公司杏树坪爱心药店,地址：陕西省铜川市耀州区瑶曲镇杏树坪市场门面房,电话：0919-6826666,
铜川市爱心连锁医药有限责任公司康美爱心药店,地址：陕西省铜川市王益区红旗街供应处门面房,电话：0919-2180455,
铜川市爱心连锁医药有限责任公司药王信爱堂,地址：陕西省铜川市新区秦岭小区西门,电话：0919-3285991,
铜川市爱心连锁医药有限责任公司锦阳路爱心药店,地址：陕西省铜川市耀州区耀州路中段,电话：0919-6282395,
铜川市爱心连锁医药有限责任公司老庙沟爱心药店,地址：陕西省铜川市王益区七一路老庙沟,电话：0919-2898789,
铜川市爱心连锁医药有限责任公司宜阳北街爱心药店,地址：陕西省铜川市宜君县宜阳北街10-13号门面房,电话：0919-5289001,
铜川市爱心连锁医药有限责任公司益民爱心药店,地址：陕西省铜川市新区裕丰园小区门面房,电话：0919-3196677,
铜川市爱心连锁医药有限责任公司新健巷爱心药店,地址：陕西省铜川市王益区新建巷老市委家属院,电话：无,
铜川市爱心连锁医药有限责任公司芳草堤爱心药店,地址：陕西省铜川市印台区芳草小区一区一层七号,电话：0919-2680810,
铜川市爱心连锁医药有限责任公司正阳路爱心药店,地址：陕西省铜川市新区正阳国际广场,电话：0919-3159995,
铜川市爱心连锁医药有限责任公司红旗街爱心药店,地址：陕西省铜川市王益区红旗街44号（正大一楼）,电话：0919-2898668,
铜川市爱心连锁医药有限责任公司尧生爱心药店,地址：陕西省铜川市宜君县尧生镇街道门面房,电话：无,
铜川市爱心连锁医药有限责任公司新曼康爱心药店,地址：陕西省铜川市印台区玉华镇新街门面房,电话：0919-7581121,
铜川市爱心连锁医药有限责任公司铁诺北路爱心药店,地址：陕西省铜川市新区铁诺北路,电话：0919-3182995,
铜川市爱心连锁医药有限责任公司金华爱心药店,地址：陕西省铜川市王益区青年路市场门面房,电话：0919-8180700,
铜川市爱心连锁医药有限责任公司同官路爱心药店,地址：陕西省铜川市印台区同官路63号唐华商厦一层门面房,电话：0919-4180899,
铜川市爱心连锁医药有限责任公司长丰北路爱心药店,地址：陕西省铜川市新区长丰北路银座商业广场,电话：0919-8168080,
铜川市爱心连锁医药有限责任公司广场店,地址：陕西省铜川市王益区健康路爱心广场门面房,电话：0919-2158968,
铜川市爱心连锁医药有限责任公司华阳社区爱心药店,地址：陕西省铜川市新区华阳小区春光苑16号楼门面房,电话：0919-8180556,
铜川市爱心连锁医药有限责任公司健康路店,地址：陕西省铜川市王益区健康路3号,电话：0919-2159880-1,
汉中市派林大药房连锁有限责任公司派林西环路店,地址：陕西省汉中市汉台区西环路老城墙对面,电话：0916-2930867,
汉中市派林大药房连锁有限责任公司派林南海康宁店,地址：陕西省汉中市南镇县牟家坝镇中街,电话：0916-5451185,
汉中市派林大药房连锁有限责任公司汉中民主街店,地址：陕西省汉中市汉台区民主街江郡苑小区门口,电话：0916-2685345,
汉中市派林大药房连锁有限责任公司大河坎得必康店,地址：陕西省汉中市南郑县卢家沟临街门面,电话：0916-5361269,
汉中市派林大药房连锁有限责任公司派林供电大道店,地址：陕西省汉中市汉台区供电大道盛世嘉园小区,电话：0916-2224449,
汉中市派林大药房连锁有限责任公司汉中翠庭店,地址：陕西省汉中市汉台区南一环路翠庭小区西门口,电话：0916-2930863,
汉中市派林大药房连锁有限责任公司镇巴苗乡广场店,地址：陕西省汉中市镇巴县河滨路民政小区门面房,电话：0916-6718966,
汉中市派林大药房连锁有限责任公司周家坪达福康店,地址：陕西省汉中市南郑县周家坪人民法院隔壁,电话：0916-5517317,
汉中市派林大药房连锁有限责任公司汉中龙江店,地址：陕西省汉中市汉台区龙江镇新街龙江供销社大楼1层,电话：无,
汉中市派林大药房连锁有限责任公司汉中中山街店,地址：陕西省汉中市汉台区中山街,电话：0916-2930870,
汉中市派林大药房连锁有限责任公司洋县中山街店,地址：陕西省汉中市洋县中山街景兴商住楼一楼,电话：0916-8216986,
汉中市派林大药房连锁有限责任公司勉县城西店,地址：陕西省汉中市勉县司法路口,电话：无,
汉中市派林大药房连锁有限责任公司勉县国际星城店,地址：陕西省汉中市勉县108国道旁骨科医院向东国际新城,电话：0916-3227886,
汉中市派林大药房连锁有限责任公司派林龙岗店,地址：陕西省汉中市南郑县龙岗路十字,电话：无,
汉中市派林大药房连锁有限责任公司西乡樱花店,地址：陕西省汉中市西乡县城樱花大道北段东侧阳光花园小区临街门面房18、19号,电话：0916-6308666,
汉中市派林大药房连锁有限责任公司派林丰辉店,地址：陕西省汉中市汉台区供电大道邮政大楼,电话：0916-2930871,
汉中市派林大药房连锁有限责任公司城固西关店,地址：陕西省汉中市城固县西关正街,电话：0916-7214932,
汉中市派林大药房连锁有限责任公司派林养生堂店,地址：陕西省汉中市汉台区广厦明珠馨居一层14号商铺,电话：0916-2512488,
汉中市派林大药房连锁有限责任公司派林西乡堰口店,地址：陕西省汉中市西乡县堰口镇午子山景区广场,电话：无,
汉中市派林大药房连锁有限责任公司派林略阳狮凤路店,地址：陕西省汉中市略阳县狮凤路信友小区1号楼1层1-2号营业房,电话：0916-4824636,
汉中市派林大药房连锁有限责任公司派林御景名都店,地址：陕西省汉中市汉台区石马路北侧御景名都商铺1号楼8号商铺,电话：0916-2620075,
汉中市派林大药房连锁有限责任公司西乡城东店,地址：陕西省汉中市西乡县城关镇汉白路东段北侧富兴小区1号楼1层,电话：0916-6325569,
汉中市派林大药房连锁有限责任公司西乡鹿龄路店,地址：陕西省汉中市西乡县城关镇鹿龄路东段以北,电话：0916-6213199,
汉中市派林大药房连锁有限责任公司派林前进东路店,地址：陕西省汉中市汉台区前进东路石狮东方之珠小区1号楼7营业房,电话：0916-2183117,
汉中市派林大药房连锁有限责任公司西乡康乐店,地址：陕西省汉中市西乡县城关镇汉白路汉运司对面,电话：0916-6229088,
汉中市派林大药房连锁有限责任公司西乡康身店,地址：陕西省汉中市西乡县城关镇汉白路中航广场,电话：0916-6320383,
汉中市派林大药房连锁有限责任公司劳动路店,地址：陕西省汉中市汉台区劳动西路中心医院,电话：0916-2930135,
汉中市派林大药房连锁有限责任公司风景路店,地址：陕西省汉中市汉台区风景路天河小区13#C栋1层,电话：0916-2519138,
汉中市派林大药房连锁有限责任公司汉江路店,地址：陕西省汉中市汉台区讲坛东路中段,电话：无,
汉中市派林大药房连锁有限责任公司派林椰岛店,地址：陕西省汉中市汉台区前进东路陕西理工学院商住楼1楼东1厅,电话：0916-2189098,
德仁堂大药房乾佑街店,地址：陕西省商洛市柞水县乾佑街北段,电话：0914-4358909,
西安泰霖医药有限公司丈八路店,地址：陕西省西安市碑林区丈八北路89号龙城铭园小区2号临街一层20108号商铺,电话：无,
德仁堂大药房北关路店,地址：陕西省榆林市定边县北关路附近,电话：无,
西安泰霖医药有限公司西荷店,地址：陕西省西安市碑林区西何家村劳卫路66号,电话：无,
德仁堂大药房东风店,地址：陕西省咸阳市渭城区东风路附近,电话：029-32836386,
德仁堂桃源路店,地址：陕西省榆林市榆阳区桃源路中段,电话：0912-3532797,
德仁堂大药房人民西路店,地址：陕西省咸阳市秦都区人民西路63号附近,电话：029-33335423,
西安市乐仁大药房有限责任公司,地址：碑林区东关正街18号西夏大厦由东向西第三商铺,电话：无,
西安泰霖医药有限公司,地址：陕西省西安市莲湖区劳动南路204号,电话：无,
陕西美致惠健康大药房连锁有限公司陕飞店,地址：陕西省汉中市城固县崔家山镇市场西街2号楼01-02-03号,电话：0916-2906661,
陕西美致惠健康大药房连锁有限公司南门店,地址：陕西省汉中市汉台区3201医院北侧（山香子酒店一楼）,电话：0916-2526900,
陕西美致惠健康大药房连锁有限公司周北店,地址：陕西省汉中市南郑县周家坪北大街中段,电话：0916-5511108,
陕西美致惠健康大药房连锁有限公司翠庭店,地址：陕西省汉中市汉台区风景路（翠庭小区北门口）,电话：0916-2517222,
陕西美致惠健康大药房连锁有限公司周小店,地址：陕西省汉中市南郑县周家坪（蔬果批发市场对面）,电话：0916-5511020,
陕西美致惠健康大药房连锁有限公司莲湖路店,地址：陕西省汉中市汉台区莲湖东路（小关街口）,电话：0916-2630007,
陕西美致惠健康大药房连锁有限公司东昌店,地址：陕西省汉中市南郑县大河坎镇东昌街（江南臻品小区对面）,电话：0916-5373322,
陕西美致惠健康大药房连锁有限公司五一店,地址：陕西省汉中市汉台区五一路桃心岛超市内,电话：0916-2238108,
陕西美致惠健康大药房连锁有限公司江南店,地址：陕西省汉中市南郑县大河坎镇体育场对面,电话：0916-5370366,
陕西美致惠健康大药房连锁有限公司天汉店,地址：陕西省汉中市汉台区天汉大道万邦时代广场对面,电话：0916-2222912,
陕西美致惠健康大药房连锁有限公司劳动西路店,地址：陕西省汉中市汉台区中心医院新门诊大楼对面,电话：0916-2683558,
陕西美致惠健康大药房连锁有限公司中心店,地址：陕西省汉中市汉台区中心广场东北侧,电话：0916-2222987,
陕西美致惠健康大药房连锁有限公司卡斯迪亚店,地址：陕西省汉中市汉台区卡斯迪亚小区（正门东侧）,电话：0916-2218336,
陕西美致惠健康大药房连锁有限公司叶家营店,地址：陕西省汉中市汉台区御景名都小区（铁路医院对面）,电话：0916-2251117,
陕西美致惠健康大药房连锁有限公司丰辉店,地址：陕西省汉中市汉台区丰辉公园广场西侧,电话：0916-2980800,
西安市鑫泰医药有限公司,地址：陕西省西安市雁塔区丈八东路伟丰花园综合楼3号,电话：029-85457502,
鑫泰大药房等驾坡店,地址：陕西省西安市雁塔区西影路等驾坡村,电话：400-8218-985,
华山大药房惠邻店,地址：陕西省宝鸡市金台区东风路中粮国际综合楼东侧11号,电话：0917-3538637,
华山大药房联盟路店,地址：陕西省宝鸡市金台区联盟第五大道西口,电话：0917-3457972,
华山大药房新建路店,地址：陕西省宝鸡市渭滨区新建路东段50附1,电话：0917-3228992,
华山大药房虢镇西门店,地址：陕西省宝鸡市陈仓区虢镇富强花园门面房,电话：0917-6229412,
华山大药房南环路店,地址：陕西省宝鸡市陈仓区虢镇南环路新都市楼下,电话：0917-6233339,
华山大药房上马营店,地址：陕西省宝鸡市金台区上马营红卫路中段6号楼(西安铁路卫生监督所宝鸡分所西南),电话：0917-3816863,
华山大药房陈仓路店,地址：陕西省宝鸡市金台区大庆路80号,电话：0917-3137334,
华山大药房蔡家坡五洲店,地址：陕西省宝鸡市岐山县岐山县蔡家坡镇自强路五洲购物广场,电话：0917-8552797,
华山大药房润发店,地址：陕西省宝鸡市渭滨区公园路72号,电话：0917-3675729,
华山大药房中山路店,地址：陕西省宝鸡市金台区中山东路4号楼附4,电话：0917-3511226,
华山大药房东二路店,地址：陕西省宝鸡市渭滨区清姜东二路西段54号楼9号门面房,电话：0917-3650057,
华山大药房冠森店,地址：陕西省宝鸡市金台区冠森大世界联盟御邸南门,电话：0917-3121455,
华山大药房新福路店,地址：陕西省宝鸡市金台区新福路百翠园广场正对面,电话：0917-3125234,
华山大药房星泰园店,地址：陕西省宝鸡市渭滨区高新4路星泰园东门,电话：0917-3877033,
华山大药房陈仓园店,地址：陕西省宝鸡市金台区联盟路6号院西一号门面房,电话：0917-3453513,
华山大药房定兴店,地址：陕西省宝鸡市金台区大庆路139号8号楼1层15号,电话：0917-3904342,
华山大药房清姜店,地址：陕西省宝鸡市渭滨区清姜路西路口,电话：0917-3811393,
华山大药房东风路口店,地址：陕西省宝鸡市金台区上马营十字路口,电话：0917-3539952,
华山大药房中心店,地址：陕西省宝鸡市渭滨区姜谭路宝鸡市中心医院对面,电话：0917-3552120,
华山大药房康城店,地址：陕西省宝鸡市金台区宏文路西建康城1号楼北105室,电话：0917-3859036,
华山大药房四零九店,地址：陕西省宝鸡市渭滨区清姜路409医院南斜对面 ,电话：0917-3411975,
华山大药房天上人间店,地址：陕西省宝鸡市渭滨区新建路西段天上人间小区向东50米,电话：0917-3209402,
华山大药房渭工路店,地址：陕西省宝鸡市渭滨区新渭路副1号 （天天红超市隔壁）,电话：0917-3801578,
华山大药房世福店,地址：陕西省宝鸡市金台区中山西路63号（世福大院1号楼8号营业房）,电话：0917-3659679,
华山大药房金河店,地址：陕西省宝鸡市金台区金陵东路北段300号33幢1单元1层0104号,电话：0917-3459181,
华山大药房大庆路店,地址：陕西省宝鸡市金台区大庆路锦苑小区旁60号,电话：0917-3417296,
华山大药房姜谭店,地址：陕西省宝鸡市渭滨区宝鸡石油钢管有限责任公司五区家属院旁,电话：0917-3392138,
华山大药房东风路店,地址：陕西省宝鸡市金台区上马营东风路南(电气化社区附近),电话：0917-3801061,
华山大药房汉中路店,地址：陕西省宝鸡市渭滨区汉中路车马炮北侧100米,电话：0917-3250514,
华山大药房蔡家坡西二路店,地址：陕西省宝鸡市岐山县蔡家坡西二路凤仪国际楼B11号,电话：0917-8590086,
华山大药房凤鸣店,地址：陕西省宝鸡市眉县首善镇美阳街凤鸣小区6号楼9号门面房,电话：0917-5548411,
华山大药房医药建康城店,地址：陕西省宝鸡市渭滨区经二路人民商场负一楼,电话：0917-3390096,
华山大药房高新店,地址：陕西省宝鸡市渭滨区高新大道宏运家园1楼5号,电话：0917-3410736,
华山大药房新华路店,地址：陕西省宝鸡市金台区新华路1号曙光花园2号楼,电话：0917-3525655,
华山大药房斗鸡店,地址：陕西省宝鸡市金台区宏文路28号（斗鸡购物广场）,电话：0917-3306362,
华山大药房姜谭路店,地址：陕西省宝鸡市渭滨区姜谭路3号副21,电话：0917-3395366,
华山大药房华润高新店,地址：陕西省宝鸡市渭滨区高新区高新天下汇负1层华润万家超市,电话：0917-3122566,
华山大药房石油店,地址：陕西省宝鸡市金台区东风路二号石油社区36号楼1楼,电话：0917-3463595,
西安鑫泰药房是市,地址：陕西省西安市丈八东路伟丰花园综合楼,电话：029-85457502,
西安百济新特药房有限公司,地址：陕西省西安市新城区朝阳门里路南（西安光明医院隔壁）,电话：029-87458072,
榆林广济堂百姓药堂,地址：陕西省榆林市榆阳中路12号工人文化馆1楼,电话：0912-3360947,
榆林广济堂三岔湾店,地址：陕西省榆林市三岔湾村三鱼路口路南三岔湾小学商业二层4号,电话：0912-3838279,
榆林广济堂新园店,地址：陕西省榆林市高新区荟景新园小区2号楼7号商铺,电话：0912-8188697,
榆林广济堂世纪广场店,地址：陕西省榆林市新建北路军分区商业六号楼1楼第二间门市,电话：0912-3428140,
榆林广济堂桃园店,地址：陕西省榆林市高新区兴达路桃花小区东门北侧,电话：0912-8150729,
榆林广济堂王家楼店,地址：陕西省榆林市榆阳区王家楼五组沿街门市,电话：0912-8180607,
榆林广济堂墨金苑店,地址：陕西省榆林市高新区墨金苑小区8号楼106室,电话：0912-8163821,
榆林广济堂榆阳店,地址：陕西省榆林市榆阳区榆阳西路金龙宾馆一楼,电话：0912-8163831,
榆林广济堂迎宾店,地址：陕西省榆林市榆阳区迎宾路西段（榆靖高速路旁）,电话：0912-8180637,
榆林广济堂明珠店,地址：陕西省榆林市高新区塞维利亚西门3号商铺,电话：0912-8155835,
榆林广济堂畅达店,地址：陕西省榆林市榆阳区畅达路1排13号1楼,电话：0912-8151962,
榆林广济堂广榆店,地址：陕西省榆林市榆阳区长城北路居春巷23号,电话：0912-3268136,
榆林广济堂富康店,地址：陕西省榆林市榆阳区富康路地税家属楼门市,电话：0912-3688605,
榆林广济堂人民店,地址：陕西省榆林市榆阳区西人民路3号,电话：0912-8188696,
榆林广济堂建榆店,地址：陕西省榆林市榆阳区青山西路建榆建材市场门市B区四排9-10号,电话：0912-8180696,
榆林广济堂建设店,地址：陕西省榆林市榆阳区建设路,电话：0912-3641086,
榆林广济堂芹涧店,地址：陕西省榆林市榆阳区西沙芹涧路,电话：0912-8180050,
榆林广济堂柳营东路店,地址：陕西省榆林市榆阳区柳营东路粮油食品厂综合楼一楼,电话：0912-8151960,
榆林广济堂航宇店,地址：陕西省榆林市榆阳区西沙航宇路幸福路口,电话：0912-3528646,
榆林广济堂北郊店,地址：陕西省榆林市榆阳区迎宾大道北侧,电话：0912-7992562,
榆林广济堂苏庄则店,地址：陕西省榆林市榆阳区榆林大道西苏庄则街门市,电话：0912-3517726,
榆林广济堂南郊医院,地址：陕西省榆林市榆阳区开光路,电话：0912-8163826,
榆林广济堂保宁东路店,地址：陕西省榆林市榆阳区保宁东路15号区委家属院门市,电话：0912-6089463,
榆林广济堂榆林大道店,地址：陕西省榆林市榆林大道榆阳国际大酒店一楼北侧,电话：0912-3545940,
榆林广济堂崇文西路店,地址：陕西省榆林市榆阳区崇文西路45号,电话：0912-8168526,
榆林广济堂新建北路店,地址：陕西省榆林市榆阳区新建北路国贸新海龙商厦一楼,电话：0912-8185846,
榆林广济堂农垦花园店,地址：陕西省榆林市榆阳区西人民路农垦花园沿街门市14-1-02号,电话：0912-8184678,
榆林广济堂北大街店,地址：陕西省榆林市榆阳区北大街352号,电话：0912-3285424,
榆林广济堂亮馨店,地址：陕西省榆林市榆阳区肤施路亮馨大厦一楼门市,电话：0912-8180697,
榆林广济堂夏州店,地址：陕西省榆林市榆阳区夏洲路57号,电话：0912-8188694,
榆林广济堂银沙店,地址：陕西省榆林市榆阳区银沙福苑小区（金阳小区西门对面）,电话：0912-3538679,
榆林广济堂西一路店,地址：陕西省榆林市榆阳区肤施路榆阳东村安置小区东一排1号,电话：0912-8128586,
榆林广济堂长虹北路店,地址：陕西省榆林市榆阳区长虹北路榆阳西村7队小区6排1号,电话：0912-3289584,
榆林广济堂鱼河店,地址：陕西省榆林市榆阳区鱼河新街,电话：0912-3562999,
榆林广济堂红山店,地址：陕西省榆林市榆阳区红山路（区公安局一楼）,电话：0912-8151963,
榆林广济堂镇川店,地址：陕西省榆林市榆阳区镇川中街171号,电话：0912-3467902,
榆林广济堂恒安店,地址：陕西省榆林市榆阳区红山恒安路志鸿小区一楼,电话：0912-8152051,
榆林广济堂青云店,地址：陕西省榆林市榆阳区大坝头（五一化工厂）,电话：0912-7992564,
榆林广济堂金阳店,地址：陕西省榆林市榆阳区望湖东路金阳小区门,电话：0912-7992563,
榆林广济堂望湖店,地址：陕西省榆林市榆阳区望湖路,电话：0912-8150378,
榆林广济堂驼峰店,地址：陕西省榆林市榆阳区东沙无量殿北天顺巷口华泰建工办公楼一楼,电话：0912-3282520,
榆林广济堂上郡店,地址：陕西省榆林市榆阳区上郡路42号,电话：0912-7992561,
榆林广济堂崇文店,地址：陕西省榆林市榆阳区文化路王家楼新村三排一号,电话：0912-8163833,
榆林广济堂二中店,地址：陕西省榆林市榆阳区上郡中路138号,电话：0912-8117523,
榆林广济堂兴达店,地址：陕西省榆林市榆阳区东沙桃园路财政局家属院东一排3号,电话：0912-8185671,
榆林广济堂金沙店,地址：陕西省榆林市榆阳区金沙路馨富园小区106号,电话：0912-8152811,
榆林广济堂西沙店,地址：陕西省榆林市文化南路长青小区15号楼1号,电话：0912-8163818,
榆林广济堂明清店,地址：陕西省榆林市榆阳区北大街吕二狮巷口,电话：0912-7992565,
榆林广济堂金华店,地址：陕西省榆林市榆阳区东沙金华路121号,电话：0912-3261427,
榆林广济堂肤施店,地址：陕西省榆林市榆阳区肤施路,电话：0912-8151668,
榆林广济堂长安店,地址：陕西省榆林市榆阳区红山长虹北路东侧1-2号,电话：0912-8151961,
榆林广济堂长虹店,地址：陕西省榆林市榆阳区驼峰路惠丰小区门口,电话：0912-8163819,
榆林广济堂星明店,地址：陕西省榆林市榆阳区新建南路药检所一楼,电话：0912-3261407,
榆林广济堂金苑店,地址：陕西省榆林市榆阳区金沙路金苑小区西门南侧,电话：0912-8188695,
榆林广济堂东沙店,地址：陕西省榆林市榆阳区东沙驼峰中路1号,电话：0912-8163828,
榆林广济堂中心店,地址：陕西省榆林市榆阳区长城北路广济大厦一楼,电话：0912-8163830,
西安泰生医药连锁华远君城店,地址：陕西省西安市未央区太元路和太和路十字华远君城3号楼 ,电话：029-86334690 ,
西安泰生医药连锁蔺高新居北店,地址：陕西省西安市未央区武警路附近 ,电话：029-84611892 ,
西安泰生医药连锁博文路店,地址：陕西省西安市雁塔区科技一路附近 ,电话：029-84611891 ,
西安泰生医药兰亭坊店,地址：陕西省西安市雁塔区科技六路兰亭坊小区门面房 ,电话：029-89189950,
西安泰生医药连锁团结东路店,地址：陕西省西安市莲湖区团结东路附9附近 ,电话：029-84611890 ,
西安泰生医药连锁唐元店,地址：陕西省西安市莲湖区西举院巷唐元宫北8号 ,电话：029-87628235 ,
西安泰生医药连锁尚稷路店,地址：陕西省西安市未央区尚稷路附近 ,电话：15929329026 ,
西安泰生医药连锁百草涧店,地址：陕西省西安市长安区韦区镇长安广场西街1号 ,电话：029-85655201,
西安泰生医药连锁友谊店,地址：陕西省西安市碑林区友谊西路188号 ,电话：029-88407285 ,
西安泰生医药连锁莲湖路店,地址：陕西省西安市莲湖区莲湖路383 ,电话：029-87329862 ,
西安泰生医药连锁永兴路店,地址：陕西省西安市莲湖区兴中路1-65号 ,电话：029-86495711 ,
西安泰生医药连锁阿房四路店,地址：陕西省西安市西咸新区沣东新城三桥镇阿房四路至乐小区单身楼一层西户 ,电话：029-84611890 ,
西安泰生医药连锁半坡路店,地址：陕西省西安市灞桥区半引路33号 ,电话：029-84611890 ,
西安泰生医药连锁同乐店,地址：陕西省西安市雁塔区高新旺座现代城二号楼一号 ,电话：029-88785110 ,
西安泰生医药连锁阿房四路二店,地址：陕西省西安市未央区邓六路西马寨51号 ,电话：029-84611890 ,
西安泰生医药连锁宝善堂店,地址：陕西省西安市莲湖区西仓南巷120号 ,电话：029-84611890 ,
西安泰生医药连锁万德店,地址：陕西省西安市雁塔区建工路12号附近 ,电话：029-84611894 ,
西安泰生医药连锁红庙坡店,地址：陕西省西安市莲湖区红庙坡210号 ,电话：029-84611890 ,
西安泰生医药连锁西晁店,地址：陕西省西安市雁塔区双鱼路附近 ,电话：029-84611893 ,
西安泰生医药连锁阿房一路店,地址：陕西省西安市西咸新区沣东新城三桥街道办阿房一路阿房村53号由西向东第2间门面房 ,电话：029-84611890 ,
西安泰生医药连锁葆升堂店,地址：陕西省西安市碑林区长安北路34号 ,电话：029-84611890 ,
西安泰生医药连锁汉城乡店,地址：陕西省西安市未央区楼阁台小学向西180米 ,电话：029-84611890 ,
西安泰生医药连锁安邸村店,地址：陕西省西安市灞桥区席王乡安邸村34号 ,电话：029-84611890 ,
西安泰生医药连锁长安区分公司店,地址：陕西省西安市长安区长安南街1号 ,电话：15029980345 ,
西安泰生医药连锁北长安街店,地址：陕西省西安市长安区韦曲街办北长安街吉源美郡小区10201号由东向西第四间门面房 ,电话：029-84611890 ,
西安泰生医药连锁常青二路店,地址：陕西省西安市未央区常青二路高山流水幸福快车8幢30104号商铺 ,电话：029-84611890 ,
西安泰生医药连锁燕南二路店,地址：陕西省西安市曲江新区雁南二路北侧银泰城负一层沃尔玛超市内 ,电话：029-84611890 ,
西安泰生医药连锁晨辉店,地址：陕西省西安市雁塔区鱼化寨大寨村112号 ,电话：029-84611890 ,
西安泰生医药连锁长安区鑫鑫店,地址：陕西省西安市长安区凤栖西路西枫巷1号 ,电话：029-84611890 ,
西安泰生医药连锁翠华路店,地址：陕西省西安市雁塔区翠华路北路122号 ,电话：029-84611890 ,
西安泰生医药连锁超明店,地址：陕西省西安市长安区北里王村三组31号 ,电话：029-84611890 ,
西安泰生医药连锁朝日店,地址：陕西省西安市灞桥区纺建路中段102号 ,电话：029-84611890 ,
西安泰生医药连锁长安西寨店,地址：陕西省西安市长安区韦区青年南街南段大学路 ,电话：029-84611890 ,
西安泰生医药连锁昌琦店,地址：陕西省西安市未央区车家堡村114号 ,电话：029-84611890 ,
西安泰生医药连锁长乐路店,地址：陕西省西安市新城区长乐西路7号 ,电话：029-84611890 ,
西安泰生医药连锁车城花园店,地址：陕西省西安市高陵县泾渭镇陕汽路车城花园北门39幢1层6号 ,电话：029-84611890 ,
西安泰生医药连锁长盛店,地址：陕西省西安市未央区草滩街道办小滩村21号 ,电话：029-84611890 ,
西安泰生医药连锁德隆店,地址：陕西省西安市雁塔区西影路38号陕西测绘仪器厂门面房7号 ,电话：029-84611890 ,
西安泰生医药连锁德源店,地址：陕西省西安市未央区北辰安置楼1号楼4单元 ,电话：029-84611890 ,
西安泰生医药连锁常青店,地址：陕西省西安市未央区常青一路1号 ,电话：029-84611890 ,
西安泰生医药连锁车张村店,地址：陕西省西安市西咸新区沣东新城车张村东三街2号 ,电话：029-84611890 ,
西安泰生医药连锁狄寨店,地址：陕西省西安市灞桥区狄寨村三组18号 ,电话：029-84611890 ,
西安泰生医药连锁东元西路店,地址：陕西省西安市新城区东元西路3号万花园小区 ,电话：029-84611890 ,
西安泰生医药连锁丰产路店,地址：陕西省西安市西咸新区沣东新城曹家堡村26号 ,电话：029-84611890 ,
西安泰生医药连锁凤新路店,地址：陕西省西安市未央区凤新路文景小区17幢2单元20106号商铺 ,电话：029-84611890 ,
西安泰生医药连锁杜西村店,地址：陕西省西安市长安区杜曲街道办杜西村10号门面房 ,电话：029-84611890 ,
西安泰生医药连锁方新路店,地址：陕西省西安市未央区雅梦新居小区6号楼商业铺 ,电话：029-84611890 ,
西安泰生医药连锁八水洋房店,地址：陕西省西安市莲湖区丰禾路12号八水洋房底商由西向东第一间门面房 ,电话：029-84611890 ,
西安泰生医药连锁东晁村店,地址：陕西省西安市雁塔区鱼镐路东晁村16号门面房 ,电话：029-84611890 ,
西安泰生医药连锁丰庆路店,地址：陕西省西安市莲湖区丰庆路218号 ,电话：029-84611890 ,
西安泰生医药连锁纺织城店,地址：陕西省西安市灞桥区纺科路逸景雅居16号 ,电话：029-81973812 ,
西安泰生医药连锁丰收店,地址：陕西省西安市莲湖区丰收路21号 ,电话：029-84611890 ,
西安泰生医药连锁丰裕店,地址：陕西省西安市未央区北皂河村丰产路西段60号楼12 ,电话：029-84611890 ,
西安泰生医药连锁东风路店,地址：陕西省西安市未央区草滩镇东风路长庆花园北门西侧商铺由东向西第7、8、9间门面房 ,电话：029-84611890 ,
西安泰生医药连锁风光路店,地址：陕西省西安市灞桥区狄寨街办狄寨街道风光路1组付2号南侧门面房 ,电话：029-84611890 ,
西安泰生医药连锁沣景园店,地址：陕西省西安市莲湖区大兴西路副44号 ,电话：029-84611890 ,
西安泰生医药连锁福康店,地址：陕西省西安市雁塔区杜城堡934号 ,电话：029-84611890 ,
西安泰生医药连锁凤栖西路店,地址：陕西省西安市长安区韦曲凤栖西路昌达商住楼1层第11号商铺 ,电话：029-84611890 ,
西安泰生医药连锁福民店,地址： 陕西省西安市未央区汉城街办东杨善村256号 ,电话：029-84611890 ,
西安泰生医药连锁甘家寨店,地址：陕西省西安市高新区科技二路中段甘家寨新区东二排5号楼9单元1层门面房 ,电话：029-84611890 ,
西安泰生医药连锁古城村店,地址：陕西省西安市长安区黄良街道办事处西古城村6号 ,电话：029-84611890 ,
西安泰生医药连锁光华路店,地址：陕西省西安市雁塔区丈八街办茶张村1组18号 ,电话：029-84611890 ,
西安泰生医药连锁高新店,地址：陕西省西安市莲湖区环城西路南段18号1层 ,电话：029-84611890 ,
西安泰生医药连锁福众店,地址：陕西省西安市雁塔区鱼南村108号 ,电话：029-84611890 ,
西安泰生医药连锁广福店,地址：陕西省西安市未央区红光路红光社区办公楼一层门面房 ,电话：029-84611890 ,
西安泰生医药连锁阁老门店,地址：陕西省西安市未央区阁老门南村3号 ,电话：029-84611890 ,
西安泰生医药连锁郭家庙店,地址：陕西省西安市未央区郭家庙村78号 ,电话：029-84611890 ,
西安泰生医药连锁含光路店,地址：陕西省西安市雁塔区含光路278号 ,电话：029-84611890 ,
西安泰生医药连锁含元路店,地址：陕西省西安市新城区含元路61号博祥时代小区5幢3单元一层30102号门面房 ,电话：029-84611890 ,
西安泰生医药连锁红光店,地址：陕西省西安市西咸新区沣东新城红光路18号红光花园 ,电话：029-84611890 ,
西安泰生医药连锁红旗路店,地址：陕西省西安市未央区红旗西路18号 ,电话：029-84611890 ,
西安泰生医药连锁红旗路二店,地址：陕西省西安市未央区祥云农副产品交易市场 ,电话：029-84611890 ,
西安泰生医药连锁华英店,地址：陕西省西安市莲湖区东夏家十字唐人街C座25号 ,电话：029-84611890 ,
西安泰生医药连锁红云店,地址：陕西省西安市户县明道路59号 ,电话：029-84611890 ,
西安泰生医药连锁华众店,地址：陕西省西安市长安区郭杜镇长里村长正街27号 ,电话：029-84611890 ,
西安泰生医药连锁宏维店,地址：陕西省西安市长安区恭张村综合楼一层01号 ,电话：029-84611890 ,
西安泰生医药连锁建章路店,地址：陕西省西安市西咸新区沣东新城三桥镇牛曹堡村588号 ,电话：13992870046 ,
西安泰生医药连锁惠康店,地址：陕西省西安市长安区韦曲西街建材街上塔坡村200号 ,电话：029-84611890 ,
西安泰生医药连锁后围寨店,地址：陕西省西安市西咸新区沣东新城三桥镇后围寨村209号 ,电话：029-83159397 ,
西安泰生医药连锁惠民店,地址：陕西省西安市长安区黄良镇子午大道十字东北角216号 ,电话：029-84611890 ,
西安泰生医药连锁景龙路店,地址：陕西省西安市碑林区景龙洋楼33号 ,电话：029-84611890 ,
西安泰生医药连锁互助店,地址：陕西省西安市未央区红旗西路徐家湾何止西新村14排1号门面房 ,电话：029-84611890 ,
西安泰生医药连锁焦家村店,地址：陕西省西安市西咸新区沣东新城建章北路焦家村7号 ,电话：15529476420 ,
西安泰生医药连锁康华店,地址：陕西省西安市灞桥区半引路中殿村1号 ,电话：029-84611890 ,
西安泰生医药连锁惠众店,地址：陕西省西安市长安区韦曲街办东兆余4组新庄土2排1号 ,电话：029-84611890 ,
西安泰生医药连锁户县分公司店,地址：陕西省西安市户县人民路北段车站东路1号临街门面房 ,电话：029-84611890 ,
西安泰生医药连锁金瑞店,地址：陕西省西安市未央区草滩镇湖北庄3组 ,电话：029-84611890 ,
西安泰生医药连锁景瑞店,地址：陕西省西安市雁塔区史家湾村二组 ,电话：029-84611890 ,
西安泰生医药连锁靖宁路店,地址：陕西省西安市长安区靖宁路圣合家园三期西门北侧20号门面房 ,电话：029-84611890 ,
西安泰生医药连锁康美店,地址：陕西省西安市未央区学员路丽舍春天门面房1号 ,电话：029-84611890 ,
西安泰生医药连锁集贤镇店,地址：陕西省西安市周至县集贤镇街道终集路十字向东路北第十四间门面房 ,电话：029-84611890 ,
西安泰生医药连锁井东路店,地址：陕西省西安市未央区井上村长安易居25号楼3单元1层30106号 ,电话：029-84611890 ,
西安泰生医药连锁华博店,地址：陕西省西安市未央区汉城乡楼阁台村78号,电话：029-84611890 ,
西安泰生医药连锁嘉华街店,地址：陕西省西安市长安区韦曲街办西环南路嘉华新苑2号楼123号门面房 ,电话：029-84611890 ,
西安泰生医药连锁景辉店,地址：陕西省西安市未央区草滩街办湖北庄二组商业安置楼1幢二排1号 ,电话：029-84611890 ,
西安泰生医药连锁康仁店,地址：陕西省西安市未央区汉城乡吴高墙村177号 ,电话：029-84611890 ,
西安泰生医药连锁华鑫店电厂店,地址：陕西省西安市灞桥区草滩村75号 ,电话：029-84611890 ,
西安泰生医药连锁酒十路二店,地址：陕西省西安市灞桥区酒十路高架桥下路东北侧门 ,电话：029-84611890 ,
西安泰生医药连锁嘉兴店,地址：陕西省西安市雁塔区田家湾9组72号 ,电话：029-84611890 ,
西安泰生医药连锁景康店,地址：陕西省西安市雁塔区马腾空村117号付1号 ,电话：029-84611890 ,
西安泰生医药连锁康舒店,地址：陕西省西安市莲湖区铁塔寺北街10排3号 ,电话：029-84611890 ,
西安泰生医药连锁局连村店,地址：陕西省西安市长安区韦曲夏殿村东大街139号从西向东第一间和第二间门面房 ,电话：029-84611890 ,
西安泰生医药连锁康益店,地址：陕西省西安市未央区北皂河村11号 ,电话：029-84611890 ,
西安泰生医药连锁康复店,地址：陕西省西安市雁塔区鱼化寨八家巷村67号 ,电话：029-84611890 ,
西安泰生医药连锁康悦店,地址：陕西省西安市雁塔区杜城正街316号 ,电话：029-84611890 ,
西安泰生医药连锁南新街店,地址：陕西省西安市长安区引镇街办南新街11号家都购物超市内一层西入口北侧由西向东第一间,电话：029-84611890 ,
西安泰生医药连锁科技六路店,地址：陕西省西安市雁塔区西高薪区高枫林绿洲E区商业步行街6号 ,电话：029-84611890 ,
西安泰生医药连锁庞马村店,地址：陕西省西安市未央区汉城乡庞马村49号商铺 ,电话：029-84611890 ,
西安泰生医药连锁矿山路店,地址：陕西省西安市浐灞生态区矿山路刘南村商品房第1幢1单元1层10106号房 ,电话：029-84611890 ,
西安泰生医药连锁平康店,地址：陕西省西安市雁塔区西八里南门4号 ,电话：029-84611890 ,
西安泰生医药连锁昆明池路店,地址：陕西省西安市雁塔区昆明池路3号 ,电话：029-84611890 ,
西安泰生医药连锁人和店,地址：陕西省西安市雁塔区北山门口村南街19号 ,电话：029-84611890 ,
西安泰生医药连锁沁园春店,地址：陕西省西安市莲湖区梨园路沁园春小区15号楼11号 ,电话：029-84611890 ,
西安泰生医药连锁普渡店,地址：陕西省西安市长安区五台街办留村西新街电管所东4户 ,电话：029-84611890 ,
西安泰生医药连锁乐园店,地址：陕西省西安市长安区韦曲镇西韦村乐园新村东段13号 ,电话：029-84611890 ,
西安泰生医药连锁世辉店,地址：陕西省西安市西咸新区沣东新城高小村西安平义商贸有限责任公司2号门面 ,电话：029-84611890 ,
西安泰生医药连锁梨园路店,地址：陕西省西安市莲湖区梨园路18号大兴家苑10126号门面房 ,电话：029-84611890 ,
西安泰生医药连锁秦汉店,地址：陕西省西安市未央区浐灞生态区东风路八家村付9号 ,电话：029-84611890 ,
西安泰生医药连锁思源店,地址：陕西省西安市灞桥区狄寨镇潘村商业街5号 ,电话：029-84611890 ,
西安泰生医药连锁临潼华清店,地址：陕西省西安市临潼区唐御坊人人乐超市内 ,电话：029-84611890 ,
西安泰生医药连锁荣辉店,地址：陕西省西安市未央区陕西省西安市未央区草滩镇街道办草店村科大综合市场内C111号 ,电话：029-84611890 ,
西安泰生医药连锁临潼人民路店,地址：陕西省西安市临潼区人民西路西街新村58号 ,电话：029-84611890 ,
西安泰生医药连锁龙首北路店,地址：陕西省西安市莲湖区北路宫园壹号负一层人人乐超市内北入口东侧 ,电话：029-84611890 ,
西安泰生医药连锁南何村店,地址：陕西省西安市西咸新区沣东新城三桥镇南何村小区98号 ,电话：029-84611890 ,
西安泰生医药连锁山门口店,地址：陕西省西安市雁塔区电子城山门口村39号 ,电话：029-84611890 ,
西安泰生医药连锁房地新苑店,地址：陕西省西安市莲湖区房地新苑第一层A02号商铺 ,电话：029-84611890 ,
西安泰生医药连锁寺坡村店,地址：陕西省西安市长安区杜曲街办寺坡村公路8号门面房 ,电话：029-84611890 ,
西安泰生医药连锁尚俭路店,地址：陕西省西安市新城区尚俭路539号 ,电话：029-84611890 ,
西安泰生医药连锁太华北路店,地址：陕西省西安市未央区太华北路558号百花园社区综合市场西区北排001号商铺 ,电话：029-84611890 ,
西安泰生医药连锁全博店,地址：陕西省西安市未央区蔺高村集贸市场北1—4号 ,电话：029-84611890 ,
西安泰生医药连锁十里铺店,地址：陕西省西安市灞桥区十里铺北岭新村三组1号 ,电话：029-84611890 ,
西安泰生医药连锁太华北路二店,地址：陕西省西安市未央区太华北路558号百花家园小区第9幢1单元1层10101号房 ,电话：029-84611890 ,
西安泰生医药连锁太华南路店,地址：陕西省西安市新城区太华南路银河坊1号西侧商铺由北向南第一间门面房 ,电话：029-84611890 ,
西安泰生医药连锁太乙宫店,地址：陕西省西安市长安区太乙宫镇四皓村16号 ,电话：029-84611890 ,
西安泰生医药连锁唐家村店,地址：陕西省西安市雁塔区唐家村51号 ,电话：029-84611890 ,
西安泰生医药连锁泰斌店,地址：陕西省西安市雁塔区田马路白杨寨村87号 ,电话：029-84611890 ,
西安泰生医药连锁团结村店,地址：陕西省西安市未央区团结工业园区6号门面房 ,电话：029-84611890 ,
西安泰生医药连锁天台一路店,地址：陕西省西安市西咸新区沣东新城天台一路2号由东向西第一间门面房 ,电话：029-84611890 ,
西安泰生医药连锁团结二路店,地址：陕西省西安市莲湖区团结二路30号 ,电话：029-84611890 ,
西安泰生医药连锁泰福店,地址：陕西省西安市灞桥区南吴村三组44号 ,电话：029-84611890 ,
西安泰生医药连锁天阳店,地址：陕西省西安市雁塔区长安南路82号华城国际8幢8号楼1单元1层10104号 ,电话：029-84611890 ,
西安泰生医药连锁西航花园店,地址：陕西省西安市霸桥区酒十北路93号 ,电话：029-84611890 ,
西安泰生医药连锁万荣店,地址：陕西省西安市未央区阁老门北村12号 ,电话：029-84611890 ,
西安泰生医药连锁泰恒店,地址：陕西省西安市未央区石化大道188号 ,电话：029-84611890 ,
西安泰生医药连锁小白杨店,地址：陕西省西安市莲湖区大兴西路84号 ,电话：029-84611890 ,
西安泰生医药连锁小寨东路店,地址：陕西省西安市雁塔区小寨东路131号由东向西第二件门面房 ,电话：029-84611890 ,
西安泰生医药连锁西五路店,地址：陕西省西安市新城区西五路82号-5号门面房 ,电话：029-84611890 ,
西安泰生医药连锁泰辉店,地址：陕西省西安市西咸新区沣东新城穆将王村230号 ,电话：029-84611890 ,
西安泰生医药连锁泰隆店,地址：陕西省西安市未央区泰安园祥和居小区商业区4号1层1区10107号房 ,电话：029-84611890 ,
西安泰生医药连锁祥和店,地址：陕西省西安市未央区六村堡镇后所寨村商业街 ,电话：13359258183 ,
西安泰生医药连锁天哲店,地址：陕西省西安市西咸新区沣东新城昆明路肖里村6号由西向东第3间门面房 ,电话：029-84611890 ,
西安泰生医药连锁万兴店,地址：陕西省西安市西咸新区沣东新城陕西省西安市未央区六村堡188号 ,电话：029-84611890 ,
西安泰生医药连锁泰兴店,地址：陕西省西安市雁塔区白杨寨小区门口 ,电话：029-84611890 ,
西安泰生医药连锁心安分店,地址：陕西省西安市西咸新区沣东新城南皂河村18号 ,电话：029-84611890 ,
西安泰生医药连锁祥乐店,地址：陕西省西安市未央区团结村四组西部不锈钢铁艺市场正对面 ,电话：029-84611890 ,
西安泰生医药连锁同圣堂店,地址：陕西省西安市西咸新区沣东新城施家寨付52号 ,电话：029-84611890 ,
西安泰生医药连锁渭北店,地址：陕西省西安市高陵县泾渭镇陕汽路车城花园北门78幢1层1号 ,电话：029-84611890 ,
西安泰生医药连锁新店村店,地址：陕西省西安市西咸新区沣东新城新店温泉小区2幢1号楼1单元 ,电话：029-84611890 ,
西安泰生医药连锁西查村店,地址：陕西省西安市未央区汉城乡西查村53号 ,电话：029-84611890 ,
西安泰生医药连锁新庆店,地址：陕西省西安市国际港务区东风路西航花园骞柳北区商业街2号门面房 ,电话：029-84611890 ,
西安泰生医药连锁祥瑞店,地址：陕西省西安市未央区汉城乡楼阁台东村18号 ,电话：029-84611890 ,
西安泰生医药连锁鑫福康店,地址：陕西省西安市西咸新区沣东新城三桥建章路花园综合市场北1号 ,电话：029-84611890 ,
西安泰生医药连锁闫良人民西路店,地址：陕西省西安市闫良区人民路26号,电话：029-84611890 ,
西安泰生医药连锁兴健店,地址：陕西省西安市未央区太元路华远君城一楼门面房1-1 ,电话：029-84611890 ,
西安泰生医药连锁阎新村店,地址：陕西省西安市未央区阎新村137号付1号 ,电话：029-84611890 ,
西安泰生医药连锁永乐路店雁塔西路店,地址：陕西省西安市新城区永乐路286号“丽苑168”一层西面 ,电话：029-84611890 ,
西安泰生医药连锁兴民堂店,地址：陕西省西安市未央区汉城街道办草滩一路长乐西苑西门南侧6号商铺 ,电话：029-84611890 ,
西安泰生医药连锁樱花店,地址：陕西省西安市长安区郭杜街办郭杜东街56号,电话：029-84611890 ,
西安泰生医药连锁雁塔南路分公司店,地址：陕西省西安市雁塔区雁塔南路299号曲江观邸5号楼10102号 ,电话：029-84611890 ,
西安泰生医药连锁鱼化寨店,地址：陕西省西安市雁塔区鱼化寨街道办事处西晁村中心 ,电话：029-84611890 ,
西安泰生医药连锁永合店,地址：陕西省西安市未央区北二环东段新建国大厦1层 ,电话：029-84611890 ,
西安泰生医药连锁杨官寨店,地址：陕西省西安市高陵区姬家乡杨官寨村五组8号 ,电话：029-84611890 ,
西安泰生医药连锁星康店,地址：陕西省西安市未央区徐家湾市场28号 ,电话：029-84611890 ,
西安泰生医药连锁玉丰村店,地址：陕西省西安市未央区石化大道北玉丰村中巷1号 ,电话：029-84611890 ,
西安泰生医药连锁丈八北路店,地址：陕西省西安市雁塔区高新区丈八北路城市风景-夏日景色4栋4单元1层40109号 ,电话：029-84611890 ,
西安泰生医药连锁郑家村店,地址：陕西省西安市西咸新区沣东新城六村堡街办丰产路郑家村大队部东侧一层门面房 ,电话：029-84611890 ,
西安泰生医药连锁永华店,地址：陕西省西安市灞桥区席王路席王街道办事处对面 ,电话：029-84611890 ,
西安泰生医药连锁周吴村店,地址：陕西省西安市雁塔区鱼化寨街道办鱼斗路燕庄25号由北向南第二间门面房 ,电话：029-84611890 ,
西安泰生医药连锁朱宏路蓝箭小区店,地址：陕西省西安市未央区朱宏路蓝箭小区北门面3号 ,电话：13991170237 ,
西安泰生医药连锁一阳店,地址：陕西省西安市雁塔区长安中路111号,电话：029-84611890 ,
西安泰生医药连锁永康店,地址：陕西省西安市碑林区南二环太白路向西200米路北人人乐超市内药品区 ,电话：029-84611890 ,
西安泰生医药连锁梓怡店,地址：陕西省西安市碑林区红缨路9号 ,电话：029-84611890 ,
西安泰生医药连锁自强东路店向荣小区店,地址：陕西省西安市自强东路向荣小区一楼 ,电话：029-84611890 ,
西安泰生医药连锁北一中店,地址：陕西省西安市万寿路十字向南500米路西 ,电话：029-83256682 ,
西安泰生医药连锁南小巷店,地址：陕西省西安市莲湖区南小巷55号 ,电话：029-87625226 ,
西安泰生医药连锁丰禾路店,地址：陕西省西安市丰禾路火烧壁菜市场隔壁 ,电话：029-86130010 ,
西安泰生医药连锁舒健大药房,地址：陕西省西安市西工大人人乐超市1楼 ,电话：029-88472571 ,
西安泰生医药连锁南山门口店,地址：陕西省西安市205终点站巷子里（电子正街） ,电话：029-88296942 ,
西安泰生医药连锁龙首店,地址：陕西省西安市永新路永兴苑三号 ,电话：029-86290632 ,
西安泰生医药连锁大明宫华茂店,地址：陕西省西安市未央区未央路公交六公司华润万家内 ,电话：029-86288946 ,
西安泰生医药连锁天星店,地址：陕西省西安市西高新区团结南路2号高科新花园1栋1-01号 ,电话：029-88157464 ,
西安泰生医药连锁边西街店,地址：陕西省西安市边西街东泰城市之光西区1-02号门面房 ,电话：029-85391418 ,
西安泰生医药连锁永盛店,地址：陕西省西安市新城区长乐东路86号紫薇家天下9东1单元 ,电话：029-82577266 ,
西安泰生医药连锁自强东路店,地址：陕西省西安市大明宫遗址区自强东路 ,电话：029-86336107 ,
西安泰生医药连锁君辉店,地址：陕西省西安市莲湖区大庆路138号（家世界家乐内） ,电话：029-84230986 ,
西安泰生医药连锁炎黄店,地址：陕西省西安市新城区后宰门130号内 ,电话：029-87378376 ,
西安泰生医药连锁智华店,地址：陕西省西安市碑林区东关正街东方星苑人人乐超市内 ,电话：029-82469989 ,
西安泰生医药连锁宝轩堂店,地址：陕西省西安市莲湖区西大街198号 ,电话：029-87629659 ,
西安泰生医药连锁联志店,地址：陕西省西安市莲湖区北关人人乐超市内 ,电话：029-86266275 ,
西安泰生医药连锁兴建店,地址：陕西省西安市未央区太元路华远君城一楼门面房1-1号 ,电话：029-86334690 ,
西安泰生医药连锁康泉大药房店,地址：陕西省西安市大明宫遗址区自强东路华宏大厦1110号 ,电话：029-86267017 ,
西安泰生医药连锁铁塔寺店,地址：陕西省西安市莲湖区潘家村社区家属院一层 ,电话：029-88632037 ,
陕西省咸阳市百姓乐大药房彬县西桥店,地址：陕西省咸阳市家乐汇购物广一层,电话：029-34799167,
陕西省咸阳市百姓乐大药房乐育南路店,地址：陕西省咸阳市乐育南路钟楼广场南段附用房,电话：029-33227220,
陕西省咸阳市百姓乐大药房抗战南路店,地址：陕西省咸阳市抗战南路双保御水苑小区门面房,电话：029-32856052,
陕西省咸阳市百姓乐大药房乾县店,地址：陕西省咸阳市城关镇桥东街乾唐锦绣门面房,电话：029-35535256,
陕西省咸阳市百姓乐大药房吴家堡店,地址：陕西省咸阳市酿造厂十字东南角,电话：029-32856051,
陕西省咸阳市百姓乐大药房朝阳二路店,地址：陕西省咸阳市金旭路秦建苑小区A栋2-105号,电话：029-33411180,
陕西省咸阳市百姓乐大药房三原凤凰国际店,地址：陕西省咸阳市三原县宴友思大街凤凰国际一楼,电话：无,
陕西省咸阳市百姓乐大药房人民中路店,地址：陕西省咸阳市人民中路16号中民大厦一层（苏宁电器）,电话：029-32908805,
陕西省咸阳市百姓乐大药房泾阳花园店,地址：陕西省咸阳市泾阳县花园酒店门面房,电话：029-36201158,
陕西省咸阳市百姓乐大药房三原世纪佳美店,地址：陕西省咸阳市三原县苍南路世纪佳美购物广场一楼门面房,电话：029-32261881,
陕西省咸阳市百姓乐大药房渭阳西路店,地址：陕西省咸阳市渭阳西路阳光新都市花园门面房,电话：029-32801683,
陕西省咸阳市百姓乐大药房思源南路店,地址：陕西省咸阳市咸阳市秦都区思源南路8号湖滨佳园,电话：029-32835569,
陕西省咸阳市百姓乐大药房泾阳三渠店,地址：陕西省咸阳市泾阳县三渠镇街道,电话：029-36485818,
陕西省咸阳市百姓乐大药房礼泉店,地址：陕西省咸阳市礼泉县城中西结合医院东100米,电话：029-35622715,
陕西省咸阳市百姓乐大药房四季阳光店,地址：陕西省咸阳市文林路四季阳光小区门面房（能源学院对面）,电话：029-32801682,
陕西省咸阳市百姓乐大药房三原政府街店,地址：陕西省咸阳市三原县三独路南八巷口,电话：029-32918086,
陕西省咸阳市百姓乐大药房彬县东桥店,地址：陕西省咸阳市姜嫄街2号电力大厦门面房,电话：无,
陕西省咸阳市百姓乐大药房火车西站店,地址：陕西省咸阳市火车西站、1路车终点站,电话：029-33376675,
陕西省咸阳市百姓乐大药房沣水园店,地址：陕西省咸阳市沣水园综合市场,电话：029-33675428,
陕西省咸阳市百姓乐大药房中山街店,地址：陕西省咸阳市中山街湖岸嘉园9号商铺,电话：029-33236118,
陕西省咸阳市百姓乐大药房梧桐花园店,地址：陕西省咸阳市彩虹南二路梧桐花园小区（西杨村十字自西南角）,电话：029-33329781,
陕西省咸阳市百姓乐大药房阳光小区店,地址：陕西省咸阳市渭阳西路阳光小区门面房,电话：029-33329832,
陕西省咸阳市百姓乐大药房紫韵东城店,地址：陕西省咸阳市咸阳市紫韵东城小区南门口第一间门面,电话：029-33765718,
陕西省咸阳市百姓乐大药房火车站店,地址：陕西省咸阳市抗战北路十字火车站广场西南角,电话：029-32968775,
陕西省咸阳市百姓乐大药房三原东三路店,地址：陕西省咸阳市三原县东三路中段党校门面房,电话：029-32252161,
陕西省咸阳市百姓乐大药房河南街店,地址：陕西省咸阳市河南街小区门面房,电话：029-33673233,
陕西省咸阳市百姓乐大药房帝都花园店,地址：陕西省咸阳市秦都区世纪大道帝都花园门面房,电话：029-33661220,
陕西省咸阳市百姓乐大药房藤麟居店,地址：陕西省咸阳市渭阳西路柳仓街藤麟居小区,电话：029-33341590,
陕西省咸阳市百姓乐大药房陕科大店,地址：陕西省咸阳市人民西路49号陕科大生活园区,电话：029-33579330,
陕西省咸阳市百姓乐大药房三原店,地址：陕西省咸阳市三原县西什字南关正街,电话：029-32256171,
陕西省咸阳市百姓乐大药房钓台店,地址：陕西省咸阳市钓台镇街道236号,电话：029-33670798,
陕西省咸阳市百姓乐大药房淳化店,地址：陕西省咸阳市淳化县城关正南门,电话：029-32773979,
陕西省咸阳市百姓乐大药房水畔名苑店,地址：陕西省咸阳市世纪大道水畔小区门面房,电话：029-33693950,
陕西省咸阳市百姓乐大药房淳化润镇店,地址：陕西省咸阳市淳化县润镇街道,电话：029-32611195,
陕西省咸阳市百姓乐大药房兴平华润店,地址：陕西省咸阳市兴平市金城路华润万家北门入口内第三家,电话：029-38822536,
陕西省咸阳市百姓乐大药房毕塬中路店,地址：陕西省咸阳市毕塬中路陕工职院后门,电话：029-33153605,
陕西省咸阳市百姓乐大药房彩虹新区店,地址：陕西省咸阳市彩虹新家园物业楼一层,电话：029-33360709,
陕西省咸阳市百姓乐大药房金泰店,地址：陕西省咸阳市世纪大道金泰丝路花城商业街10号楼101号,电话：029-33693220,
陕西省咸阳市百姓乐大药房毕塬西路店,地址：陕西省咸阳市毕塬西路运通小区,电话：029-33216632,
陕西省咸阳市百姓乐大药房王桥店,地址：陕西省咸阳市泾阳县王桥镇街道,电话：029-36550042,
陕西省咸阳市百姓乐大药房毕塬东路店,地址：陕西省咸阳市毕塬东路钢管厂对面,电话：029-33768665,
陕西省咸阳市百姓乐大药房风和日丽店,地址：陕西省咸阳市风和日丽小区门面房,电话：029-33728392,
陕西省咸阳市百姓乐大药房烽火店,地址：陕西省咸阳市烽火镇政府对面,电话：029-35766105,
陕西省咸阳市百姓乐大药房永乐店,地址：陕西省咸阳市泾阳县永乐镇百富超市一层,电话：029-36383881,
陕西省咸阳市百姓乐大药房太平店,地址：陕西省咸阳市太平镇政府斜对面,电话：029-36651215,
陕西省咸阳市百姓乐大药房陈阳店,地址：陕西省咸阳市世纪大道鸿基商务酒店十字对面段村路口,电话：029-33679119,
陕西省咸阳市百姓乐大药房华宇蓝郡店,地址：陕西省咸阳市世纪大道华宇蓝郡小区二号楼6号商铺,电话：029-33678463,
陕西省咸阳市百姓乐大药房人民西路店,地址：陕西省咸阳市防洪渠十字西210小区东侧,电话：029-33329897,
陕西省咸阳市百姓乐大药房秦阳花园店,地址：陕西省咸阳市世纪大道秦阳花园西50米,电话：029-33687066,
陕西省咸阳市百姓乐大药房桥底店,地址：陕西省咸阳市泾阳县桥底镇环线什字,电话：029-36583793,
陕西省西安市百姓乐大药房EE康城店,地址：陕西省西安凤城八路竹园村火锅一层,电话：029-62688220,
陕西省咸阳市百姓乐大药房渭城店,地址：陕西省咸阳市咸阳市咸红路烤烟厂隔壁门面房,电话：029-33416995,
陕西省咸阳市百姓乐大药房海泉湾店,地址：陕西省咸阳市世纪大道李斯路佳境天成一楼,电话：029-33679015,
陕西省咸阳市百姓乐大药房新兴店,地址：陕西省咸阳市新兴路民生量贩南侧,电话：029-33789109,
陕西省咸阳市百姓乐大药房长武店,地址：陕西省咸阳市长武县永德宏超市院内,电话：029-34203072,
陕西省西安市百姓乐大药房白鹭湾店,地址：陕西省西安市西门里白鹭湾小区,电话：029-87610239,
陕西省咸阳市百姓乐大药房泾干店,地址：陕西省咸阳市泾阳县泾干中学西50米,电话：029-36215390,
陕西省咸阳市百姓乐大药房东风店,地址：陕西省咸阳市咸阳市二中斜对面,电话：029-33761566,
陕西省咸阳市百姓乐大药房曲景店,地址：陕西省咸阳市国棉二厂生活区南门斜对面,电话：029-33194026,
陕西省咸阳市百姓乐大药房西张堡店,地址：陕西省咸阳市礼泉县西张堡镇街道什字,电话：029-35972156,
陕西省咸阳市百姓乐大药房茂陵店,地址：陕西省咸阳市马泉镇街道二针长东50米,电话：029-33612181,
陕西省咸阳市百姓乐大药房彩虹店,地址：陕西省咸阳市渭阳西路63号汇通商厦一层,电话：029-33347108,
陕西省咸阳市百姓乐大药房文林店,地址：陕西省咸阳市咸阳市渭城区铁塬什字,电话：029-33750518,
陕西省咸阳市百姓乐大药房七九五店,地址：陕西省咸阳市渭城区毕塬东路,电话：029-32918083,
陕西省咸阳市百姓乐大药房马庄店,地址：陕西省咸阳市马庄镇什字北100米,电话：029-33110161,
陕西省咸阳市百姓乐大药房烟霞店,地址：陕西省咸阳市礼泉县烟霞镇袁家路口对面,电话：029-35767602,
陕西省咸阳市百姓乐大药房底张店,地址：陕西省咸阳市底张镇市场什字,电话：029-33631001,
陕西省咸阳市百姓乐大药房高新店,地址：陕西省咸阳市咸阳市高新区东南坊西50米,电话：029-33339190,
陕西省咸阳市百姓乐大药房云阳店,地址：陕西省咸阳市泾阳县云阳镇医院西100米,电话：029-36482677,
陕西省咸阳市百姓乐大药房泾阳店,地址：陕西省咸阳市泾阳县人大门面房,电话：029-36213685,
陕西省咸阳市百姓乐大药房凤凰店,地址：陕西省咸阳市北门口双保大厦一层,电话：029-33220535,
陕西省咸阳市百姓乐大药房金旭店,地址：陕西省咸阳市金旭路水电十五局家属院门面房,电话：029-33417259,
陕西省咸阳市百姓乐大药房民生店,地址：陕西省咸阳市民生西路2号柳林花园,电话：029-33251416,
陕西省咸阳市百姓乐大药房宝泉店,地址：陕西省咸阳市宝泉路五号,电话：029-33373499,
陕西众信医药超市有限公司宝鸡众信医药九分店,地址：陕西省宝鸡市金台区大庆路50号,电话：0917-3851948,
陕西众信医药超市有限公司宝鸡众信医药八分店,地址：陕西省宝鸡市金台区幸福路16号,电话：0917-3127041,
陕西众信医药超市有限公司西安四十三分店,地址：陕西省西安市长安区郭杜东街樱花广场北侧融发沁园小区14幢30101号,电话：029-89237924,
陕西众信医药超市有限公司宝鸡众信医药七分店,地址：陕西省宝鸡市渭滨区峪泉路6号副10号,电话：0917-3323718,
陕西众信医药超市有限公司西安四十二分店,地址：陕西省西安市曲江新区曲江二路北侧曲江海天华庭第9幢1单元1层10105号,电话：029-68225812,
陕西众信医药超市有限公司铜川众信大药房有限公司北关店,地址：陕西省铜川市印台区北关一马路东街口方泉小区2号楼104号,电话：0919-4563250,
陕西众信医药超市有限公司西安五十一分店,地址：陕西省西安市莲湖区农兴路金龙小区5号楼7幢12号,电话：029-86289302,
陕西众信医药超市有限公司铜川众信大药房有限公司,地址：陕西省铜川市川口路16号,电话：0919-2162727,
陕西众信医药超市有限公司西安五十分店,地址：陕西省西安市莲湖区大兴东路71号天朗大兴郡青城2号楼2-10104号房,电话：029-81330811,
陕西众信医药超市有限公司西安四十分店,地址：陕西省西安市宏达贸易公司2栋101号,电话：无,
陕西众信医药超市有限公司宝鸡众信医药六分店,地址：陕西省宝鸡市渭滨区谭福路1号,电话：0917-3459908,
陕西众信医药超市有限公司西安四十九分店,地址：陕西省西安市莲湖区西斜路华府御城小区1.2.3.4号住宅楼前商业房15号房,电话：029-81326550,
陕西众信医药超市有限公司西安三十七分店,地址：陕西省西安市长安区北长安街310号第6栋10101号,电话：无,
陕西众信医药超市有限公司西安四十八分店,地址：陕西省西安市碑林区仁厚庄北路高山流水星币传说第一幢1单元1层,电话：029-68254156,
陕西众信医药超市有限公司宝鸡众信医药五分店,地址：陕西省宝鸡市金台区行政大道8号（第38栋一层18号）,电话：0917-2701116,
陕西众信医药超市有限公司西安四十五分店,地址：陕西省西安市边西街东泰城市之光南区一楼门面房,电话：029-68226606,
陕西众信医药超市有限公司西安三十六分店,地址：陕西省西安市明光路十字天竹综合大厦一楼东北角,电话：029-89378435,
陕西众信医药超市有限公司西安四十四分店,地址：陕西省西安市爱学路与公园南路十字东北角（二十八街坊西）,电话：029-83292994,
陕西众信医药超市有限公司西安三十五分店,地址：陕西省西安市兴庆小区永嘉坊1号楼底层自东向西第三间商铺,电话：029-83214343,
陕西众信医药超市有限公司宝鸡众信医药四分店,地址：陕西省宝鸡市金台区宏文路18号综合楼1层2号营业房,电话：0917-3907731,
陕西众信医药超市有限公司宝鸡众信医药三分店,地址：陕西省宝鸡市新建路西段20号,电话：0917-8610381,
陕西众信医药超市有限公司医仁堂店,地址：陕西省宝鸡市金台区中山东路83号,电话：0917-3518306,
陕西众信医药超市有限公司西安三十九分店,地址：陕西省西安市曲江新区芙蓉西路89号曲池坊一单元10号,电话：029-85338445,
陕西众信医药超市有限公司西安仁福大药房有限公司,地址：陕西省西安市新城区爱学路二十九街坊文艺楼1楼,电话：029-83247197,
陕西众信医药超市有限公司西安三十一分店,地址：陕西省西安市新城区公园北路38街坊7号楼二层框架结构三角房,电话：029-82690848,
陕西众信医药超市有限公司西安三十八分店,地址：陕西省西安市雁塔区长安南路华城泊郡5幢1单元1层10105号,电话：029-85378764,
陕西众信医药超市有限公司西安二十分店,地址：陕西省西安市雁塔北路南段150号,电话：029-85512505,
陕西众信医药超市有限公司西安二十六分店,地址：陕西省西安市雁南路480号华润万家内,电话：029-85561196,
陕西众信医药超市有限公司西安三十分店,地址：陕西省西安市长安区新华街230号,电话：029-85296368,
陕西众信医药超市有限公司西安三十四分店,地址：陕西省西安市灞桥区纺渭路浐灞新城一期第12栋1单元1层10105号房,电话：029-83747282,
陕西众信医药超市有限公司西安十九分店,地址：陕西省西安市碑林区体育馆东路9-1号,电话：029-87800308,
陕西众信医药超市有限公司长安二分店,地址：陕西省西安市莲湖区桃园东路88号蔚蓝观园小区6号楼CY-6-1-4号房,电话：无,
陕西众信医药超市有限公司长安一分店,地址：陕西省西安市长安区西部大道5号,电话：029-85673524,
陕西众信医药超市有限公司西安二十九分店,地址：陕西省西安市东二环延伸段泰和居9号楼10号楼之间裙房东第一间,电话：029-86478988,
陕西众信医药超市有限公司西安二十四分店,地址：陕西省西安市含光北路100号,电话：029-88415758,
陕西众信医药超市有限公司西安十八分店,地址：陕西省西安市西影路50号,电话：029-85270592,
陕西众信医药超市有限公司西安二十三分店,地址：陕西省西安市高新路33号新汇大厦负一层103号,电话：029-88339478,
陕西众信医药超市有限公司西安三十三分店,地址：陕西省西安市未央区矿山路海景印象城B区1号,电话：029-86713171,
陕西众信医药超市有限公司西安十七分店,地址：陕西省西安市碑林区交大商场南沙世纪花园商铺2号,电话：029-83641596,
陕西众信医药超市有限公司新东方店,地址：陕西省西安市雁塔区西影路3号阳光大厦一层,电话：029-83659613,
陕西众信医药超市有限公司西安三十二分店,地址：陕西省西安市新城区含元路八府庄西区11号楼,电话：029-81615601,
陕西众信医药超市有限公司西安二十八分店,地址：陕西省西安市后村西路后村小区7号楼002商铺,电话：029-89325274,
陕西众信医药超市有限公司西安四十七分店,地址：陕西省西安市雁塔区翠华路翰林世家1楼10103号,电话：029-85361015,
陕西众信医药超市有限公司西安十六分店,地址：陕西省西安市碑林区咸宁西路28号,电话：029-82666197,
陕西众信医药超市有限公司西安四十一分店,地址：陕西省西安市东仪路南段世家星城二期49栋5单元50101室,电话：029-88815538,
陕西众信医药超市有限公司西安二十七分店,地址：陕西省西安市未央区太元路18号-1号,电话：029-86732476,
陕西众信医药超市有限公司西安二十二分店,地址：陕西省西安市永松路政府小区警卫局楼下一层,电话：029-88718239,
陕西众信医药超市有限公司西安十五分店,地址：陕西省西安市西影路45号芙蓉名座103号一楼西勘小区门口,电话：029-81545301,
陕西众信医药超市有限公司西安十二分店,地址：陕西省西安市碑林区建东街科教大厦1棟1层02号,电话：029-82220969,
陕西众信医药超市有限公司西安赛好健康医药城,地址：陕西省西安市碑林区中贸街1-10104,电话：029-85575758,
陕西众信医药超市有限公司西安三分店,地址：陕西省西安市雁塔区长安南路101号,电话：029-85266171,
陕西众信医药超市有限公司韩城市众信医药超市有限公司二分店,地址：陕西省渭南市韩城市状元街与人民路十字,电话：0913-5198883,
陕西众信医药超市有限公司三原众信大药房有限公司,地址：陕西省咸阳市三原县东环路,电话：029-32270666,
陕西众信医药超市有限公司西安十一分店,地址：陕西省西安市雁塔西路4号,电话：029-85211216,
韩城市众信医药超市有限公司,地址：陕西省渭南市韩城市桢州大街与状元东街什字东南角,电话：0913-5222111,
陕西众信医药超市有限公司西安七分店,地址：陕西省西安市莲湖区桃园南路29号,电话：029-84317830,
陕西众信医药超市有限公司西安十分店,地址：陕西省西安市莲湖区劳动南路草阳村小区,电话：029-84111856,
陕西众信医药超市有限公司西安六分店,地址：陕西省西安市碑林区文艺南路111号,电话：029-87803504,
陕西众信医药超市有限公司西安二分店,地址：陕西省西安市莲湖区丰禾路9号一楼,电话：029-81628403,
陕西众信医药超市有限公司西安惠好医药西安一分店,地址：陕西省西安市电子二路晟方嘉园一层,电话：029-89196151,
陕西众信医药超市有限公司西安九分店,地址：陕西省西安市雁塔区大明宫雁塔购物广场灯饰区1楼环厅1号,电话：029-88720781,
陕西众信医药超市有限公司西安惠好医药有限公司,地址：陕西省西安市含光路名仕花园,电话：029-89383329,
陕西众信医药超市有限公司西安五分店,地址：陕西省西安市碑林区长乐坊11号,电话：029-82484642,
陕西众信医药超市有限公司三原健民大药房七分店,地址：陕西省咸阳市三原县东一路口,电话：029-33276000,
陕西众信医药超市有限公司三原健民大药房九分店,地址：陕西省咸阳市三原县医院对面,电话：029-32269333,
陕西众信医药超市有限公司西安四分店,地址：陕西省西安市新城区新科路101物业楼3-4号,电话：029-82695190,
陕西众信医药超市有限公司西安雁塔店,地址：陕西省西安市雁塔路南段1号,电话：029-85536370,
陕西众信医药超市有限公司三原健民大药房八分店,地址：陕西省咸阳市三原县宴友思大街与东四路十字,电话：029-32255888,
陕西众信医药超市有限公司三原健民大药房,地址：陕西省咸阳市三原县医院什字西北角,电话：029-32281881,
陕西众信医药超市有限公司宝鸡众信医药南关店,地址：陕西省宝鸡市经二路96号,电话：0917-3207378,
陕西众信医药超市有限公司西安二十五分店,地址：陕西省西安市碑林区含光路中段15号1栋30101号,电话：029-85392426,
陕西众信医药超市有限公司西安二十一分店,地址： 陕西省西安市曲江新区雁南四路88号曲江华府北门,电话：029-88663192,
老百姓大药房连锁股份有限公司陕西公司咸阳渭阳店,地址：陕西省咸阳市秦都区沈兴北路1号,电话：029-33570921,
老百姓大药房连锁股份有限公司陕西公司西安小寨东路店,地址：陕西省西安市雁塔区小寨东路87号,电话：029-85355292,
老百姓大药房连锁股份有限公司陕西公司西安徐家庄店,地址：陕西省西安市雁塔区白沙路中段33号,电话：029-88229271,
老百姓大药房连锁股份有限公司陕西公司西安明德门店,地址：陕西省西安市雁塔区朱雀南路38号 ,电话：029-85409759,
老百姓大药房连锁股份有限公司陕西公司西安小寨店,地址：陕西省西安市雁塔区长安中路169号,电话：029-85396798,
老百姓大药房连锁股份有限公司陕西公司西安科技路店,地址：陕西省西安市雁塔区科技路1号,电话：029-88229137,
老百姓大药房连锁股份有限公司陕西公司西安吉祥村店,地址：陕西省西安市雁塔区含光南路177号省社科院大门北侧第一层从南向北第五间商铺,电话：029-85360541,
老百姓大药房连锁股份有限公司陕西公司西安韩森路店,地址：陕西省西安市新城区韩森路287号,电话：029-83246675,
老百姓大药房连锁股份有限公司陕西公司西安电子正街店,地址：陕西省西安市雁塔区电子正街168号,电话：029-88283687,
老百姓大药房连锁股份有限公司陕西公司西安经二路店,地址：陕西省西安市新城区韩森路168号一层A1015号商铺,电话：029-83650922,
老百姓大药房连锁股份有限公司陕西公司西影路店,地址：陕西省西安市雁塔区西影路63号,电话：029-81541136,
老百姓大药房连锁股份有限公司陕西公司西安后宰门店,地址：陕西省西安市新城区北新街34号,电话：029-87371551,
老百姓大药房连锁股份有限公司陕西公司咸阳店,地址：陕西省咸阳市渭城区人民东路31号方迪大厦,电话：029-33218372,
老百姓大药房连锁股份有限公司陕西公司西安科创路店,地址：陕西省西安市雁塔区太白南路6号,电话：029-88853055,
老百姓大药房连锁股份有限公司陕西公司张十五堂西安北大街店,地址：陕西省西安市新城区北大街店163号,电话：029-87205480,
老百姓大药房连锁股份有限公司陕西公司西安吉祥店,地址：陕西省西安市雁塔区吉祥路31号,电话：029-88248717,
老百姓大药房连锁股份有限公司陕西公司西安北大街店,地址：陕西省西安市新城区西五路163号,电话：029-87205509,
老百姓大药房连锁股份有限公司陕西公司西安电子城店,地址：陕西省西安市雁塔区电子正街东侧建功大厦1-2层,电话：029-88226778,
老百姓大药房连锁股份有限公司陕西公司长乐中路店,地址：陕西省西安市新城区公园北路89号,电话：029-82558544,
老百姓大药房连锁股份有限公司陕西公司丁白路店,地址：陕西省西安市丁白路驭比华府102号,电话：无,
老百姓大药房连锁股份有限公司陕西公司西安太元路店,地址：陕西省西安市未央区太元路华远君城4-1-10104号商铺,电话：029-86352904,
老百姓大药房连锁股份有限公司陕西公司西安兴庆店,地址：陕西省西安市碑林区兴庆路64号,电话：029-83276066,
老百姓大药房连锁股份有限公司陕西公司渭南西四路店,地址：陕西省渭南市东风街仓程路新天地综合楼一楼,电话：0913-2079113,
老百姓大药房连锁股份有限公司陕西公司西安文艺路店,地址：陕西省西安市碑林区文艺路甲字1号,电话：029-87850406,
老百姓大药房连锁股份有限公司陕西公司西安土门店,地址：陕西省西安市莲湖区西二环南段18号,电话：029-84255765,
老百姓大药房连锁股份有限公司陕西公司西安含光门店,地址：陕西省西安市碑林区含光北路164号,电话：029-88422713,
老百姓大药房连锁股份有限公司陕西公司西安桃园路店,地址：陕西省西安市莲湖区团结东路168号,电话：029-84269969,
老百姓大药房连锁股份有限公司陕西公司渭南站北路店,地址：陕西省渭南市临渭区站北路中段火车站十字向西1000米,电话：0913-2067655,
老百姓大药房连锁股份有限公司陕西公司西安永宁路店,地址：陕西省西安市碑林区永宁路永宁国际•大话南门（街）3号楼位于临街第1层 第6间门面,电话：029-85201586,
老百姓大药房连锁股份有限公司陕西公司龙首北路店,地址：陕西省西安市莲湖区龙首北路中段居业大厦一层,电话：029-86293202,
老百姓大药房连锁股份有限公司陕西公司渭南市朝阳路店,地址：陕西省渭南市临渭区西四路与朝阳路十字林业大厦1楼,电话：0913-2067833,
老百姓大药房连锁股份有限公司陕西公司西安丰登路店,地址：陕西省西安市莲湖区丰登路67号,电话：029-84280423,
老百姓大药房连锁股份有限公司陕西公司渭南金水园店,地址：陕西省渭南市临渭区金水园212号,电话：0913-2085969,
老百姓大药房连锁股份有限公司陕西公司西安兴庆南路店,地址：陕西省西安市碑林区兴庆南路10号出版大厦,电话：029-82680901,
老百姓大药房连锁股份有限公司陕西公司渭南店,地址：陕西省渭南市临渭区东风街中段6号,电话：0913-2055906 ,
老百姓大药房连锁股份有限公司陕西公司渭南东风路店,地址：陕西省渭南市临渭区东风街165号西安路小学东侧50米,电话：0913-2078005,
老百姓大药房连锁股份有限公司陕西公司西安长安区店,地址：陕西省西安市长安区长安路188号,电话：029-85290705,
老百姓大药房连锁股份有限公司陕西公司西安太乙路店,地址：陕西省西安市碑林区太乙路1号太乙路家饰家纺城D区2号商铺,电话：029-82565851,
老百姓大药房连锁股份有限公司陕西公司西安朱雀店,地址：陕西省西安市碑林区保吉巷1号楼4103号,电话：029-87626719,
老百姓大药房连锁股份有限公司陕西公司西安韦曲北街店,地址：陕西省西安市长安区韦曲北街66号,电话：029-85299300,
老百姓大药房连锁股份有限公司陕西公司宝鸡清姜店,地址：陕西省宝鸡市渭滨区胜利桥南清姜路50号,电话：0917-3800325,
老百姓大药房连锁股份有限公司陕西公司边家村店,地址：陕西省西安市碑林区边家村十字东北角,电话：029-86294202,
老百姓大药房连锁股份有限公司陕西公司西安友谊路店,地址：陕西省西安市碑林区友谊路244号,电话：029-87882889,
老百姓大药房连锁股份有限公司陕西公司宝鸡高新店,地址：陕西省宝鸡市渭滨区高新大道20号山水文苑2号楼1层,电话：0917-3854234,
老百姓大药房连锁股份有限公司陕西公司西安李家村店,地址：陕西省西安市碑林区雁塔路北段78号,电话：029-87856119,
老百姓大药房连锁股份有限公司陕西公司纺织城店,地址：陕西省西安市灞桥区堡子村十字路口转盘东南角东城濠景大厦,电话：029-83337459,
老百姓大药房连锁股份有限公司陕西公司宝鸡中山东路店,地址：陕西省宝鸡市金台区中山路1,电话：0917-3522310,
老百姓大药房连锁股份有限公司陕西公司西安浐灞新城店,地址：陕西省西安市灞桥区水香路10号,电话：无,
老百姓大药房连锁股份有限公司陕西公司宝鸡金台店,地址：陕西省宝鸡市金台区金台大道4号1层,电话：0917-3216359,
西安怡康医药连锁有限责任公司必康药店,地址：陕西省宝鸡市渭滨区公园南路沁心园小区楼下,电话：0917-3870805,
西安怡康医药连锁有限责任公司紫薇田园都市一店,地址：陕西省西安市博士路百姓厨房附近,电话：029-85690756,
西安怡康医药连锁有限责任公司科海大药房,地址：陕西省西安市文艺北路59号,电话：029-83176048,
西安怡康医药连锁有限责任公司怡悦纺织城店,地址：陕西省西安市东门里向西路北200米,电话：029-87435004,
西安怡康医药连锁有限责任公司同一铁路新村店,地址：陕西省西安市南二环武警医院,电话：029-82228425,
西安怡康医药连锁有限责任公司南二环五店,地址：陕西省西安市九院对面,电话：029-82315103,
西安怡康医药连锁有限责任公司枣园西路三店,地址：陕西省西安市莲湖区枣园西路160号爱菊佳园楼下,电话：029-84117796,
西安怡康医药连锁有限责任公司怡悦纺七路店,地址：陕西省西安市纺织城七路民主坊32楼,电话：029-83521131,
西安怡康医药连锁有限责任公司东仪路店,地址：陕西省西安市雁塔区东仪路13号商铺,电话：029-88860127,
西安怡康医药连锁有限责任公司怡悦劳动南路店,地址：陕西省西安市碑林区东大街130号,电话：029-87443564,
西安怡康医药连锁有限责任公司人民南路店,地址：陕西省西安市临潼区人民南路,电话：029-83815897,
西安怡康医药连锁有限责任公司安康恒口店,地址：陕西省安康恒口镇中心街好日子超市对面,电话：0915-3610243,
西安怡康医药连锁有限责任公司蒲城红旗路店,地址：陕西省渭南市蒲城县红旗街花篮十字西北角,电话：0913-7219750,
西安怡康医药连锁有限责任公司安康汉阴店,地址：陕西省安康市汉阴县城关镇北城街红馆会所KTV对面,电话：0915-5212146,
西安怡康医药连锁有限责任公司蓝田向阳路店,地址：陕西省西安市蓝田县向阳路87号,电话：029-82722008,
西安怡康医药连锁有限责任公司青年北街店,地址：陕西省西安市长安区韦曲青年北街西韦小学向北,电话：029-85295760,
西安怡康医药连锁有限责任公司蒲城朝阳街店,地址：陕西省渭南市蒲城县朝阳街南环路万佳建材对面,电话：0913-7218623,
西安怡康医药连锁有限责任公司周至农商街店,地址：陕西省西安市周至县农商西街6号,电话：029-87110442,
西安怡康医药连锁有限责任公司安康南门店,地址：陕西省安康市安康南环路南门菜市场斜对面,电话：0915-3282022,
西安怡康医药连锁有限责任公司名人街璞太和店,地址：陕西省商洛市商州区名人街美伊百货一层,电话：0914-8060688,
西安怡康医药连锁有限责任公司富平金龙大道店,地址：陕西省渭南市富平县金龙大道5号,电话：0913-8216103,
西安怡康医药连锁有限责任公司北新街三店,地址：陕西省商洛市商州区北新街中段,电话：0914-2382144,
西安怡康医药连锁有限责任公司周至县店,地址：陕西省西安市周至县中心东街金钟环广场,电话：029-87121120,
西安怡康医药连锁有限责任公司高陵东方红路店,地址：陕西省西安市高陵县东方红十字西北角,电话：029-86914425,
西安怡康医药连锁有限责任公司高陵长庆西路店,地址：陕西省西安市高陵县长庆大道逸景佲居,电话：029-86030751,
西安怡康医药连锁有限责任公司蒲京荣城店,地址：陕西省渭南市朝阳街东段与东环路十字向西蒲京荣城一层,电话：0913-7218459,
西安怡康医药连锁有限责任公司长武宜碌街店,地址：陕西省西安市长武宜碌街金润花园门口,电话：029-34290686,
西安怡康医药连锁有限责任公司商洛北新街一店,地址：陕西省商洛市商州区通江西路北,电话：0914-2327888,
西安怡康医药连锁有限责任公司兴平兴化路店,地址：陕西省咸阳市兴平市兴化路5号,电话：029-38832577,
西安怡康医药连锁有限责任公司长武便民药房,地址：陕西省西安市长武县人民医院院内,电话：029-34206041,
西安怡康医药连锁有限责任公司蓝田文化路店,地址：陕西省西安市蓝田县文化路65号,电话：029-82735520,
西安怡康医药连锁有限责任公司周至南大街店,地址：陕西省西安市周至县澳洲十字钧发南钻116-117号,电话：029-87120896,
西安怡康医药连锁有限责任公司彬县公刘街店,地址：陕西省西安市彬县公刘街福源小区一楼,电话：029-34866995,
西安怡康医药连锁有限责任公司周至太白南路店,地址：陕西省西安市周至县转盘十字向南,电话：029-87151595,
西安怡康医药连锁有限责任公司彬县西大街店,地址：陕西省西安市咸阳市彬县西大街西段城管派出所东,电话：029-34765232,
西安怡康医药连锁有限责任公司陕西怡康彬县店,地址：陕西省西安市彬县东大街15号1楼,电话：029-34928398,
西安怡康医药连锁有限责任公司渭南仓程路店,地址：陕西省渭南市临渭区仓程路中央街区1号商业街3-1-112号,电话：0913-2077687,
西安怡康医药连锁有限责任公司渭南金水路店,地址：陕西省渭南市临渭区金水路7号楼4号商铺,电话：0913-2086807,
西安怡康医药连锁有限责任公司中心广场店,地址：陕西省商洛市商州区中心广场53号,电话：0914-2324998,
西安怡康医药连锁有限责任公司临潼石油城店,地址：陕西省西安市临潼区行者路石油生活城内,电话：029-83439464,
西安怡康医药连锁有限责任公司延长县馀庆堂,地址：陕西省延安市延长县运输公司门面房,电话：0911-8612968,
西安怡康医药连锁有限责任公司渭南新盛路店,地址：陕西省渭南市高新区金牛旺座门面房北2号,电话：0913-2115727,
西安怡康医药连锁有限责任公司北新街二店,地址：陕西省商洛市商州区北新街商洛市技工学校附近,电话：0914-2382253,
西安怡康医药连锁有限责任公司临潼秦岭北麓店,地址：陕西省西安市临潼区秦岭北路尚东城2单元125号,电话：029-81370716,
西安怡康医药连锁有限责任公司延长百姓医药超市,地址：陕西省延安市延长县翠屏大厦一楼,电话：0911-8616678,
西安怡康医药连锁有限责任公司延安炎黄人店,地址：陕西省延安市东大街东盛农贸负一层,电话：0911-2669998,
西安怡康医药连锁有限责任公司商洛江南小区店,地址：陕西省商洛市江南小区西港区兰菊一号商铺,电话：0914-2324919,
西安怡康医药连锁有限责任公司临潼二分店,地址：陕西省西安市临潼区文化路193号,电话：029-83825392,
西安怡康医药连锁有限责任公司延安怡康店,地址：陕西省延安市中心街25号中际大厦负一层,电话：0911-2139863,
西安怡康医药连锁有限责任公司渭南站北路店,地址：陕西省渭南市站北路38号,电话：0913-2062767,
西安怡康医药连锁有限责任公司商洛怡康医药店,地址：陕西省商洛市商州区名人街华润万家一楼,电话：0914-2992899,
西安怡康医药连锁有限责任公司临潼怡康医药店,地址：陕西省西安市临潼区北环路41号,电话：029-83826400,
西安怡康医药连锁有限责任公司延安百米大道店,地址：陕西省延安百米大道联通大厦一层,电话：0911-8200778,
西安怡康医药连锁有限责任公司延安凤凰普天店,地址：陕西省延安市宝塔区二街道生产资料公司楼下,电话：0911-2316106,
西安怡康医药连锁有限责任公司渭南东风大街店,地址：陕西省渭南市临渭区鑫城旺座Ａ幢5号商铺,电话：0913-2074206,
西安怡康医药连锁有限责任公司名仕公馆店,地址：陕西省西安市临潼区名仕公馆一号楼一单元104号,电话：029-83437049,
西安怡康医药连锁有限责任公司临潼文化路二店,地址：陕西省西安市临潼区文化路下北新村153号,电话：029-83829961,
西安怡康医药连锁有限责任公司安康东大街店,地址：陕西省安康市汉滨区东大街5号,电话：0915-3258625,
西安怡康医药连锁有限责任公司延安嘉岭大厦店,地址：陕西省延安宝塔区嘉岭大厦负一层,电话：0911-8068267,
西安怡康医药连锁有限责任公司延安燕沟店,地址：陕西省延安市宝塔区燕沟经济适用房4号楼1层,电话：0911-2867787,
西安怡康医药连锁有限责任公司安康育才路店,地址：陕西省安康市汉滨区育才路76号,电话：0915-3206056,
西安怡康医药连锁有限责任公司延安枣园店,地址：陕西省延安市枣园路延百尚家超市一层,电话：0911-2967916,
西安怡康医药连锁有限责任公司安康教场北路店,地址：陕西省安康市教场北路10号,电话：0915-3251577,
西安怡康医药连锁有限责任公司安康巴山西路店,地址：陕西省安康市巴山西路286号,电话：0915-3256956,
西安怡康医药连锁有限责任公司安康汉阴新街店,地址：陕西省安康汉阴新街路59号,电话：0915-5219429,
西安怡康医药连锁有限责任公司汉中钟楼店,地址：陕西省汉中市汉台区民主街1号楼付西楼及0107号,电话：0916-2531344,
西安怡康医药连锁有限责任公司兴安东路店,地址：陕西省安康市兴安东路30号,电话：0915-3218306,
西安怡康医药连锁有限责任公司安康香溪路店,地址：陕西省安康市安康香溪路113号,电话：0915-3252051,
西安怡康医药连锁有限责任公司安康兴安小区店,地址：陕西省安康马玖巷55号,电话：0915-3209375,
西安怡康医药连锁有限责任公司汉中康复路店,地址：陕西省汉中市汉台区康复路口中心医院西500米,电话：0916-2680301,
西安怡康医药连锁有限责任公司汉中东环一路店,地址：陕西省汉中市汉台区东一环路朝阳路雷家巷口,电话：0916-2522423,
西安怡康医药连锁有限责任公司巴山东路店,地址：陕西省安康市巴山东路28号,电话：0915-3119120,
西安怡康医药连锁有限责任公司汉中怡康医药店,地址：陕西省汉中市天汉大道万邦时代广场负一层,电话：0916-2160158 ,
西安怡康医药连锁有限责任公司安康江北店,地址：陕西省安康市江北进站路2号,电话：0915-3316927,
西安怡康医药连锁有限责任公司汉中西环路店,地址：陕西省汉中市汉台区西环路中核大厦,电话：0916-2680832,
西安怡康医药连锁有限责任公司武功人民路二店,地址：陕西省西安市武功县普集镇长青路地税局家属楼一层,电话：029-37290818,
西安怡康医药连锁有限责任公司汉中航院新村店,地址：陕西省汉中市鑫源开发区航院新村小区东侧,电话：无,
西安怡康医药连锁有限责任公司东仁新城店,地址：陕西省宝鸡市金台区东仁新城8号楼,电话：0917-3565133,
西安怡康医药连锁有限责任公司安康巴山中路店,地址：陕西省安康市巴山中路143号,电话：0915-3228128,
西安怡康医药连锁有限责任公司汉中北一环二店,地址：陕西省汉中市汉台区北一环路金都苑小区鹏辉酒店对面向东50米 ,电话：0916-2243809,
西安怡康医药连锁有限责任公司杨凌二店,地址：陕西省西安市杨凌区康乐路农大雅苑门口,电话：029-87099326,
西安怡康医药连锁有限责任公司仁和春天花园小区店,地址：陕西省汉中市西新街中段仁和春天花园小区对面,电话：0916-8109892,
西安怡康医药连锁有限责任公司汉中北一环石马坡店,地址：陕西省汉中市石马坡立交桥下北关小学东侧,电话：0916-2611728,
西安怡康医药连锁有限责任公司宝鸡东二路店,地址：陕西省宝鸡市渭滨区清姜路29号,电话：0917-3871211,
西安怡康医药连锁有限责任公司安康金州店,地址：陕西省安康市西大街6号,电话：0915-3223498,
西安怡康医药连锁有限责任公司杨凌怡康医药店,地址：陕西省西安市杨凌示范区医院对面,电话：029-87013896,
西安怡康医药连锁有限责任公司汉中黄家塘店,地址：陕西省汉中市汉台区黄家塘小学对面,电话：0916-2118611,
西安怡康医药连锁有限责任公司汉中北一环店,地址：陕西省汉中市北一环供电大道旭辉家园,电话：0916-2255389,
西安怡康医药连锁有限责任公司宝鸡广元南路店,地址：陕西省宝鸡市广元南路龙禧花园小区门面房一层东2号,电话：0917-3313128,
西安怡康医药连锁有限责任公司汉中花台小区店,地址：陕西省汉中市汉台区西环路祥瑞四季印象营业房121号,电话：0916-2512058,
西安怡康医药连锁有限责任公司汉中莲湖路店,地址：陕西省汉中市莲湖路外贸综合楼,电话：0916-2115738 ,
西安怡康医药连锁有限责任公司宝鸡中山东路店,地址：陕西省宝鸡市中山东路123号,电话：0917-3525534,
西安怡康医药连锁有限责任公司宝鸡西宝路店,地址：陕西省宝鸡市高新四路21号,电话：0917-3134726,
西安怡康医药连锁有限责任公司宝鸡清姜路店,地址：陕西省宝鸡市渭滨区清姜路70号,电话：0917-3400381,
西安怡康医药连锁有限责任公司宝鸡姜谭路店,地址：陕西省宝鸡市渭滨区姜谭路52号,电话：0917-3134791,
西安怡康医药连锁有限责任公司宝鸡一店,地址：陕西省宝鸡市群众路20号,电话：0917-3516511,
西安怡康医药连锁有限责任公司宝鸡太平堡东路店,地址：陕西省宝鸡市金台区新福路10号院6栋1层2号,电话：0917-3125892,
西安怡康医药连锁有限责任公司宝鸡市店子街店,地址：陕西省宝鸡市金台区宝十路29号,电话：0917-3879856,
西安怡康医药连锁有限责任公司阎良人民西路店,地址：陕西省西安市阎良人民路腾飞商业步行街002,电话：029-86871092,
西安怡康医药连锁有限责任公司阎良蓝波湾店,地址：陕西省西安市阎良区公园南路蓝波湾小区5#-1-2号商铺,电话：029-86888843,
西安怡康医药连锁有限责任公司宝鸡经二路店,地址：陕西省宝鸡市经二路93号,电话：0917-3533155,
西安怡康医药连锁有限责任公司长安新华街店,地址：陕西省西安市长安区长安新都市一百富星座负一层,电话：029-85652950,
西安怡康医药连锁有限责任公司宝鸡太白路店,地址：陕西省宝鸡市太白路1号,电话：0917-3127261,
西安怡康医药连锁有限责任公司宝鸡东风店,地址：陕西省宝鸡市金台区东风路20号,电话：0917-3411533,
西安怡康医药连锁有限责任公司阎良怡康店,地址：陕西省西安市阎良区人民路中段栎阳大厦地下一层,电话：029-86875802,
西安怡康医药连锁有限责任公司阎良白云路店,地址：陕西省西安市西安市阎良区白云路27号,电话：029-86876581,
西安怡康医药连锁有限责任公司宝鸡广元路店,地址：陕西省宝鸡市渭滨区广园路14号,电话：0917-3231410,
西安怡康医药连锁有限责任公司阎良人民东路店,地址：陕西省西安市阎良区人民东路福源四季风景2-B-01商铺,电话：029-81678916,
西安怡康医药连锁有限责任公司长安西街店,地址：陕西省西安市长安区西长安街84号,电话：029-85292604,
西安怡康医药连锁有限责任公司宝鸡宝钛家园店,地址：陕西省宝鸡市高新大道181号东4号,电话：0917-3390389,
西安怡康医药连锁有限责任公司铁安一街店,地址：陕西省西安市友谊东路铁安一街小区内,电话：029-82316961,
西安怡康医药连锁有限责任公司宝鸡三店,地址：陕西省宝鸡市金台区上马营煤场路,电话：0917-3151393,
西安怡康医药连锁有限责任公司阎良东航花园店,地址：陕西省西安市阎良区前进东路东航花园一栋15、16号,电话：029-81675953,
西安怡康医药连锁有限责任公司含光路一店,地址：陕西省西安市雁塔区含光南路100号,电话：029-88395227,
西安怡康医药连锁有限责任公司宝鸡二店,地址：陕西省宝鸡市姜谭路4付13号,电话：0917-3877567,
西安怡康医药连锁有限责任公司怡悦朱雀大街店,地址：陕西省西安市雁塔区朱雀大街南段150号长江丰泽园Ａ座,电话：029-85409022,
西安怡康医药连锁有限责任公司太乙路二店,地址：陕西省西安市碑林区太乙路南段甲字9号,电话：029-86245131,
西安怡康医药连锁有限责任公司阎良十七区店,地址：陕西省西安市阎良区大良路A-14号,电话：029-86867679,
西安怡康医药连锁有限责任公司朱雀大街五店,地址：陕西省西安市雁塔区朱雀南路紫郡长安Ｆ2-10109,电话：029-85417969,
西安怡康医药连锁有限责任公司太乙路店,地址：陕西省西安市碑林区太乙路195号,电话：029-82255621,
西安怡康医药连锁有限责任公司东关正街一店,地址：陕西省西安市东关正街66号世贸大厦D座,电话：029-82402691,
西安怡康医药连锁有限责任公司丈八东路四店,地址：陕西省西安市雁塔区丈八东路2号,电话：029-85459473,
西安怡康医药连锁有限责任公司韦曲北街店,地址：陕西省西安市长安区韦曲镇西韦村西韦街19-1号,电话：029-85282458,
西安怡康医药连锁有限责任公司友谊东路一店,地址：陕西省西安市友谊东路8号,电话：029-82582782,
西安怡康医药连锁有限责任公司乐南路店,地址：陕西省西安市乐南路乐居厂正街181号1层北起5号,电话：029-62285719,
西安怡康医药连锁有限责任公司双鹤莲湖医药店,地址：陕西省西安市莲湖路10号,电话：029-87361697,
西安怡康医药连锁有限责任公司孙思邈长安北街店,地址：陕西省西安市长安区长安北街9-11号,电话：029-85648658,
西安怡康医药连锁有限责任公司西关璞太和老药铺,地址：陕西省西安市西关正街263号,电话：029-84593216,
西安怡康医药连锁有限责任公司杮园路店,地址：陕西省西安市杮园路35号,电话：029-82489776,
西安怡康医药连锁有限责任公司东关正街三店,地址：陕西省西安市碑林区东关正街78号2幢1单元10105室,电话：029-82488233,
西安怡康医药连锁有限责任公司长安南路三店,地址：陕西省西安市雁塔区长安南路82号华城国际11#综合楼W1-10121 -1号商铺,电话：029-88668491,
西安怡康医药连锁有限责任公司南长安街店,地址：陕西省西安市长安区大学东路残联小区1-101室,电话：029-81577726,
西安怡康医药连锁有限责任公司长安西路店,地址：陕西省西安市长丰园小区二区15号A栋一层商铺,电话：029-86364867,
西安怡康医药连锁有限责任公司长安韦曲西街店,地址：陕西省西安市长安区韦曲西街119号,电话：029-82030220,
西安怡康医药连锁有限责任公司朱雀路店,地址：陕西省西安市雁塔区长丰园小区10幢C单元一层商铺10C09号,电话：029-85234612,
西安怡康医药连锁有限责任公司双鹤东关店,地址：陕西省西安市东关南街蔡家巷93号,电话：029-82482195,
西安怡康医药连锁有限责任公司长安区广场西路店,地址：陕西省西安市长安区西广场西路1号长安新都市8号楼105室,电话：029-85637263,
西安怡康医药连锁有限责任公司东关南街店,地址：陕西省西安市东关南街29号卧龙机关小区1号楼,电话：029-83650402,
西安怡康医药连锁有限责任公司西安市可信药房,地址：陕西省西安市雁塔区雁塔西路158号双鱼花园广场的一层,电话：029-85413153,
西安怡康医药连锁有限责任公司西长安街店,地址：陕西省西安市长安区西长安街105号长安中央广场7号楼10106号,电话：029-84198264,
西安怡康医药连锁有限责任公司未央路三店,地址：陕西省西安市莲湖区未央路9号宏林名座1层,电话：029-86290784,
西安怡康医药连锁有限责任公司丁白路一店,地址：陕西省西安市雁塔区丁白路吉祥诚信社区1号门面房,电话：029-89381389,
西安怡康医药连锁有限责任公司锦业二路店,地址：陕西省西安市高新区锦业二路86号海棠别馆1栋二单元20102,电话：029-88829231,
西安怡康医药连锁有限责任公司樱花一路店,地址：陕西省西安市长安区樱花路挚信樱花园2楼,电话：029-89056899,
西安怡康医药连锁有限责任公司电子五路二店,地址：陕西省西安市雁塔区电子五路金泰假日花城三期27幢2单元1层20101号,电话：029-89527392,
西安怡康医药连锁有限责任公司朱雀大街四店,地址：陕西省西安市雁塔区朱雀大街52号明德花园大厦6幢1单元,电话：029-85452633,
西安怡康医药连锁有限责任公司丈八东路店,地址：陕西省西安市雁塔区丈八东路金泰假日花城,电话：029-81877196,
西安怡康医药连锁有限责任公司子午大道店,地址：陕西省西安市雁塔区子午大道裕昌太阳城第三幢4单元1层,电话：029-68943451,
西安怡康医药连锁有限责任公司崇业路一店,地址：陕西省西安市雁塔区崇业路10号商铺,电话：029-85572386,
西安怡康医药连锁有限责任公司长安南路二店,地址：陕西省西安市雁塔区长安南路82号华城国际小区6-10113,电话：029-85254309,
西安怡康医药连锁有限责任公司丁白路店,地址：陕西省西安市雁塔区丁白路92号,电话：029-88853210,
西安怡康医药连锁有限责任公司科技一路二店,地址：陕西省西安市雁塔区科技一路259号枫叶广场,电话：029-88861953,
西安怡康医药连锁有限责任公司雁展路店,地址：陕西省西安市雁塔区江佳园国际公寓旺园小区1号楼030102号,电话：029-85495312,
西安怡康医药连锁有限责任公司丈八东路三店,地址：陕西省西安市雁塔区丈八东路通信学院6号楼门面房,电话：029-88765301,
西安怡康医药连锁有限责任公司丈八东路二店,地址：陕西省西安市雁塔区丈八东路6A10107号,电话：029-88855764,
西安怡康医药连锁有限责任公司吴家坟店,地址：陕西省西安市雁塔区长安南路485号,电话：029-85490612,
西安怡康医药连锁有限责任公司西安怡康紫薇田园店,地址：陕西省西安市长安区紫薇田园都市H区-11棟-1-1-1101室,电话：029-85691842,
西安怡康医药连锁有限责任公司朱雀大街三店,地址：陕西省西安市雁塔区朱雀大街19号南方星座二期2号楼一层,电话：029-85328911,
西安怡康医药连锁有限责任公司电子五路店,地址：陕西省西安市高新区电子五路紫薇薪苑第5栋4单元一层40103号,电话：029-88833530,
西安怡康医药连锁有限责任公司长安北路店,地址：陕西省西安市长安北路40号,电话：029-85227769,
西安怡康医药连锁有限责任公司崇业路店,地址：陕西省西安市雁塔区崇业路3号副6号,电话：029-85216360,
西安怡康医药连锁有限责任公司明德门店,地址：陕西省西安市明德门鑫泰园小区17栋1楼,电话：029-85408919,
西安怡康医药连锁有限责任公司太白北路店,地址：陕西省西安市碑林区太白北路59号,电话：029-89326196,
西安怡康医药连锁有限责任公司电子城店,地址：陕西省西安市电子正街与电子二路什字北30米路东,电话：029-88260917,
西安怡康医药连锁有限责任公司山门口店,地址：陕西省西安市电子正街南段187号,电话：029-88369031,
西安怡康医药连锁有限责任公司汉城南路店,地址：陕西省西安市莲湖区汉城南路39号,电话：029-89346090,
西安怡康医药连锁有限责任公司太白北路三店,地址：陕西省西安市太白北路320号综合楼1层,电话：029-88484480,
西安怡康医药连锁有限责任公司昆明路一店,地址：陕西省西安市昆明路中段昆明花园楼下,电话：029-81322568,
西安怡康医药连锁有限责任公司太白北路二店,地址：陕西省西安市太白北路17号建苑家园1号楼10110号,电话：029-88414042,
西安怡康医药连锁有限责任公司丈八北路三店,地址：陕西省西安市雁塔区丈八北路709号8幢1单元10107室,电话：029-89540400,
西安怡康医药连锁有限责任公司昆明路店,地址：陕西省西安市雁塔区昆明路50号副1号,电话：029-84240492,
西安怡康医药连锁有限责任公司丈八北路四店,地址：陕西省西安市雁塔区丈八北路380号105号商铺,电话：029-62335698,
西安怡康医药连锁有限责任公司太白分店,地址：陕西省西安市光华路2号,电话：029-88216811,
西安怡康医药连锁有限责任公司科技六路店,地址：陕西省西安市科技六路天地源枫林意树小区东门,电话：029-88827328,
西安怡康医药连锁有限责任公司科技路一店,地址：陕西省西安市雁塔区科技路259号,电话：029-84672873,
西安怡康医药连锁有限责任公司怡悦电子城店,地址：陕西省西安市光华路84号,电话：029-88258585,
西安怡康医药连锁有限责任公司高新路店,地址：陕西省西安市高新路凯创大夏负一层,电话：029-89521574,
西安怡康医药连锁有限责任公司糜家桥店,地址：陕西省西安市雁塔区光华路268号二十所商务楼,电话：029-88788068,
西安怡康医药连锁有限责任公司高新五路店,地址：陕西省西安市雁塔区高新区高新五路二号,电话：029-88323077,
西安怡康医药连锁有限责任公司科技六路一店,地址：陕西省西安市枫林绿洲南门E区兰亭唐步行街10101号,电话：029-68908403,
西安怡康医药连锁有限责任公司太白南路三店,地址：陕西省西安市雁塔区太白南路东侧紫薇尚层西区五幢,电话：029-89182425,
西安怡康医药连锁有限责任公司太白南路二店,地址：陕西省西安市雁塔区太白南路118号沙井新村3号,电话：029-88857560,
西安怡康医药连锁有限责任公司太白南路店,地址：陕西省西安市太白南路269号,电话：029-81878712,
西安怡康医药连锁有限责任公司群贤路店,地址：陕西省西安市莲湖区南二环西段群贤路6号,电话：029-84506004,
西安怡康医药连锁有限责任公司高新二路店,地址：陕西省西安市高新二路26号,电话：029-88354636,
西安怡康医药连锁有限责任公司科技路四店,地址：陕西省西安市科技路209号,电话：029-88354231,
西安怡康医药连锁有限责任公司唐延路店,地址：陕西省西安市莲湖区唐延路北1号莱安逸境6幢1单元1层10104号,电话：029-88745299,
西安怡康医药连锁有限责任公司高新四路二店,地址：陕西省西安市高新四路创业广场一层,电话：029-88311582,
西安怡康医药连锁有限责任公司高新四路一店,地址：陕西省西安市高新四路新西蓝二期3号楼1单元1010号,电话：029-88698276,
西安怡康医药连锁有限责任公司南小巷店,地址：陕西省西安市西关正街南小巷29号羽源欣居小区Ｂ座一层,电话：029-88692428,
西安怡康医药连锁有限责任公司科技路二店,地址：陕西省西安市雁塔区科技路18号新科大厦首层10103号,电话：029-62628561,
西安怡康医药连锁有限责任公司融鑫路一店,地址：陕西省西安市雁塔区融鑫路丽湾蓝岛1幢1单元10107,电话：029-88604926,
西安怡康医药连锁有限责任公司丈八北路二店,地址：陕西省西安市雁塔区丈八北路6号院,电话：029-88730118,
西安怡康医药连锁有限责任公司吉祥路店,地址：陕西省西安市雁塔区吉祥路183号,电话：无,
西安怡康医药连锁有限责任公司新日大药房,地址：陕西省西安市西关正街英达大厦底商56号,电话：无,
西安怡康医药连锁有限责任公司含光北路二店,地址：陕西省西安市含光北路162号一层,电话：029-88421833,
西安怡康医药连锁有限责任公司竹笆市店,地址：陕西省西安市碑林区竹笆市61号,电话：029-87267148,
西安怡康医药连锁有限责任公司太平堡村店,地址：陕西省西安市曲江新区大雁塔南广场太平堡村新一排2号,电话：029-89316241,
西安怡康医药连锁有限责任公司甜水井店,地址：陕西省西安市莲湖区冰窖巷十区南北甜水井大街15号楼一层25号,电话：029-87617492,
西安怡康医药连锁有限责任公司五星街店,地址：陕西省西安市莲湖区五星街小区4号楼1幢00138号,电话：029-87615774,
西安怡康医药连锁有限责任公司长安中路店,地址：陕西省西安雁塔区长安中路89号阳明国际大厦一楼四号商铺,电话：029-85250374,
西安怡康医药连锁有限责任公司永宁路一店,地址：陕西省西安市碑林区草场坡荣城小区一层,电话：029-85366423,
西安怡康医药连锁有限责任公司翠华路三店,地址：陕西省西安市雁塔区翠华路长安大学C区10号楼,电话：029-85430347,
西安怡康医药连锁有限责任公司长安北路二店,地址：陕西省西安市碑林区长安北路34号3栋1单元10101室,电话：029-85414798,
西安怡康医药连锁有限责任公司双鹤南关医药店,地址：陕西省西安市碑林区长安北路四民巷中贸广场4-4,电话：029-89324518,
西安怡康医药连锁有限责任公司小寨东路店,地址：陕西省西安市雁塔区小寨东路126号百隆大厦126D,电话：029-85569286,
西安怡康医药连锁有限责任公司怡悦大雁塔店,地址：陕西省西安市大雁塔北小寨东路1号阅唐阁一层,电话：029-85583503,
西安怡康医药连锁有限责任公司四府街店,地址：陕西省西安市碑林区南四府街33号,电话：029-87614287,
西安怡康医药连锁有限责任公司纬一路店,地址：陕西省西安市雁塔区纬一路三兴园B区一号楼一层,电话：029-85562258,
西安怡康医药连锁有限责任公司小寨西路店,地址：陕西省西安市小寨西路61号,电话：029-85218771,
西安怡康医药连锁有限责任公司怡悦建国路连锁二店,地址：陕西省西安市碑林区建国路38号,电话：029-87410877,
西安怡康医药连锁有限责任公司雁塔西路店,地址：陕西省西安市纬二街89号,电话：029-85218807,
西安怡康医药连锁有限责任公司雁南三路店,地址：陕西省西安市雁塔区雁南三路116号悦城园2号楼一层,电话：029-89136377,
西安怡康医药连锁有限责任公司振兴路一店,地址：陕西省西安市碑林区雁塔寺街5号校门南4号,电话：029-88406024,
西安怡康医药连锁有限责任公司西大街一店,地址：陕西省西安市西大街160号,电话：029-87614147,
西安怡康医药连锁有限责任公司双鹤小寨医药店,地址：陕西省西安市长安中路94号,电话：029-85225861,
西安怡康医药连锁有限责任公司含光北路店,地址：陕西省西安市含光北路7号柠檬公寓1层,电话：029-88417959,
西安怡康医药连锁有限责任公司东三路店,地址：陕西省西安市新城区东三路新中巷小区7号楼10102号,电话：029-87448576,
西安怡康医药连锁有限责任公司环城南路店,地址：陕西省西安市碑林区环城南路西段20号海联大厦1层,电话：029-88426322,
西安怡康医药连锁有限责任公司炎黄人甜水井店,地址：陕西省西安市甜水井55号,电话：029-87638783,
西安怡康医药连锁有限责任公司东三路,地址：陕西省西安市新城区东三路新中巷小区7号楼10102号,电话：029-87448576,
西安怡康医药连锁有限责任公司双鹤西京医药店,地址：陕西省西安市东大街185号,电话：029-87234316,
西安怡康医药连锁有限责任公司雁塔路店,地址：陕西省西安市碑林区雁塔路中路98号,电话：029-85511056,
西安怡康医药连锁有限责任公司尚勤路三店,地址：陕西省西安市新城区尚勤路23号中山门小区西区1号楼\/4号楼,电话：029-87447313,
西安怡康医药连锁有限责任公司朱雀大街二店,地址：陕西省西安市碑林区朱雀大街76号,电话：029-88420937,
西安怡康医药连锁有限责任公司建西街店,地址：陕西省西安市建西街91号,电话：029-87863150,
西安怡康医药连锁有限责任公司尚勤路二店,地址：陕西省西安市尚勤路西苑花园10幢6单元60103室,电话：029-87405654,
西安怡康医药连锁有限责任公司群昱堂,地址：陕西省西安市雁塔路52号,电话：029-84618262,
西安怡康医药连锁有限责任公司双鹤东二医药店,地址：陕西省西安市东柳巷8号,电话：029-87260410,
西安怡康医药连锁有限责任公司长胜街店,地址：陕西省西安市碑林区长胜街56号,电话：029-62693161,
西安怡康医药连锁有限责任公司东木头市二店,地址：陕西省西安市东羊市东口和平路108号佳腾大厦一层,电话：029-87270129,
西安怡康医药连锁有限责任公司安西街店,地址：陕西省西安市安西街100号,电话：029-82219639,
西安怡康医药连锁有限责任公司东一路店,地址：陕西省西安市新城区东一路2号,电话：029-87418135,
西安怡康医药连锁有限责任公司怡悦六合店,地址：陕西省西安市新城区尚勤路245号,电话：029-87447052,
西安怡康医药连锁有限责任公司双鹤东一医药店,地址：陕西省西安市东大街456号,电话：029-87256041,
西安怡康医药连锁有限责任公司柏树林店,地址：陕西省西安市碑林区西号巷5号柏林美域1-1-106室,电话：029-87402068,
西安怡康医药连锁有限责任公司解放路店,地址：陕西省西安市解放路图书大厦负一层,电话：029-87449702,
西安怡康医药连锁有限责任公司南二环四店,地址：陕西省西安市南二环东段180号正幸大厦负一层,电话：029-82259155,
西安怡康医药连锁有限责任公司安西街二店,地址：陕西省西安市安西街甲子一号,电话：029-82230911,
西安怡康医药连锁有限责任公司环城东路店,地址：陕西省西安市环城路63号,电话：029-82499212,
西安怡康医药连锁有限责任公司孙思邈太乙路店,地址：陕西省西安市碑林区咸宁西路45号,电话：029-83418038,
西安怡康医药连锁有限责任公司东木头市店,地址：陕西省西安市碑林区东木头市180号,电话：029-87240736,
西安怡康医药连锁有限责任公司尚德路店,地址：陕西省西安市新城区尚德路66号,电话：029-87416501,
西安怡康医药连锁有限责任公司西影路四店,地址：陕西省西安市雁塔区西影路阳光小区20号楼1层,电话：029-83276917,
西安怡康医药连锁有限责任公司环城东路二店,地址：陕西省西安市环城东路供电局家属院北区,电话：029-82462647,
西安怡康医药连锁有限责任公司尙德路三店,地址：陕西省西安市尚德路124号,电话：029-87428429,
西安怡康医药连锁有限责任公司怡悦西影路二店,地址：陕西省西安市雁塔区西影路513号西安电影制片厂小区5号住宅综合楼一层A8号,电话：029-85512324,
西安怡康医药连锁有限责任公司西八路店,地址：陕西省西安市西八路四浩庄14号10101号,电话：029-87444088,
西安怡康医药连锁有限责任公司文艺北路店,地址：陕西省西安市碑林区文艺北路188号东升大厦一层10101,电话：029-87884985,
西安怡康医药连锁有限责任公司建设西路店,地址：陕西省西安市碑林区建设西路65号新旅城（西区）1号楼1层10201室西户,电话：无,
西安怡康医药连锁有限责任公司交大街店,地址：陕西省西安市碑林区交大街常春藤东区3号楼商铺,电话：029-82470559,
西安怡康医药连锁有限责任公司西延路店,地址：陕西省西安市雁塔区西延路中段西侧宝枫佳苑一层,电话：无,
西安怡康医药连锁有限责任公司孙思邈韩森路店,地址：陕西省西安市新城区韩森路182号,电话：029-83281107,
西安怡康医药连锁有限责任公司长乐西路店,地址：陕西省西安市长乐西路1号京祥大厦,电话：029-82557067,
西安怡康医药连锁有限责任公司怡悦东二环店,地址：陕西省西安市新城区金花南路19号,电话：029-83232395,
西安怡康医药连锁有限责任公司韩森路店,地址：陕西省西安市新城区韩森路延伸段新东尚小区12栋1单元1层,电话：029-83652900,
西安怡康医药连锁有限责任公司西影路五店,地址：陕西省西安市西影路23号纯翠花园1栋1层,电话：029-85202152,
西安怡康医药连锁有限责任公司美信店,地址：陕西省西安市公园南路北口,电话：029-83226911,
西安怡康医药连锁有限责任公司兴庆南路店,地址：陕西省西安市碑林区兴庆南路西安市交通大学科技一条街北2号楼北4号,电话：029-82666023,
西安怡康医药连锁有限责任公司新科路店,地址：陕西省西安市新城区新科路8号,电话：029-82635497,
西安怡康医药连锁有限责任公司西影路三店,地址：陕西省西安市西影路付2号,电话：029-85511216,
西安怡康医药连锁有限责任公司公园南路店,地址：陕西省西安市雁塔区建工路中段鑫龙天然居一期5-20102下铺,电话：029-83393769,
西安怡康医药连锁有限责任公司兴工东路店,地址：陕西省西安市新城区兴工东路1号南三层商铺,电话：无,
西安怡康医药连锁有限责任公司金花南路店,地址：陕西省西安市金华南路6号立丰购物广场10168,电话：029-82630246,
西安怡康医药连锁有限责任公司南二环三店,地址：陕西省西安市碑林区南二环东段295号曼城国际1栋1单元1层10113号,电话：029-85278391,
西安怡康医药连锁有限责任公司建工路一店,地址：陕西省西安市建工路62号德馨园1层,电话：029-82295922,
西安怡康医药连锁有限责任公司西影路店,地址：陕西省西安市雁塔区西影路东段49号,电话：029-85518952,
西安怡康医药连锁有限责任公司曲江大道店,地址：陕西省西安市曲江新区中海国际社区观园8号楼,电话：029-89124518,
西安怡康医药连锁有限责任公司怡悦西影路店,地址：陕西省西安市西影路49号,电话：029-88132715,
西安怡康医药连锁有限责任公司曲江大道一店,地址：陕西省西安市曲江大道189号中海观园B区2-10102号,电话：029-89126945,
西安怡康医药连锁有限责任公司南廓门店,地址：陕西省西安市咸宁西路19号,电话：029-82493673,
西安怡康医药连锁有限责任公司南二环二店,地址：陕西省西安市碑林区南二环西段27号,电话：029-82065502,
西安怡康医药连锁有限责任公司公园南路一店,地址：陕西省西安市新城区公园南路36号,电话：029-83644574,
西安怡康医药连锁有限责任公司长乐路店,地址：陕西省西安市长乐中路35号,电话：029-87931608,
西安怡康医药连锁有限责任公司建工路二店,地址：陕西省西安市建工路9号恒大嘉里公馆3号楼1层10116,电话：029-82682610,
西安怡康医药连锁有限责任公司金康路店,地址：陕西省西安市新城区金康路东尚小区1号楼,电话：029-83370890,
西安怡康医药连锁有限责任公司双鹤东街店,地址：陕西省西安市纺东街314号,电话：029-83616769,
西安怡康医药连锁有限责任公司长缨东路二店,地址：陕西省西安市长缨东路193号唐韵三坊13号楼一层,电话：029-82521863,
西安怡康医药连锁有限责任公司新寺路二店,地址：陕西省西安市灞桥区席王村风尚东都1层3号商铺,电话：029-89516126,
西安怡康医药连锁有限责任公司含元路店,地址：陕西省西安市新城区含元路八府庄园五号楼1-04号,电话：029-89373400,
西安怡康医药连锁有限责任公司怡悦纺七路,地址：陕西省西安市纺织城七路民主坊32楼,电话：029-83521131,
西安怡康医药连锁有限责任公司长缨东路店,地址：陕西省西安市长缨东路祥林铭邸1号楼102号商铺,电话：029-82546490,
西安怡康医药连锁有限责任公司金花北路一店,地址：陕西省西安市胡家庙新兴骏景园,电话：029-82525085,
西安怡康医药连锁有限责任公司樱花路店,地址：陕西省西安市胡家庙十字向南樱花路付1号金花公寓30108号,电话：029-82467710,
西安怡康医药连锁有限责任公司炮房街店,地址：陕西省西安市东关炮房街90号,电话：029-82473926,
西安怡康医药连锁有限责任公司田洪正街店,地址：陕西省西安市灞桥区田洪正街260号,电话：029-83310821,
西安怡康医药连锁有限责任公司酒十路二店,地址：陕西省西安市灞桥区酒十路2号凯森福景美地,电话：029-62332766,
西安怡康医药连锁有限责任公司柳巷村店,地址：陕西省西安市灞桥区柳亭路柳巷村81号,电话：029-83336515,
西安怡康医药连锁有限责任公司纺三路一店,地址：陕西省西安市灞桥区纺三路150号,电话：029-83538424,
西安怡康医药连锁有限责任公司酒十路三店,地址：陕西省西安市灞桥区酒十路88号华清园小区35#楼,电话：029-83252225,
西安怡康医药连锁有限责任公司狄寨村店,地址：陕西省西安市霸桥区狄寨街办狄寨村10组29号,电话：029-82600060,
西安怡康医药连锁有限责任公司永乐路二店,地址：陕西省西安市新城区永乐路15号,电话：029-82297028,
西安怡康医药连锁有限责任公司米秦路店,地址：陕西省西安市灞桥区米秦路27号东岭欣城第贰栋一单元,电话：029-89369719,
西安怡康医药连锁有限责任公司纺东街店,地址：陕西省西安市灞桥区纺东街225号,电话：029-83542026,
西安怡康医药连锁有限责任公司咸宁东路店,地址：陕西省西安市雁塔区咸宁东路田家湾15号,电话：029-83643451,
西安怡康医药连锁有限责任公司北火巷店,地址：陕西省西安市碑林区北火巷43号,电话：029-82485680,
西安怡康医药连锁有限责任公司兴庆路店,地址：陕西省西安市兴庆路70号民生新世界地上商业用房,电话：029-83291906,
西安怡康医药连锁有限责任公司怡悦纺二路店,地址：陕西省西安市灞桥区纺织正街499号,电话：029-83511008,
西安怡康医药连锁有限责任公司酒十路店,地址：陕西省西安市十里铺金裕青青家园29号楼10101号,电话：029-86796394,
西安怡康医药连锁有限责任公司怡悦红旗店,地址：陕西省西安市纺西路陕西省红旗水泥制品总厂16号楼56-57单元一层,电话：029-83519829,
西安怡康医药连锁有限责任公司新兴路店,地址：陕西省西安市未央区新兴路2号恒大名都楼盘5-10110房,电话：029-68527325,
西安怡康医药连锁有限责任公司景观路店,地址：陕西省西安市新城区春明路2号,电话：029-83298468,
西安怡康医药连锁有限责任公司电厂西路店,地址：陕西省西安市电厂西路闰家滩村3号,电话：029-83537732,
西安怡康医药连锁有限责任公司万年路二店,地址：陕西省西安市新城区万年路108号,电话：029-82558378,
西安怡康医药连锁有限责任公司纺三路店,地址：陕西省西安市灞桥区纺三路向民坊5号,电话：029-83549327,
西安怡康医药连锁有限责任公司幸福中路店,地址：陕西省西安市雁塔区幸福中路小区143号楼7单元117号,电话：029-83243951,
西安怡康医药连锁有限责任公司幸福北路店,地址：陕西省西安市幸福北路15号黄河紫铭小区1-1001,电话：029-82533451,
西安怡康医药连锁有限责任公司金花北路店,地址：陕西省西安市新城区金花北路23号多乐广场负一层,电话：029-82548286,
西安怡康医药连锁有限责任公司咸阳高科花园店,地址：陕西省咸阳市秦都区七零四什字高科花园一层商铺,电话：029-33338028,
西安怡康医药连锁有限责任公司劳动南路二店,地址：陕西省西安市莲湖区劳动南路旭景名园10栋6号商铺 ,电话：029-84389661,
西安怡康医药连锁有限责任公司团结中路二店,地址：陕西省西安市莲湖区团结中路64-11号一层商铺,电话：029-84245908,
西安怡康医药连锁有限责任公司大寨路店,地址：陕西省西安市雁塔区大寨路华府新桃园1号楼1层,电话：029-68942016,
西安怡康医药连锁有限责任公司劳动路一店,地址：陕西省西安市劳动路102号都市绿洲商铺,电话：029-88651797,
西安怡康医药连锁有限责任公司沣惠南路店,地址：陕西省西安市科技路18号,电话：029-87302970,
西安怡康医药连锁有限责任公司怡悦红光路店,地址：陕西省西安市莲湖区红光路58号,电话：029-84590061,
西安怡康医药连锁有限责任公司大兴东路店,地址：陕西省西安市莲湖区大兴东路43号百益雅苑1幢1单元10112号 ,电话：029-86337270,
西安怡康医药连锁有限责任公司咸阳人民东路店,地址：陕西省西安市北门口十字向东150米路北,电话：029-33220835,
西安怡康医药连锁有限责任公司桃园南路店,地址：陕西省西安市桃园南路店18号兰空小区楼下,电话：029-84241650,
西安怡康医药连锁有限责任公司邓六路店,地址：陕西省西安市莲湖区邓六路古都西苑西区物业综合楼一层商铺,电话：029-84358109,
西安怡康医药连锁有限责任公司怡悦丰禾路店,地址：陕西省西安市莲湖区丰禾路9号,电话：029-86362753,
西安怡康医药连锁有限责任公司西二环二店,地址：陕西省西安市西二环南段18号西城芳洲1号楼1单元,电话：029-84283080,
西安怡康医药连锁有限责任公司大兴西路店,地址：陕西省西安市莲湖区大兴西路30号大唐世家第6幢1单元10104号房1楼,电话：029-84113697,
西安怡康医药连锁有限责任公司怡悦庆安店,地址：陕西省西安市丰镐西路9号,电话：029-84278856,
西安怡康医药连锁有限责任公司阿房四路店,地址：陕西省西安市沣渭新区阿房四路造纸机械厂俱乐部,电话：029-89306316,
西安怡康医药连锁有限责任公司劳动路二店,地址：陕西省西安市莲湖区劳动路77号的第3幢一层商铺,电话：029-88610443,
西安怡康医药连锁有限责任公司怡悦邓家村店,地址：陕西省西安市莲湖区大兴西路83号,电话：029-84428690,
西安怡康医药连锁有限责任公司怡悦糜家桥店,地址：陕西省西安市碑林区劳动南路糜家桥老村51号,电话：029-84255723,
西安怡康医药连锁有限责任公司枣园西路店,地址：陕西省西安市莲湖区七彩阳光城小区门面房,电话：无,
西安怡康医药连锁有限责任公司劳动南路店,地址：陕西省西安市碑林区环城东路61号东屿枫舍花园小区一层,电话：029-84333516,
西安怡康医药连锁有限责任公司怡悦白家口店,地址：陕西省西安市白家口立交桥西北角临街房由南向北3号,电话：029-83106120,
西安怡康医药连锁有限责任公司枣园东路一店,地址：陕西省西安市城西客运站西侧商用楼一层,电话：029-84592516,
西安怡康医药连锁有限责任公司咸阳市秦皇路店,地址：陕西省咸阳市秦都区秦皇路22号一层商铺,电话：029-33156534,
西安怡康医药连锁有限责任公司丰登北路店,地址：陕西省西安市莲湖区丰登北路46号公寓一层门面,电话：029-84240965,
西安怡康医药连锁有限责任公司阿房四路一店,地址：陕西省西安市阿房四路111号 ,电话：029-82072562,
西安怡康医药连锁有限责任公司枣园东路店,地址：陕西省西安市枣园东路2号,电话：029-84615335,
西安怡康医药连锁有限责任公司团结中路店,地址：陕西省西安市莲湖区团结中路104号,电话：029-84589780,
西安怡康医药连锁有限责任公司怡康大庆路二店,地址：陕西省西安市汉城路什字向东10米,电话：029-82125507,
西安怡康医药连锁有限责任公司炎黄人大庆路店,地址：陕西省西安市劳动路北口街心花园内,电话：029-88616526,
西安怡康医药连锁有限责任公司丰登南路店,地址：陕西省西安市莲湖区丰登南路甲字27号,电话：029-84289707,
西安怡康医药连锁有限责任公司总部超市店,地址：陕西省西安市大庆路副24号,电话：029-82125532,
西安怡康医药连锁有限责任公司桃园西路一店,地址：陕西省西安市莲湖区桃园西路364-1号,电话：029-84265419,
西安怡康医药连锁有限责任公司龙首北路三店,地址：陕西省西安市莲湖区龙首北路西段24号虹桥雅轩1栋00103号,电话：029-86223971,
西安怡康医药连锁有限责任公司怡悦未央路店,地址：陕西省西安市未央路27号4号楼1单元,电话：029-89574686,
西安怡康医药连锁有限责任公司新园路店,地址：陕西省西安市莲湖区新园路绝缘厂家属院337楼3102号,电话：029-88615190,
西安怡康医药连锁有限责任公司丰禾路店,地址：陕西省西安市丰禾路1号,电话：029-86130067,
西安怡康医药连锁有限责任公司凤城六路二店,地址：陕西省西安市凤城六路北侧万花园,电话：无,
西安怡康医药连锁有限责任公司北二环四店,地址：陕西省西安市未央区北二环东段南侧御景豪庭2号楼10111.10112号商铺,电话：029-89577198,
西安怡康医药连锁有限责任公司太华北路二店,地址：陕西省西安市未央区太华北路558号百花家园商铺10113号,电话：029-89605017,
西安怡康医药连锁有限责任公司龙首北路二店,地址：陕西省西安市莲湖区龙首北路西段150号,电话：029-89377964,
西安怡康医药连锁有限责任公司凤城五路三店,地址：陕西省西安市未央区凤城五路27号海景时代二楼一层108号,电话：029-86476327,
西安怡康医药连锁有限责任公司凤城一路二店,地址：陕西省西安市未央区凤城一路皇家园林北门商铺由东向西第二间,电话：029-83666115,
西安怡康医药连锁有限责任公司凤城二路店,地址：陕西省西安市凤城二路6号秦丰大酒店,电话：029-62331061,
西安怡康医药连锁有限责任公司永诚路店,地址：陕西省西安市曲江新区永城路1号,电话：029-86579139,
西安怡康医药连锁有限责任公司未央路二店,地址：陕西省西安市莲湖区未央路12号世纪金园1楼,电话：029-86279873,
西安怡康医药连锁有限责任公司工农路店,地址：陕西省西安市莲湖区工农路14号,电话：029-86353225,
西安怡康医药连锁有限责任公司文景路店,地址：陕西省西安市凤城九路海泊兰轩4幢1单元1层10102室,电话：029-86552670,
西安怡康医药连锁有限责任公司北二环二店,地址：陕西省西安市未央区二环北路东段719号名流水晶宫门面房10114号,电话：029-89169515,
西安怡康医药连锁有限责任公司凤城五路店,地址：陕西省西安市经开区凤城五路兴盛园小区25号楼1单元1楼10101室,电话：029-86979571,
西安怡康医药连锁有限责任公司凤城北路店,地址：陕西省西安市未央区凤城北路北侧文景小区东二区12栋2单元1层20103号,电话：029-89159069,
西安怡康医药连锁有限责任公司未央路一店,地址：陕西省西安市未央区未央路109号海联大厦底层,电话：029-86331500,
西安怡康医药连锁有限责任公司凤城六路店,地址：陕西省西安市凤城六路北侧万花园上观苑1栋10103号,电话：029-83669925,
西安怡康医药连锁有限责任公司凤城九路二店,地址：陕西省西安市市政府小区2层,电话：029-86263246,
西安怡康医药连锁有限责任公司永新路二店,地址：陕西省西安市莲湖区永新路18号天赐苑商铺20101号,电话：029-81610154,
西安怡康医药连锁有限责任公司明光路店,地址：陕西省西安市未央区明光路白桦林居绿岛1号楼门面1-1号,电话：029-86196893,
西安怡康医药连锁有限责任公司永新路店,地址：陕西省西安市莲湖区永新路12号,电话：029-86481206 ,
西安怡康医药连锁有限责任公司凤城一路一店,地址：陕西省西安市未央区凤城一路东段209号,电话：029-89161975,
西安怡康医药连锁有限责任公司文体路店,地址：陕西省西安市未央区文体路红旗家属院18号,电话：029-86620717,
西安怡康医药连锁有限责任公司北二环店,地址：陕西省西安市未央区北二环东段南侧长安易居第24栋1单元1层10107号,电话：029-86133565,
西安怡康医药连锁有限责任公司未央店,地址：陕西省西安市未央区未央路68号时代明丰苑7幢10101室,电话：029-86251870,
西安怡康医药连锁有限责任公司凤城一路店,地址：陕西省西安市未央区凤城一路西铁小区158号,电话：029-83199582,
西安怡康医药连锁有限责任公司龙首北路一店,地址：陕西省西安市未央区龙首北路西段27-1号,电话：029-86242257,
西安怡康医药连锁有限责任公司凤城九路店,地址：陕西省西安市徐家湾谭家派出所对面,电话：029-86619481,
西安怡康医药连锁有限责任公司太华路店,地址：陕西省西安市太华路141号,电话：029-86306039,
西安怡康医药连锁有限责任公司迎宾大道分店,地址：陕西省西安市未央区迎宾大道雅荷中环大厦2号楼1层10105号,电话：029-86520844,
西安怡康医药连锁有限责任公司大庆路三店,地址：陕西省西安市莲湖区大庆路15号5幢1单元,电话：029-89143338,
西安怡康医药连锁有限责任公司自强西路二店,地址：陕西省西安市自强西路44号梅苑温泉小区2号,电话：029-81626561,
西安怡康医药连锁有限责任公司永松路店,地址：陕西省西安市永松路18号,电话：029-88380237,
西安怡康医药连锁有限责任公司大学南路店,地址：陕西省西安市大学南路边西街1号学林雅苑一栋楼10115号,电话：029-62273754,
西安怡康医药连锁有限责任公司自强西路店,地址：陕西省西安市自强西路24号建工大厦底商,电话：029-86225377,
西安怡康医药连锁有限责任公司永松路三店,地址：陕西省西安市永松路125号商贸学校一层Ｂ商铺,电话：029-88718502,
西安怡康医药连锁有限责任公司自强东路店,地址：陕西省西安市未央区自强东路11-12号,电话：029-13152195386,
西安怡康医药连锁有限责任公司永松路一店,地址：陕西省西安市雁塔区永松路120号,电话：029-88718570,
西安怡康医药连锁有限责任公司建章路二店,地址：陕西省西安市三桥车辆厂十字花园西街3号,电话：029-89302551,
西安怡康医药连锁有限责任公司永松路二店,地址：陕西省西安市雁塔区永松路西巷新界花园南街2号楼2-1001号,电话：029-82333671,
西安怡康医药连锁有限责任公司北关正街店,地址：陕西省西安市新城区北关正街13号华贸市政商厦,电话：029-89371967,
西安怡康医药连锁有限责任公司建章路一店,地址：陕西省西安市沣渭新区沣东新城建章路83号1楼83-1号,电话：029-89145982,
西安怡康医药连锁有限责任公司怡悦龙首北路店,地址：陕西省西安市莲湖路西北三路15号,电话：029-87398834,
西安怡康医药连锁有限责任公司北大街店,地址：陕西省西安市莲湖区北大街假日国际公寓1幢10101室由南向北第二间,电话：029-87373329,
西安怡康医药连锁有限责任公司药王洞二店,地址：陕西省西安市药王洞155号,电话：029-87335411,
西安怡康医药连锁有限责任公司沣镐东路一店,地址：陕西省西安市莲湖区沣镐东路130号10105商铺,电话：029-84293681,
西安怡康医药连锁有限责任公司光明巷店,地址：陕西省西安市莲湖区光明巷57号,电话：029-87315043,
西安怡康医药连锁有限责任公司环城西路店,地址：陕西省西安市西门外环城西路人民东村华兰佳园第5幢1单元1层1002号,电话：029-84588174,
西安怡康医药连锁有限责任公司习武园店,地址：陕西省西安市莲湖区习武园39号,电话：029-87333263,
西安怡康医药连锁有限责任公司沣镐路二店,地址：陕西省西安市莲湖区沣镐路2号,电话：029-88700215,
西安怡康医药连锁有限责任公司药王洞一店,地址：陕西省西安市莲湖区药王洞48号,电话：029-87314498,
西安怡康医药连锁有限责任公司丰庆路店,地址：陕西省西安市丰庆路5号,电话：029-84335060,
西安怡康医药连锁有限责任公司怡悦西关店,地址：陕西省西安市西关正街185号,电话：029-88615965,
西安怡康医药连锁有限责任公司西华门店,地址：陕西省西安市莲湖区西华门什字西南角,电话：029-87231620,
西安怡康医药连锁有限责任公司和平路一店,地址：陕西省西安市碑林区和平路105号,电话：029-87443953,
西安怡康医药连锁有限责任公司陕西众友店,地址：陕西省西安市和平路108号佳腾大厦一层A座10103号,电话：029-87522388,
西安怡康医药连锁有限责任公司陕西怡康零售部,地址：陕西省西安市北大街十字向西100米苏宁电器右邻,电话：029-87349950,
西安怡康医药连锁有限责任公司友谊西路店,地址：陕西省西安市碑林区友谊西路121号,电话：029-88498524,
西安怡康医药连锁有限责任公司炎黄人北关店,地址：陕西省西安市北关正街35号,电话：029-86232647,
西安市安康医药有限公司朱雀路店,地址：陕西省西安市碑林区朱雀大街,电话：029-88409982,
