富康医药海北门源县总店,地址：青海省海北藏族自治州浩门镇花园西路5号,电话：0971-6266658,
富康医药海北商业巷店,地址：青海省海北藏族自治州海晏县商业巷70号,电话：0971-4316588,
富康医药海北大庄村村级连锁店,地址：青海省海北藏族自治州门源回族自治县,电话：0971-4722929,
富康医药海北C152店,地址：青海省海北藏族自治州盘大公路四海饭店东,电话：0971-8261660,
富康医药海北福济堂大药房,地址：青海省海北藏族自治州海晏县同宝路,电话：0971-8261660,
富康医药海北C043店,地址：青海省海北藏族自治州仙米乡卫生院对面,电话：0971-6266658,
富康医药海北富佳乐大药房,地址：青海省海北藏族自治州刚察县西大街2号,电话：0971-4316588,
富康医药海北花园西路店,地址：青海省海北藏族自治州门源回族自治县花园西路5,电话：0971-6266658,
富康医药海北鸽子洞店,地址：青海省海北藏族自治州祁连县鸽子洞大桥附近,电话：0971-4316588,
富康医药海北泰宁堂大药房,地址：青海省海北藏族自治州门源回族自治县北大街46号,电话：0971-4722929,
富康医药海北瑞鑫大药房,地址：青海省海北藏族自治州八宝东路69,电话：0971-4316588,
富康医药海北托勒村村级连锁店,地址：青海省海北藏族自治州祁连县204省道益民藏医诊所附近,电话：0971-4316588,
富康医药海北爱民医药店,地址：青海省海北藏族自治州门源回族自治县北大街与西大街交叉口,电话：0971-4722929,
富康医药海北安盛堂大药房,地址：青海省海北藏族自治州智合格北巷5号,电话：0971-8261660,
富康医药海北青源大药房,地址：青海省海北藏族自治州北街23号,电话：0971-4722929,
富康医药海北宝康大药房,地址：青海省海北藏族自治州南大街8号,电话：0971-8261660,
富康医药海北默勒镇店,地址：青海省海北藏族自治州默勒镇人民政府西南近岗木线,电话：0971-4722929,
富康医药海北君善堂大药房,地址：青海省海北藏族自治州刚察县农村信用社对面,电话：0971-8261660,
富康医药海北康灵芝大药房,地址：青海省海北藏族自治州门源回族自治县西关街门源县第一中学斜对面,电话：0971-6266658,
富康医药海北润华大药房,地址：青海省海北藏族自治州门源县青石咀镇汽车站对面,电话：0971-8261660,
富康医药海北顺昌大药房,地址：青海省海北藏族自治州祁连县岗嘎路峨堡镇政府对面,电话：0971-6266658,
富康医药海北祁连药品平价超市店,地址：青海省海北藏族自治州广场西路吉祥花园小区门口,电话：0971-8261660,
富康医药海北和心堂大药房,地址：青海省海北藏族自治州环城北路与北山路交叉口处,电话：0971-6266658,
富康医药海北延春堂大药房,地址：青海省海北藏族自治州环城西路139号附近,电话：0971-4316588,
富康医药海北浩门大药房,地址：青海省海北藏族自治州南大街11附近,电话：0971-6266658,
富康医药海北宜春大药房,地址：青海省海北藏族自治州海晏县刚察路115号,电话：0971-4316588,
富康医药海北峨堡村村级店,地址：青海省海北藏族自治州祁连县公安局峨堡派出所附近,电话：0971-6266658,
富康医药海北老百姓大药房,地址：青海省海北藏族自治州刚察路78号,电话：0971-4316588,
富康医药海北长生源大药房,地址：青海省海北藏族自治州八宝镇八宝西路334号,电话：0971-4722929,
富康医药海北健君大药房,地址：青海省海北藏族自治州西街46号附近,电话：0971-4316588,
富康医药海北松鹤大药房,地址：青海省海北藏族自治州刚察县东大街125号,电话：0971-4722929,
富康医药海北盘大公路店,地址：青海省海北藏族自治州皇城蒙古乡盘大公路边,电话：0971-4316588,
富康医药海北宝延堂大药房,地址：青海省海北藏族自治州门源县岗青公路克图供销社对面,电话：0971-4722929,
富康医药海北泽众堂大药房,地址：青海省海北藏族自治州八宝西路374号,电话：0971-8261660,
富康医药海北福睿大药房,地址：青海省海北藏族自治州刚察县南大街12号,电话：0971-4722929,
富康医药海北峨堡广场大药房,地址：青海省海北藏族自治州祁连县峨堡广场对面,电话：0971-8261660,
富康医药海北C015店,地址：青海省海北藏族自治州刚察县吉尔孟乡汽车站对面,电话：0971-4722929,
富康医药海北富济堂大药房,地址：青海省海北藏族自治州同宝路119号,电话：0971-8261660,
富康医药海北回春堂药店,地址：青海省海北藏族自治州六一巷24号,电话：0971-4722929,
富康医药海北松龄大药房,地址：青海省海北藏族自治州门源县西街北街交叉口附近,电话：0971-8261660,
富康医药玉树曲麻莱县三友大药房,地址：青海省玉树藏族自治州觉悟路52号,电话：0971-6266658,
富康医药海北富安堂大药店,地址：青海省海北藏族自治州西大街76号,电话：0971-6266658,
富康医药海北康恒大药店,地址：青海省海北藏族自治州商业巷37号,电话：0971-8261660,
富康医药海北益民大药房,地址：青海省海北藏族自治州海晏县商业巷25号,电话：0971-6266658,
富康医药玉树广仁堂大药房,地址：青海省玉树藏族自治州玉树县红旗路,电话：0971-4316588,
富康医药海北永青大药房,地址：青海省海北藏族自治州刚察县哈尔盖乡政府西侧,电话：0971-6266658,
富康医药海北普瑞大药房,地址：青海省海北藏族自治州八宝西路268,电话：0971-4316588,
富康医药玉树广慈堂大药房,地址：青海省玉树藏族自治州玉树县琼龙路皇朝商务宾馆旁,电话：0971-4722929,
富康医药海北盛阳大药房,地址：青海省海北藏族自治州门源回族自治县东大街53号,电话：0971-4722929,
富康医药玉树富泰大药房,地址：青海省玉树藏族自治州香达东街72-92号,电话：0971-8261660,
富康医药玉树尼达第六药房,地址：青海省玉树藏族自治州扎西科路540号,电话：0971-6266658,
富康医药玉树治多县大药房,地址：青海省玉树藏族自治州治渠街18号,电话：0971-4316588,
富康医药果洛建设路店,地址：青海省果洛藏族自治州建设路17号,电话：0971-8261660,
富康医药玉树黄河源大药房,地址：青海省玉树藏族自治州觉悟路3号,电话：0971-4722929,
富康医药果洛牧康医药店,地址：青海省果洛藏族自治州宁果路74号,电话：0971-6266658,
富康医药玉树萨呼腾大药房,地址：青海省玉树藏族自治州日历寺路,电话：0971-8261660,
富康医药果洛F004店,地址：青海省果洛藏族自治州玛沁县久治路81号,电话：0971-4316588,
富康医药玉树五世堂药房,地址：青海省玉树藏族自治州治多县民政局对面,电话：0971-6266658,
富康医药果洛康复大药房,地址：青海省果洛藏族自治州玛沁县团结路278号,电话：0971-4316588,
富康医药果洛回春堂药店,地址：青海省果洛藏族自治州玛沁县班玛路,电话：0971-4722929,
富康医药玉树囊谦大药房,地址：青海省玉树藏族自治州香达东街11号,电话：0971-4316588,
富康医药果洛杏林药店,地址：青海省果洛藏族自治州玛沁县宁果路,电话：0971-8261660,
富康医药玉树琪欣大药房,地址：青海省玉树藏族自治州然子路267-4号,电话：0971-4722929,
富康医药果洛花石峡崇仁堂大药房,地址：青海省果洛藏族自治州平安路32号,电话：0971-6266658,
富康医药玉树群康大药房,地址：青海省玉树藏族自治州治渠街61号,电话：0971-8261660,
富康医药玉树中西大药房,地址：青海省玉树藏族自治州囊谦县香达西街1-71号,电话：0971-6266658,
富康医药果洛寿仁堂大药房,地址：青海省果洛藏族自治州宁果路110号,电话：0971-8261660,
富康医药玉树康益堂大药房,地址：青海省玉树藏族自治州然子路139-7号雪原宾馆,电话：0971-4316588,
富康医药玉树咋多线大药店,地址：青海省玉树藏族自治州杂多县然子路77号,电话：0971-4722929,
富康医药果洛福路巷大药房,地址：青海省果洛藏族自治州玛多县公安局交警大队对面,电话：0971-4722929,
富康医药果洛永乐大药房,地址：青海省果洛藏族自治州玛多县黄河东路223号,电话：0971-6266658,
富康医药黄南D001店,地址：青海省黄南藏族自治州同仁县夏琼北路10号,电话：0971-4722929,
富康医药黄南D018店,地址：青海省黄南藏族自治州泽库县喝日乡政府对面,电话：0971-6266658,
富康医药黄南D024店,地址：青海省黄南藏族自治州同仁县循同路,电话：0971-8261660,
富康医药果洛永平大药房,地址：青海省果洛藏族自治州玛多县黄河东路37号,电话：0971-4316588,
富康医药黄南D020店,地址：青海省黄南藏族自治州同仁县年都乎寺附近,电话：0971-4316588,
富康医药黄南宁木特大药房,地址：青海省黄南藏族自治州河南蒙古族自治县河南县宁木特乡中心卫生院东临,电话：0971-8261660,
富康医药黄南德瑞堂大药房,地址：青海省黄南藏族自治州河南蒙古族自治县东大街71号,电话：0971-4316588,
富康医药黄南同仁县大药房,地址：青海省黄南藏族自治州同仁县同夏公路,电话：0971-4722929,
富康医药黄南宝盛堂大药房,地址：青海省黄南藏族自治州尖扎县韩德林内科诊所附近,电话：0971-6266658,
富康医药黄南仟禧堂大药房,地址：青海省黄南藏族自治州德合隆北路45号南,电话：0971-4722929,
富康医药黄南正元堂大药房,地址：青海省黄南藏族自治州迎宾路86号,电话：0971-8261660,
富康医药黄南公司泰康大药房,地址：青海省黄南藏族自治州康乐北路体育健身训练中心附近,电话：0971-4316588,
富康医药黄南贺康大药房,地址：青海省黄南藏族自治州中山路387号,电话：0971-6266658,
富康医药黄南延仁堂大药房,地址：青海省黄南藏族自治州同仁县隆务街132号,电话：0971-4722929,
富康医药黄南鑫寿堂平价药房,地址：青海省黄南藏族自治州同仁县夏琼南路36号,电话：0971-6266658,
富康医药黄南康乐平价药店,地址：青海省黄南藏族自治州同仁县德合隆中路5号,电话：0971-8261660,
富康医药黄南幸福大药房,地址：青海省黄南藏族自治州民主路129号,电话：0971-4316588,
富康医药黄南正平大药房,地址：青海省黄南藏族自治州隆务镇隆务街266号,电话：0971-4722929,
富康医药黄南利群大药房,地址：青海省黄南藏族自治州黄河路82号,电话：0971-6266658,
富康医药海南湖东连锁店,地址：青海省海南藏族自治州共和县环湖东路湖东种羊场对面,电话：0971-4316588,
富康医药黄南旺健大药房,地址：青海省黄南藏族自治州尖扎县丹霞路,电话：0971-4316588,
富康医药海南赛堂村连锁店,地址：青海省海南藏族自治州西久公路河北乡政府北,电话：0971-4722929,
富康医药黄南爱心大药房,地址：青海省黄南藏族自治州夏琼北路112,电话：0971-4722929,
富康医药海南平价超市兴海店,地址：青海省海南藏族自治州兴海县东大街6号,电话：0971-8261660,
富康医药黄南兆丰大药房,地址：青海省黄南藏族自治州同仁县麦秀路34号,电话：0971-8261660,
富康医药海南贵德县迎宾药房,地址：青海省海南藏族自治州贵德县迎宾西路262-388号,电话：0971-8261660,
富康医药海南E040店,地址：青海省海南藏族自治州建设路与黄河路交叉口附近,电话：0971-4722929,
富康医药海南青富E047号,地址：青海省海南藏族自治州共和县农村合作信用社旁,电话：0971-6266658,
富康医药海南E012店,地址：青海省海南藏族自治州兴海县四季常青蔬菜园旁,电话：0971-8261660,
富康医药海南都台村连锁店,地址：青海省海南藏族自治州兴海县河卡种羊场子弟学校附近,电话：0971-4316588,
富康医药海南D040店,地址：青海省海南藏族自治州同德县北环路73号,电话：0971-6266658,
富康医药海南店第511号贵德分店,地址：青海省海南藏族自治州贵德县迎宾西路贵德公安局东,电话：0971-4722929,
富康医药海南E073店,地址：青海省海南藏族自治州共和县龙羊峡镇一株柏农家园旁（次汗土亥村委会附近）,电话：0971-4316588,
富康医药海南下村店,地址：青海省海南藏族自治州兴海县唐乃亥乡下村,电话：0971-8261660,
富康医药海南E063店,地址：青海省海南藏族自治州共和县环湖东路,电话：0971-4722929,
富康医药海南青富F051号,地址：青海省海南藏族自治州兴海县曲什安中心卫生院南行,电话：0971-6266658,
富康医药海南桑当路药房,地址：青海省海南藏族自治州兴海县桑当路,电话：0971-8261660,
富康医药海南文春大药房,地址：青海省海南藏族自治州绿洲北路94,电话：0971-6266658,
富康医药海南E84济世大药房,地址：青海省海南藏族自治州贵德县农牧路5号,电话：0971-4316588,
富康医药海南群鑫大药房,地址：青海省海南藏族自治州解放路97号,电话：0971-4722929,
富康医药海南E483康欣大药房,地址：青海省海南藏族自治州兴海县东大街12号,电话：0971-8261660,
富康医药海南德丰大药房,地址：青海省海南藏族自治州同德县北环路,电话：0971-8261660,
富康医药海南河卡源溢堂大药房,地址：青海省海南藏族自治州214国道河卡工区房附近,电话：0971-6266658,
富康医药海南益君大药房,地址：青海省海南藏族自治州贵南县解放路17号,电话：0971-4316588,
富康医药海南世康大药房,地址：青海省海南藏族自治州贵德县常牧镇周屯村民委员会南,电话：0971-6266658,
富康医药海南E187益惠大药房,地址：青海省海南藏族自治州共和县绿洲南路129-143号,电话：0971-4316588,
富康医药海南新街大药房,地址：青海省海南藏族自治州贵德县慈心医院南临,电话：0971-4722929,
富康医药海东东福大药房,地址：青海省海东市乐都县古城大街106-1号,电话：0971-8261660,
富康医药海南海昌大药房,地址：青海省海南藏族自治州迎宾西路144号,电话：0971-4316588,
富康医药海南E289利民大药房,地址：青海省海南藏族自治州兴海县北大街152号,电话：0971-4722929,
富康医药海南爱河大药房,地址：青海省海南藏族自治州兴海县中国石化加油站旁,电话：0971-8261660,
富康医药海东海明大药房,地址：青海省海东市乐都县岗沟镇马家台村卫生室西,电话：0971-6266658,
富康医药海东小峡口店,地址：青海省海东市平安县小峡镇,电话：0971-4316588,
富康医药海南康顺大药房,地址：青海省海南藏族自治州河卡乡河卡贸易市场南,电话：0971-4722929,
富康医药海南E438卓玛大药房,地址：青海省海南藏族自治州长风路124号,电话：0971-8261660,
富康医药海南海信大药房,地址：青海省海南藏族自治州贵德县昨那村101省道旁,电话：0971-6266658,
富康医药海东延福大药房,地址：青海省海东市姚家庄姚马村卫生室附近,电话：0971-4316588,
富康医药海东沙卡村店,地址：青海省海东市平安县古城幼儿园附近,电话：0971-4722929,
富康医药海南E512文春大药房,地址：青海省海南藏族自治州共和县东台街7号,电话：0971-8261660,
富康医药海南九和堂大药房,地址：青海省海南藏族自治州同德县东大街,电话：0971-6266658,
富康医药海南延康大药房,地址：青海省海南藏族自治州贵南县友谊路1-43号,电话：0971-4316588,
富康医药海东福庆大药房,地址：青海省海东地区民和回族土族自治县柴沟中心学校东北,电话：0971-4722929,
富康医药海东B192店,地址：青海省海东市平安县石家营村109国道附近,电话：0971-8261660,
富康医药海南和丰大药房,地址：青海省海南藏族自治州建设路和农牧路的交叉口附近,电话：0971-6266658,
富康医药海南三江春大药房,地址：青海省海南藏族自治州贵南县民主路29-2号,电话：0971-4316588,
富康医药海南康健大药房,地址：青海省海南藏族自治州湖南路宗日路交叉口,电话：0971-4722929,
富康医药海东巴州大药房,地址：青海省海东地区民和回族土族自治县巴州工商所南,电话：0971-8261660,
富康医药海东B015店,地址：青海省海东地区平安县石家营村,电话：0971-6266658,
富康医药海南E228康宁大药房,地址：青海省海南藏族自治州东大街和公安巷交汇处,电话：0971-4316588,
富康医药海南欣盛大药房,地址：青海省海南藏族自治州西大街和南大街交汇处,电话：0971-4722929,
富康医药海东康阳村级连锁店,地址：青海省海东地区民和回族土族自治县民和县峡门镇社区卫生服务站对面,电话：0971-8261660,
富康医药海东平价超市东街店,地址：青海省海东市互助县东大街互助县国税局旁,电话：0971-6266658,
富康医药海东B251店,地址：青海省海东市平安县宏晟建筑有限责任公司附近,电话：0971-4316588,
富康医药海南E485荣欣大药房,地址：青海省海南藏族自治州文化路1号附近,电话：0971-4722929,
富康医药海南博康大药房,地址：青海省海南藏族自治州同德县西大街13-237号,电话：0971-8261660,
富康医药海东青富NOB446店,地址：青海省海东地区民和回族土族自治县川亭公路万寿寺附近,电话：0971-6266658,
富康医药海东西营村药店,地址：青海省海东市西营村平安县妇幼保健院东北,电话：0971-4316588,
富康医药海东B374店,地址：青海省海东地区循化撒拉族自治县积石黄河大桥,电话：0971-4722929,
富康医药海南健安大药房,地址：青海省海南藏族自治州贵德县迎宾西路河西镇卫生院对面,电话：0971-6266658,
富康医药海东万寿寺药房,地址：青海省海东市官中村38号官亭工商所附近,电话：0971-4316588,
富康医药海东平价药房化隆店,地址：青海省海东市建设路和南大街交汇处北行200M,电话：0971-4722929,
富康医药海东B148店,地址：青海省海东地区平安县新庄尔村,电话：0971-8261660,
富康医药海东民幸大药店,地址：青海省海东市文都藏族乡人民代表大会西南,电话：0971-4722929,
富康医药海东东垣北街店,地址：青海省海东市东垣北街8号,电话：0971-8261660,
富康医药海东B123店,地址：青海省海东市平安县小峡镇政府旁,电话：0971-6266658,
富康医药海东雄先分店,地址：青海省海东市扎哈公路化隆回族自治县雄先供销合作社附近,电话：0971-6266658,
富康医药海东B161店,地址：青海省海东市乐都县双二村,电话：0971-4316588,
富康医药海东B385店,地址：青海省海东地区互助土族自治县新陈线,电话：0971-4722929,
富康医药海东B038店,地址：青海省海东市互助县红崖子沟乡政府附近,电话：0971-8261660,
富康医药海东B400店,地址：青海省海东地区平安县老荣村,电话：0971-6266658,
富康医药海东B018店,地址：青海省海东市青海省平安县幸福东路,电话：0971-4316588,
富康医药海东B342店,地址：青海省海东地区互助土族自治县桑士哥村,电话：0971-4316588,
富康医药海东B424店,地址：青海省海东市小寨村小寨小学附近,电话：0971-4722929,
富康医药海东B182店,地址：青海省海东市满坪村满坪镇中心学校附近,电话：0971-4316588,
富康医药海东B144店,地址：青海省海东地区互助土族自治县东沟乡大庄村村民委员会附近,电话：0971-4722929,
富康医药海东B390店,地址：青海省海东地区平安县林家庄,电话：0971-8261660,
富康医药海东B412店,地址：青海省海东地区互助土族自治县威南线,电话：0971-4722929,
富康医药海东B441店,地址：青海省海东平安县一零九国道下红庄村附近,电话：0971-8261660,
富康医药海东B089店,地址：青海省海东地区互助土族自治县安定村卫生室附近,电话：0971-8261660,
富康医药海东B124店,地址：青海省海东地区乐都县鲁大复线,电话：0971-6266658,
富康医药海东B024店,地址：青海省海东市下寨村附近,电话：0971-8261660,
富康医药海东B128店,地址：青海省海东地区平安县互助土族自治县G6京藏高速,电话：0971-6266658,
富康医药海东化隆昂思多大药房,地址：青海省海东地区化隆回族自治县医院路,电话：0971-4316588,
富康医药海东B037店,地址：青海省海东地区互助土族自治县麻吉村威北公路,电话：0971-6266658,
富康医药海东B165店,地址：青海省海东市乐都县亲仁乡政府附近,电话：0971-4316588,
富康医药海东B436店,地址：青海省海东地区互助土族自治县蔡家村,电话：0971-6266658,
富康医药海东B153店,地址：青海省海东地区平安县109国道,电话：0971-4316588,
富康医药海东鸿福大药房,地址：青海省海东市湟中路1号附近,电话：0971-4722929,
富康医药海东B057店,地址：青海省海东市杨家岗村引胜路附近,电话：0971-4316588,
富康医药海东B004店,地址：青海省海东市乐都县东北路附近,电话：0971-4722929,
富康医药海东B051店,地址：青海省海东市乐都县上李家村引胜路附近,电话：0971-4316588,
富康医药海东B451店,地址：青海省海东地区鲁大复线,电话：0971-4722929,
富康医药海东顺德大药房,地址：青海省海东市新安东路,电话：0971-8261660,
富康医药海东B268店,地址：青海省海东市互助县农村合作医疗卫生所旁,电话：0971-4722929,
富康医药海东B450店,地址：青海省海东市乐都县李家台村附近,电话：0971-8261660,
富康医药海东B025店,地址：青海省海东地区互助土族自治县威北公路,电话：0971-4722929,
富康医药海东B420店,地址：青海省海东市平安县民小公路,电话：0971-8261660,
富康医药海东康泰大药房,地址：青海省海东市东和路8-7号,电话：0971-6266658,
富康医药海东B291店,地址：青海省海东地区平安县三十里堡村,电话：0971-8261660,
富康医药海东B196店,地址：青海省海东市乐都县熊沈家村,电话：0971-4722929,
富康医药海东B369店,地址：青海省海东市循化撒拉族自治县循同路附近,电话：0971-8261660,
富康医药海东B387店,地址：青海省海东市红崖子沟乡上沙沟小学附近,电话：0971-6266658,
富康医药海东长寿堂大药房,地址：青海省海东地区循化撒拉族自治县积石大街与上草路交叉口,电话：0971-4316588,
富康医药海东B074店,地址：青海省海东市乐化路农村信用合作社对面,电话：0971-6266658,
富康医药海东B186店,地址：青海省海东市乐都县引胜路附近,电话：0971-8261660,
富康医药海东B448店,地址：青海省海东市化隆回族自治县尖扎县203省道群科新区区卫生站附近,电话：0971-6266658,
富康医药海东B306店,地址：青海省海东地区互助土族自治县威北公路巴扎乡,电话：0971-4316588,
富康医药海东健心源大药房,地址：青海省海东市南大街2号斜对面,电话：0971-4722929,
富康医药海东B466店,地址：青海省海东地区乐都县G6京藏高速沿边,电话：0971-6266658,
富康医药海东B154店,地址：青海省海东地区平安县李家庄,电话：0971-4316588,
富康医药海东B276店,地址：青海省海东市门源回族自治县岗木线,电话：0971-4722929,
富康医药海东向春大药房,地址：青海省海东地区化隆回族自治县交通局旁（西大街）,电话：0971-8261660,
富康医药海东B277店,地址：青海省海东互助土族自治县民小公路,电话：0971-4722929,
富康医药海东宏济堂大药房,地址：青海省海东地区乐都县西关街华夏国际旅行社旁,电话：0971-8261660,
富康医药海东鸿凯大药房,地址：青海省海东地区平安县平安大道平安家园门口,电话：0971-6266658,
富康医药海东庆苑药店,地址：青海省海东地区平安县109国道平安长庆苑小区对面(永芳商店西),电话：0971-6266658,
富康医药海东博文大药房,地址：青海省海东市南门街6-2,电话：0971-4316588,
富康医药海东馨康大药房,地址：青海省海东地区互助土族自治县新安西路互助汽车站旁,电话：0971-4722929,
富康医药海东大千大药房,地址：青海省海东市平安大道226-17号,电话：0971-8261660,
富康医药海东众福堂大药房,地址：青海省海东市平安县,电话：0971-4316588,
富康医药海东盛源大药房,地址：青海省海东地区乐都县许妍芳诊所对面,电话：0971-6266658,
富康医药海东众明堂大药房,地址：青海省海东市平安县东庄村109国道附近,电话：0971-4722929,
富康医药海东民康大药房,地址：青海省海东地区乐都县李家乡政府东150米,电话：0971-4316588,
富康医药海东利尔康大药房,地址：青海省海东市循化撒拉族自治县青海省海东地区循化撒拉族自治县邮政银行附近,电话：0971-8261660,
富康医药海东信林大药房,地址：青海省海东市乐都县青海省海东地区乐都县古城大街21-35号,电话：0971-4316588,
富康医药海东众寿堂大药房,地址：青海省海东市洪水镇河西村乐都县人民法院洪水人民法庭附近,电话：0971-8261660,
富康医药海东双树大药房,地址：青海省海东地区互助土族自治县,电话：0971-4722929,
富康医药海东延生堂大药房,地址：青海省海东市古驿大道208号附近,电话：0971-6266658,
富康医药海东康乐大药房,地址：青海省海东市乐都县桥北路3-31号,电话：0971-4722929,
富康医药海东永济堂大药房,地址：青海省海东地区平安县地质基地对面,电话：0971-8261660,
富康医药海东民盛堂大药房,地址：青海省海东市胡同路8号附近,电话：0971-6266658,
富康医药海东寿乐大药房,地址：青海省海东地区乐都县寿乐镇政府对面,电话：0971-8261660,
富康医药海东泰福堂大药房,地址：青海省海东市平安大道216号附近,电话：0971-4316588,
富康医药海东方明大药房,地址：青海省海东市台子路3号,电话：0971-8261660,
富康医药海东万盛堂大药房,地址：青海省海东地区平安县平安大道186号,电话：0971-4316588,
富康医药海东益仁堂大药房,地址：青海省海东地区平安县古驿大道,电话：0971-4722929,
富康医药海东利民大药房,地址：青海省海东地区乐都县郭林鹏牙科诊所旁,电话：0971-6266658,
富康医药海东鹤年堂大药房,地址：青海省海东市民和回族土族自治县新乐大街11附9号,电话：0971-4722929,
富康医药海东寿康大药房,地址：青海省海东市积石大街25号,电话：0971-6266658,
富康医药海东益众大药房,地址：青海省海东地区民和回族土族自治县总堡乡三垣村医疗室旁,电话：0971-4316588,
富康医药海东敬安堂大药房,地址：青海省海东市平安县湟源路41号,电话：0971-4722929,
富康医药海东恒心堂大药房,地址：青海省海东市积石大街104-7,电话：0971-8261660,
富康医药海东康辉大药房,地址：青海省海东市积石大街133-1号,电话：0971-8261660,
富康医药海东福鑫大药房,地址：青海省海东市化隆回族自治县青海省海东地区化隆回族自治县西大街27-45号,电话：0971-4316588,
富康医药海东鸿祥大药房,地址：青海省海东地区平安县平安大道226号,电话：0971-6266658,
富康医药海东芬芳大药房,地址：青海省海东市北大街与北街东巷交汇处南行20米,电话：0971-4722929,
富康医药海东众星堂大药房,地址：青海省海东市古城大街33号,电话：0971-8261660,
富康医药海东巴燕大药房,地址：青海省海东市西大街475号,电话：0971-6266658,
富康医药海东宝瑞堂大药房,地址：青海省海东市东和路4-14号,电话：0971-6266658,
富康医药海东众安堂大药房,地址：青海省海东市平安县新庄尔村202省道附近,电话：0971-8261660,
富康医药海东三合大药房,地址：青海省海东市三合镇政府附近,电话：0971-4316588,
富康医药海东汇丰大药房,地址：青海省海东地区化隆回族自治县203省道扎巴供销合作社旁,电话：0971-4722929,
富康医药海东仁爱大药房,地址：青海省海东市马营村21马营工商所附近,电话：0971-4316588,
富康医药海东民爱堂大药房,地址：青海省海东市民和回族自治县109国道附近,电话：0971-6266658,
富康医药海东全盛堂大药房,地址：青海省海东市青海省海东地区互助土族自治县东环路17号,电话：0971-4316588,
富康医药海东平安大药房,地址：青海省海东地区平安县古驿大道190号青海平安商城1层,电话：0971-4722929,
富康医药海东君康大药房,地址：青海省海东市乐都县西关街39号,电话：0971-8261660,
富康医药海东惠源大药房,地址：青海省海东地区互助土族自治县南大街12-18号,电话：0971-4722929,
富康医药海东惠仁堂大药房,地址：青海省海东市东大街2号东侧50米,电话：0971-4722929,
富康医药海东五峰大药房,地址：青海省海东市五峰客运站附近,电话：0971-8261660,
富康医药海东仁益大药房,地址：青海省海东市满坪镇满坪供销社附近,电话：0971-6266658,
富康医药海东寿鑫大药房,地址：青海省海东地区互助土族自治县互北路6号,电话：0971-8261660,
富康医药海东琼晖大药房,地址：青海省海东市中学路9号,电话：0971-6266658,
富康医药海东拉多寺大药房,地址：青海省海东地区循化撒拉族自治县循同路,电话：0971-4316588,
富康医药海东恒盛大药房,地址：青海省海东市化隆回族自治县203省道附近,电话：0971-6266658,
富康医药海东安然堂大药房,地址：青海省海东市湟源路82号附近,电话：0971-4722929,
富康医药海东道帏大药房,地址：青海省海东地区循化撒拉族自治县古雷村202省道沿边,电话：0971-4316588,
富康医药海东慈宁大药房,地址：青海省海东市互助土族自治县东庄村,电话：0971-4722929,
富康医药海东鸿大药房,地址：青海省海东市平安县湟源路84号附近,电话：0971-8261660,
富康医药海东安阳大药房,地址：青海省海东地区乐都县饮水路2号,电话：0971-6266658,
富康医药海西益康大药房,地址：青海省海西蒙古族藏族自治州德令哈市柴达木西路5号,电话：0971-4316588,
富康医药海东润生大药房,地址：青海省海东市川亭公路官亭镇,电话：0971-4316588,
富康医药海西延春大药房,地址：青海省海西蒙古族藏族自治州德令哈市乌兰西路与步行南街交叉口,电话：0971-4722929,
富康医药海东永丰大药房,地址：青海省海东互助土族自治县陶家寨村宁互公路沿边,电话：0971-4722929,
富康医药海西雪峰巷大药房,地址：青海省海西蒙古族藏族自治州格尔木市雪峰巷,电话：0971-8261660,
富康医药海东东和大药房,地址：青海省海东地区互助土族自治县威北公路七塔尔村（东和中心幼儿园旁）,电话：0971-8261660,
富康医药海西兴西大药房,地址：青海省海西蒙古族藏族自治州格尔木市金北三巷,电话：0971-6266658,
富康医药海东世民药店,地址：青海省海东市互助土族自治县民小公路沿边,电话：0971-6266658,
富康医药海西神龟大药房,地址：青海省海西蒙古族藏族自治州香日德镇政府旁,电话：0971-4316588,
富康医药海东富宝大药房,地址：青海省海东市平安大道191号,电话：0971-4316588,
富康医药海西香德大药房,地址：青海省海西蒙古族藏族自治州109国道香日德镇政府附近,电话：0971-4722929,
富康医药海东福源大药房,地址：青海省海东市平安县古驿大道215-245号,电话：0971-4722929,
富康医药海东固元大药房,地址：青海省海东市乐都县碾伯镇古城大街,电话：0971-8261660,
富康医药海西钰鑫大药房,地址：青海省海西蒙古族藏族自治州格尔木市育才巷6号,电话：0971-6266658,
富康医药海西香巴大药房,地址： 青海省海西蒙古族藏族自治州都兰县,电话：0971-8261660,
富康医药海西万寿堂大药房,地址：青海省海西蒙古族藏族自治州天峻县新源西路,电话：0971-6266658,
富康医药海西同众康大药房,地址：青海省海西蒙古族藏族自治州格尔木市黄河东路42号,电话：0971-4316588,
富康医药海西寿元堂大药房,地址：青海省海西蒙古族藏族自治州德令哈市昆仑中路20附2号,电话：0971-6266658,
富康医药海西寿龄大药房,地址：青海省海西蒙古族藏族自治州花土沟镇昆仑路74号,电话：0971-4316588,
富康医药海西寿春堂大药房,地址：青海省海西蒙古族藏族自治州都兰县商业街2号,电话：0971-4722929,
富康医药海西寿百年大药房,地址：青海省海西蒙古族藏族自治州昆仑路64附近,电话：0971-8261660,
富康医药海西盛世堂大药房,地址：青海省海西蒙古族藏族自治州德令哈市德令哈第五中学附近,电话：0971-6266658,
富康医药海西荣盛堂大药房,地址：青海省海西蒙古族藏族自治州109国道都兰县畜牧兽医工作站附近,电话：0971-4316588,
富康医药海西荣盛大药房,地址：青海省海西蒙古族藏族自治州德令哈市柴达木西路7号,电话：0971-4722929,
富康医药海西天使大药房,地址：青海省海西蒙古族藏族自治州茶卡镇交通街14号,电话：0971-4722929,
富康医药海西仁康大药房,地址：青海省海西蒙古族藏族自治州格尔木市建兴巷,电话：0971-8261660,
富康医药海西泰安堂大药房,地址：青海省海西蒙古族藏族自治州天峻县迎宾路,电话：0971-8261660,
富康医药海西仁和大药房,地址：青海省海西蒙古族藏族自治州天峻县天棚路4号,电话：0971-6266658,
富康医药海西渠南大药房,地址：青海省海西蒙古族藏族自治州德令哈市福源小区6,电话：0971-4316588,
富康医药海西H081店,地址：青海省海西蒙古族藏族自治州格尔木市和平巷,电话：0971-4722929,
富康医药海西鹏程医药超市店,地址：青海省海西蒙古族藏族自治州格尔木市昆仑中路与博爱街交叉口,电话：0971-8261660,
富康医药海西金龟大药房,地址：青海省海西蒙古族藏族自治州德令哈市格尔木东路6号,电话：0971-6266658,
富康医药海西鹏程大药房,地址：青海省海西蒙古族藏族自治州格尔木市八一中路18号珠峰大厦,电话：0971-6266658,
富康医药海西江泰大药房,地址：青海省海西蒙古族藏族自治州格尔木市玉龙巷,电话：0971-4316588,
富康医药海西海云大药房,地址：青海省海西蒙古族藏族自治州乌兰县东大街15号,电话：0971-4722929,
富康医药海西明馨大药房,地址：青海省海西蒙古族藏族自治州德令哈市昆仑路27号,电话：0971-4316588,
富康医药海西健清大药房,地址：青海省海西蒙古族藏族自治州西大街1号附近,电话：0971-4722929,
富康医药海西瑞祥药店,地址：青海省海西蒙古族藏族自治州希望街附近,电话：0971-8261660,
富康医药海西店白康大药房,地址：青海省海西蒙古族藏族自治州都兰县龙羊村,电话：0971-6266658,
富康医药海西民德大药房,地址：青海省海西蒙古族藏族自治州德令哈市莲湖路晨兴花苑附近,电话：0971-4722929,
富康医药海西健明大药房,地址：青海省海西蒙古族藏族自治州乌兰县西大街兰馨花苑旁,电话：0971-8261660,
富康医药海西格尔木为民大药房,地址：青海省海西蒙古族藏族自治州格尔木市和平巷,电话：0971-6266658,
富康医药海西金峰药房,地址：青海省海西蒙古族藏族自治州格尔木市金峰西路46号,电话：0971-4316588,
富康医药海西天济大药房,地址：青海省海西蒙古族藏族自治州民族路与健康路丁字路口,电话：0971-6266658,
富康医药海西隆昌大药房,地址：青海省海西蒙古族藏族自治州诺木洪农场招待所附近,电话：0971-8261660,
富康医药海西建阳大药房,地址：青海省海西蒙古族藏族自治州109国道都兰县夏日哈派出所对面,电话：0971-6266658,
富康医药海西福寿堂大药房,地址：青海省海西蒙古族藏族自治州德令哈市朝阳路德农小区附近,电话：0971-4316588,
富康医药海西第三百七十二分店,地址：青海省海西蒙古族藏族自治州315国道附近,电话：0971-4722929,
富康医药海西宝鑫大药房,地址：青海省海西蒙古族藏族自治州德令哈市青海省海西蒙古族藏族自治州德令哈市祁连路12号,电话：0971-4316588,
富康医药海西灵峰大药房,地址：青海省海西蒙古族藏族自治州人民东路36号,电话：0971-6266658,
富康医药海西建兴巷大药房,地址：青海省海西蒙古族藏族自治州格尔木市建兴巷56-62号,电话：0971-4316588,
富康医药海西福瑞祥大药房,地址：青海省海西蒙古族藏族自治州德令哈市乌兰东路19号,电话：0971-4722929,
富康医药海西德珠堂大药房,地址：青海省海西蒙古族藏族自治州格尔木市盐桥南路,电话：0971-8261660,
富康医药海西H083店,地址：青海省海西蒙古族藏族自治州格尔木市盐池巷6号,电话：0971-4722929,
富康医药海西柯柯彦青大药房,地址：青海省海西蒙古族藏族自治州315国道乌兰县柯柯镇柯铁俱乐部,电话：0971-4316588,
富康医药海西济安堂大药房,地址：青海省海西蒙古族藏族自治州乌兰东路13号附近,电话：0971-4722929,
富康医药海西福瑞康大药房,地址：青海省海西蒙古族藏族自治州德令哈市昆仑路新世纪花苑门口,电话：0971-8261660,
富康医药海西德盛堂大药房,地址：青海省海西蒙古族藏族自治州前进路27号,电话：0971-4722929,
富康医药海西H073店,地址：青海省海西蒙古族藏族自治州格尔木市盐桥北路1-15号,电话：0971-8261660,
富康医药海西康福堂大药房,地址：青海省海西蒙古族藏族自治州格尔木市知青路63号,电话：0971-4722929,
富康医药海西惠康大药房,地址：青海省海西蒙古族藏族自治州牧羊街,电话：0971-8261660,
富康医药海西福仁堂大药房,地址：青海省海西蒙古族藏族自治州新源南路5号附近,电话：0971-6266658,
富康医药海西德康堂大药房,地址：青海省海西蒙古族藏族自治州金峰路街道盐桥南路9号,电话：0971-8261660,
富康医药海西H030,地址：青海省海西蒙古族藏族自治州德令哈市柴达木东路（近黄河路）,电话：0971-6266658,
富康医药海西锦康药房,地址：青海省海西蒙古族藏族自治州格尔木市盐桥中路7号,电话：0971-8261660,
富康医药海西华康药店,地址：青海省海西蒙古族藏族自治州德令哈市长江南路,电话：0971-6266658,
富康医药海西福鼎堂大药房,地址：青海省海西蒙古族藏族自治州德令哈市,电话：0971-4316588,
富康医药海西春盛大药房,地址：青海省海西蒙古族藏族自治州黄河路街道黄河路17号,电话：0971-6266658,
富康医药海西H027,地址：青海省海西蒙古族藏族自治州格尔木市屿中街14号,电话：0971-4316588,
富康医药海西瀚义大药房,地址：青海省海西蒙古族藏族自治州格尔木市金北四巷,电话：0971-4316588,
富康医药海西鼎兴大药房,地址：青海省海西蒙古族藏族自治州乌兰县315国道,电话：0971-4722929,
富康医药海西成奇大药房,地址：青海省海西蒙古族藏族自治州109国道都兰县社区卫生服务中心旁,电话：0971-4316588,
富康医药海西H024,地址：青海省海西蒙古族藏族自治州格尔木市盐三巷,电话：0971-4722929,
富康医药海西店江泰大药房,地址：青海省海西蒙古族藏族自治州星光巷39号附近,电话：0971-8261660,
富康医药海西晨兴堂大药房,地址：青海省海西蒙古族藏族自治州德令哈市德令哈宝业商贸城附近,电话：0971-4722929,
富康医药海西H018,地址：青海省海西蒙古族藏族自治州创业路89号,电话：0971-8261660,
富康医药海西保济堂大药房,地址：青海省海西蒙古族藏族自治州牧羊街茫崖行政委员会,电话：0971-8261660,
富康医药海西H011,地址：青海省海西蒙古族藏族自治州格尔木市盐桥北路(郭勒木德镇盐桥村村民委员会东北),电话：0971-6266658,
富康医药海西H002店,地址：青海省海西蒙古族藏族自治州德令哈市徳尕路,电话：0971-4316588,
富康医药海西昆仑大药房,地址：青海省海西蒙古族藏族自治州格尔木市昆仑中路29-31号,电话：0971-4722929,
富康医药西宁永平大药房,地址：青海省西宁市西宁市大通回族土族自治县,电话：0971-8261660,
富康医药西宁瑞兆大药房,地址：青海省西宁市湟中县民湟公路,电话：0971-6266658,
富康医药西宁新民街药房,地址：青海省西宁市新民街新民家园小区附近,电话：0971-6266658,
富康医药西宁七一路药房,地址：青海省西宁市七一路467号附11号,电话：0971-4316588,
富康医药西宁中华巷大药房,地址：青海省西宁市城西区中华巷14号,电话：0971-4722929,
富康医药西宁东关大街店,地址：青海省西宁市东关大街24号,电话：0971-4316588,
富康医药西宁平价超市源丰店,地址：青海省西宁市胜利路30号,电话：0971-4722929,
富康医药西宁孙家绕村药房,地址：青海省西宁市湟中县孙家绕村大才回族乡政府,电话：0971-8261660,
富康医药西宁永琴大药房,地址：青海省西宁市大通回族土族自治县其他黎明路38号,电话：0971-6266658,
富康医药西宁五五二分店泰欣药店,地址：青海省西宁市青海省西宁市城中区兴旺巷,电话：0971-4722929,
富康医药西宁平价超市永丰店,地址：青海省西宁市东关大街88号天桥商业广场,电话：0971-8261660,
富康医药西宁振康大药房,地址：青海省西宁市多巴南街与一零九国道交叉口,电话：0971-6266658,
富康医药西宁永安大药房,地址：青海省西宁市大通回族土族自治县,电话：0971-4316588,
富康医药西宁益生康大药房,地址：青海省西宁市半岛新家园旁(西湖宾馆东）,电话：0971-4722929,
富康医药西宁塔尔路药店,地址：青海省西宁市塔尔路塔尔中心商城,电话：0971-8261660,
富康医药西宁平价超市西门三丰店,地址：青海省西宁市城中区西大街49号,电话：0971-6266658,
富康医药西宁泽民大药房,地址：青海省西宁市大通回族土族自治县其他宁张公路75号,电话：0971-4316588,
富康医药西宁永龙大药房,地址：青海省西宁市湟中县其他南京路43-1号,电话：0971-4722929,
富康医药西宁益嘉大药房,地址：青海省西宁市八一路111号,电话：0971-8261660,
富康医药西宁四一九连锁店,地址：青海省西宁市城东区昆仑东路与友谊巷交叉口,电话：0971-6266658,
富康医药西宁平价超市湟中店,地址：青海省西宁市湟中县其他和平路123号,电话：0971-4316588,
富康医药西宁源林堂大药房,地址：青海省西宁市石坡街10-28号,电话：0971-4722929,
富康医药西宁永健大药房,地址：青海省西宁市城西区冷湖路10号,电话：0971-8261660,
富康医药西宁益春堂大药房,地址：青海省西宁市新墩村109国道道边,电话：0971-6266658,
富康医药西宁水利路药房,地址：青海省西宁市水利路12号附近,电话：0971-4316588,
富康医药西宁平价超市多巴店,地址：青海省西宁市东街19号,电话：0971-4722929,
富康医药西宁园山路药店,地址：青海省西宁市城东区园山路2号,电话：0971-8261660,
富康医药西宁永和大药房,地址：青海省西宁市湟源县其他103省道,电话：0971-6266658,
富康医药西宁益草堂大药房,地址：青海省西宁市湟中县广鑫大道,电话：0971-4316588,
富康医药西宁A201舒友药房,地址：青海省西宁市八一东路200-44号,电话：0971-4722929,
富康医药西宁资生堂大药房,地址：青海省西宁市南川东路42号附近,电话：0971-8261660,
富康医药西宁玉井巷大药房,地址：青海省西宁市七一路465-11号,电话：0971-6266658,
富康医药西宁殷家庄大药房,地址：青海省西宁市冷湖路2-22附近,电话：0971-4316588,
富康医药西宁怡心堂大药房,地址：青海省西宁市大通回族土族自治县其他园林路14号,电话：0971-4722929,
富康医药西宁三百六十九元春药店,地址：青海省西宁市城东区互助东路10-3号,电话：0971-8261660,
富康医药西宁珠尔康大药房,地址：青海省西宁市湟源县G109丹拉线日月藏族乡政府旁,电话：0971-6266658,
富康医药西宁友合大药房,地址：青海省西宁市湟中县其他新城大道154号,电话：0971-4316588,
富康医药西宁益源堂药店,地址：青海省西宁市西宁市城东区夏都大街青藏铁路花园,电话：0971-4722929,
富康医药西宁怡笑堂药店,地址：青海省西宁市西宁市城西胜利路宁贵高速入口处,电话：0971-8261660,
富康医药西宁众志大药房,地址：青海省西宁市建设西路17号,电话：0971-4316588,
富康医药西宁永泰大药房,地址：青海省西宁市南川东路109号,电话：0971-4722929,
富康医药西宁益心大药房,地址：青海省西宁市城东区康西二路35-43号,电话：0971-8261660,
富康医药西宁怡景大药房,地址：青海省西宁市解放北路105号附近,电话：0971-6266658,
富康医药西宁永盛大药房,地址：青海省西宁市西堡乡中心学校旁,电话：0971-8261660,
富康医药西宁益寿春大药房,地址：青海省西宁市德令哈路64号,电话：0971-6266658,
富康医药西宁伊宁大药房,地址：青海省西宁市湟源县东大街67号,电话：0971-4316588,
富康医药西宁益盛大药房,地址：青海省西宁市城中区南大街69号,电话：0971-4316588,
富康医药西宁一颗印大药房,地址：青海省西宁市城东区祁连路190-744号,电话：0971-4722929,
富康医药西宁阳光大药房,地址：青海省西宁市柴达木路130-2茂源海湖阳光附近,电话：0971-8261660,
富康医药西宁燕康药店,地址：青海省西宁市西宁市湟源县近湟源县巴燕派出所,电话：0971-6266658,
富康医药西宁盐庄大药房,地址：青海省西宁市城北区柴达木路45号,电话：0971-4316588,
富康医药西宁新康大药房,地址：青海省西宁市东风桥小楼馆附近,电话：0971-4722929,
富康医药西宁延寿堂大药房,地址：青海省西宁市曹一路44号,电话：0971-4722929,
富康医药西宁新添堡药店,地址：青海省西宁市大通回族土族自治县新添堡,电话：0971-8261660,
富康医药西宁新玲药店,地址：青海省西宁市城西区海晏路6号,电话：0971-6266658,
富康医药西宁新林大药房,地址：青海省西宁市昆仑东路26-74,电话：0971-4316588,
富康医药西宁欣瑞康大药房,地址：青海省西宁市南京路60-24附近,电话：0971-4722929,
富康医药西宁小寨大药房,地址：青海省西宁市湟中县109国道附近（远达石化加油站西侧）,电话：0971-4316588,
富康医药西宁新禾药店,地址：青海省西宁市西关大街4-2号附近,电话：0971-8261660,
富康医药西宁欣春大药房,地址：青海省西宁市幸福东路,电话：0971-6266658,
富康医药西宁欣宁堂大药房,地址：青海省西宁市七一东路26号,电话：0971-8261660,
富康医药西宁向阳大药房,地址：青海省西宁市大通回族土族自治县园林路22-2号,电话：0971-4722929,
富康医药西宁祥和大药房,地址：青海省西宁市南气象巷4-6号商铺,电话：0971-8261660,
富康医药西宁祥富大药房,地址：青海省西宁市西宁市城中区滨河南路城市先锋小区门口,电话：0971-6266658,
富康医药西宁祥安堂药店,地址：青海省西宁市西宁市城东区友谊巷与团结巷交叉口,电话：0971-4316588,
富康医药西宁同鑫大药房,地址：青海省西宁市青海省西宁市城北区小桥大街8号,电话：0971-4722929,
富康医药西宁喜康堂大药房,地址：青海省西宁市城东区南山东路51号,电话：0971-4722929,
富康医药西宁同方大药房,地址：青海省西宁市金娥北路6号,电话：0971-8261660,
富康医药西宁祥英阁药店,地址：青海省西宁市香格里拉路8-26,电话：0971-6266658,
富康医药西宁喜多康大药房,地址：青海省西宁市大通回族土族自治县城西公路多林中心卫生院斜对面,电话：0971-8261660,
富康医药西宁通海大药房,地址：青海省西宁市一零三线与多巴北街交叉口,电话：0971-6266658,
富康医药西宁顺鑫大药房,地址：青海省西宁市春梅饭馆附近,电话：0971-4316588,
富康医药西宁盛健大药房,地址：青海省西宁市湟源县,电话：0971-4722929,
富康医药西宁西站大药房,地址：青海省西宁市柴达木路313-93号附近,电话：0971-6266658,
富康医药西宁天阳医药商店,地址：青海省西宁市海湖路29附111号,电话：0971-4316588,
富康医药西宁顺民大药房,地址：青海省西宁市长江路146-10,电话：0971-4722929,
富康医药西宁胜宝大药房,地址：青海省西宁市人民路14-4附近,电话：0971-8261660,
富康医药西宁西康大药房,地址：青海省西宁市城北区湟水路6号,电话：0971-4316588,
富康医药西宁天寿堂大药店,地址：青海省西宁市胜利巷45号,电话：0971-4722929,
富康医药西宁双苏堡药店,地址：青海省西宁市S1113宁贵高速明杏路出口,电话：0971-8261660,
富康医药西宁沈家寨药店,地址：青海省西宁市城西区南川西路146号,电话：0971-6266658,
富康医药西宁西华大药房,地址：青海省西宁市友爱路68号附近,电话：0971-4722929,
富康医药西宁天奇药店,地址：青海省西宁市南山路19号附近,电话：0971-8261660,
富康医药西宁寿源堂大药房,地址：青海省西宁市湟源县其他东大街79号,电话：0971-6266658,
富康医药西宁尚益佳大药房,地址：青海省西宁市城中区南川东路52号,电话：0971-4316588,
富康医药西宁西北园大药房,地址：青海省西宁市城西区西川南路羚羊路,电话：0971-8261660,
富康医药西宁泰寿堂大药房,地址：青海省西宁市城东区褚家营禾苗艺术幼儿园旁,电话：0971-6266658,
富康医药西宁寿康大药房,地址：青海省西宁市湟中县康宁西路,电话：0971-4316588,
富康医药西宁善仁大药房,地址：青海省西宁市城北区柴达木路,电话：0971-4722929,
富康医药西宁万青大药房,地址：青海省西宁市湟中县其他湟中县上营(万青大药房),电话：0971-6266658,
富康医药西宁泰盛堂大药房,地址：青海省西宁市城中区建材巷2-30号,电话：0971-4316588,
富康医药西宁世春药店,地址：青海省西宁市大通回族土族自治县宁极公路,电话：0971-4722929,
富康医药西宁山城大药房,地址：青海省西宁市大通回族土族自治县鲍岗线,电话：0971-8261660,
富康医药西宁万安堂大药房,地址：青海省西宁市城北区祁连路912号,电话：0971-4316588,
富康医药西宁泰仁堂大药房,地址：青海省西宁市城东区半山花园222-34号,电话：0971-4722929,
富康医药西宁十里铺大药房,地址：青海省西宁市城东区下铺村409号,电话：0971-8261660,
富康医药西宁三益大药房,地址：青海省西宁市兴新路,电话：0971-6266658,
富康医药西宁泰昌大药房,地址：青海省西宁市湟源县其他101省道(逯家寨村卫生室西南),电话：0971-8261660,
富康医药西宁盛康大药房,地址：青海省西宁市城东区湟中路,电话：0971-6266658,
富康医药西宁盛健药店,地址：青海省西宁市109国道青藏路54号居委会旁,电话：0971-4316588,
富康医药西宁润鑫药店,地址：青海省西宁市林家崖路（小天鹅幼儿园旁）,电话：0971-4722929,
富康医药西宁润康大药房,地址：青海省西宁市大通回族土族自治县后子河乡卫生院斜对面,电话：0971-8261660,
富康医药西宁润佳大药房,地址：青海省西宁市西宁市城东区博文路,电话：0971-6266658,
富康医药西宁瑞晴大药房,地址：青海省西宁市城中区南川东路139-2号,电话：0971-4316588,
富康医药西宁荣昌大药房,地址：青海省西宁市大通县城关汽车站旁,电话：0971-4722929,
富康医药西宁仁祥大药房,地址：青海省西宁市大通回族土族自治县其他向阳路390-424号,电话：0971-8261660,
富康医药西宁润泽大药房,地址：青海省西宁市南山路14-14,电话：0971-4316588,
富康医药西宁仁泰大药房,地址：青海省西宁市G227宝库乡人民政府北,电话：0971-6266658,
富康医药西宁仁济大药房,地址：青海省西宁市解放南路73朔山大厦,电话：0971-4316588,
富康医药西宁青康大药房,地址：青海省西宁市互助西路145号,电话：0971-4722929,
富康医药西宁A111店,地址：青海省西宁市火车站路附近,电话：0971-8261660,
富康医药西宁民泰大药房,地址：青海省西宁市城东区八一西路18-14号,电话：0971-6266658,
富康医药西宁桥头大药房,地址：青海省西宁市湟源县其他东大街46号(桥头大药房),电话：0971-6266658,
富康医药西宁民盛堂大药房,地址：青海省西宁市城中区长江路130-8号,电话：0971-4316588,
富康医药西宁灵歌药店,地址：青海省西宁市西宁市城东区,电话：0971-6266658,
富康医药西宁祁连路药店,地址：青海省西宁市城北区祁连路325-3号,电话：0971-4316588,
富康医药西宁民生堂大药房,地址：青海省西宁市湟源县东大街时代宾馆旁,电话：0971-4722929,
富康医药西宁林修堂大药房,地址：青海省西宁市西宁市湟源县东大街,电话：0971-4316588,
富康医药西宁齐心堂大药房,地址：青海省西宁市城西区黄河路3-21号,电话：0971-4722929,
富康医药西宁民瑞大药房,地址：青海省西宁市南小街5-15,电话：0971-8261660,
富康医药西宁联合大药房,地址：青海省西宁市城东区杨家三巷百力豪庭旁,电话：0971-4722929,
富康医药西宁仁慈堂大药房,地址：青海省西宁市东关大街17号附近,电话：0971-4722929,
富康医药西宁普济堂大药房,地址：青海省西宁市南川西路40-22号,电话：0971-8261660,
富康医药西宁民乐堂大药房,地址：青海省西宁市金娥北路6号附近,电话：0971-6266658,
富康医药西宁联福大药房,地址：青海省西宁市城东区杨家巷1号,电话：0971-8261660,
富康医药西宁清林大药房,地址：青海省西宁市八一中路29西宁市八一路小学附近 ,电话：0971-8261660,
富康医药西宁彭家寨大药房,地址：青海省西宁市城西区西川南路92号,电话：0971-6266658,
富康医药西宁民丰大药房,地址：青海省西宁市文化路2-4号,电话：0971-4316588,
富康医药西宁莲湖大药房,地址：青海省西宁市康西一路（青海省妇幼保健院对面）,电话：0971-6266658,
富康医药西宁青山大药房,地址：青海省西宁市礼让街4-8号,电话：0971-6266658,
富康医药西宁南磨尔园大药房,地址：青海省西宁市南山东路51号附近,电话：0971-4316588,
富康医药西宁毛胜寺药店,地址：青海省西宁市小桥大街76-14号（申通隔壁）,电话：0971-4722929,
富康医药西宁利民堂大药房,地址：青海省西宁市朝阳东路49号,电话：0971-4316588,
富康医药西宁青林大药房,地址：青海省西宁市城西区苏家河湾小区门口,电话：0971-4316588,
富康医药西宁南关街药店,地址：青海省西宁市南小街5号(中南关街),电话：0971-4722929,
富康医药西宁绿草堂大药房,地址：青海省西宁市城东区共和南路5-15号,电话：0971-8261660,
富康医药西宁丽源大药房,地址：青海省西宁市湟源县同安路,电话：0971-4722929,
富康医药西宁民心大药房,地址：青海省西宁市团结桥路43号附近,电话：0971-8261660,
富康医药西宁刘家寨大药房,地址：青海省西宁市城西区刘家寨小学旁,电话：0971-4722929,
富康医药西宁乐丰大药房,地址：青海省西宁市大通回族土族自治县其他解放北路146-194号,电话：0971-8261660,
富康医药西宁灵芝堂大药房,地址：青海省西宁市城北区青海大学路71号,电话：0971-8261660,
富康医药西宁拉卓奈药店,地址：青海省西宁市拉卓奈村,电话：0971-6266658,
富康医药西宁康源大药房,地址：青海省西宁市曹三路附156号,电话：0971-4316588,
富康医药西宁康裕大药房,地址：青海省西宁市建设西路,电话：0971-4722929,
富康医药西宁康旭大药房,地址：青海省西宁市湟中县富民西路,电话：0971-8261660,
富康医药西宁康南大药店,地址：青海省西宁市德令哈路218号,电话：0971-6266658,
富康医药西宁康鑫大药房,地址：青海省西宁市建设西路72号,电话：0971-6266658,
富康医药西宁康明大药房,地址：青海省西宁市城东区近郊214国道,电话：0971-4316588,
富康医药西宁君安堂平价大药房,地址：青海省西宁市湟中县通海清真大寺,电话：0971-4722929,
富康医药西宁康馨缘大药房,地址：青海省西宁市城西区中国西宁市城西区气象台（五四大街）,电话：0971-4316588,
富康医药西宁康来大药房,地址：青海省西宁市城北区建设巷37号,电话：0971-4722929,
富康医药西宁君安堂大药房,地址：青海省西宁市多巴西街15号附近,电话：0971-8261660,
富康医药西宁进良大药房,地址：青海省西宁市西宁市大通回族土族自治县塔尔路万容化妆品城旁,电话：0971-6266658,
富康医药西宁康文大药房,地址：青海省西宁市湟源县其他建设东路8号,电话：0971-4722929,
富康医药西宁康久大药房,地址：青海省西宁市西大街15号,电话：0971-8261660,
富康医药西宁玖仁堂大药房,地址：青海省西宁市湟源县近郊矿山西路,电话：0971-6266658,
富康医药西宁金惠大药房,地址：青海省西宁市大通回族土族自治县园林路848-3号,电话：0971-4316588,
富康医药西宁吉利药店,地址：青海省西宁市湟源县湟嘉公路,电话：0971-4722929,
富康医药西宁康寿堂大药房,地址：青海省西宁市大通回族土族自治县,电话：0971-8261660,
富康医药西宁康杰大药房,地址：青海省西宁市湟源县明清老街,电话：0971-6266658,
富康医药西宁久慈堂大药房,地址：青海省西宁市西宁市湟中县西久公路恒发批发超市,电话：0971-4316588,
富康医药西宁杰安大药房分店,地址：青海省西宁市城东区南小街22-12号,电话：0971-4722929,
富康医药西宁吉兰大药房,地址：青海省西宁市沈家寨村一巷18号,电话：0971-8261660,
富康医药西宁康盛大药房,地址：青海省西宁市西大街21号,电话：0971-6266658,
富康医药西宁康惠堂大药房,地址：青海省西宁市城北区福苑小区东,电话：0971-4316588,
富康医药西宁九芝堂大药房,地址：青海省西宁市城东区德令哈路2号附近,电话：0971-4722929,
富康医药西宁健民大药房,地址：青海省西宁市民湟公路大才回族乡卫生院斜对面,电话：0971-8261660,
富康医药西宁惠心大药房,地址：青海省西宁市黎明路附近,电话：0971-6266658,
富康医药西宁康仁堂大药房,地址：青海省西宁市勤奋巷67号附近,电话：0971-4316588,
富康医药西宁康汇大药房,地址：青海省西宁市大通回族土族自治县其他园林路625-14号,电话：0971-4722929,
富康医药西宁九盛堂大药房,地址：青海省西宁市城北区杏园西302号,电话：0971-8261660,
富康医药西宁建新药店,地址：青海省西宁市建新巷17号,电话：0971-6266658,
富康医药西宁惠民大药房,地址：青海省西宁市黎明路154-8,电话：0971-4316588,
富康医药西宁康然大药房,地址：青海省西宁市湟中县其他南京路38-2,电话：0971-4722929,
富康医药西宁康和堂大药房,地址：青海省西宁市西宁市城东区金和路7号,电话：0971-8261660,
富康医药西宁九春堂大药房,地址：青海省西宁市大众街105号,电话：0971-6266658,
富康医药西宁济众堂大药房,地址：青海省西宁市砖厂路7号,电话：0971-4316588,
富康医药西宁惠利大药房,地址：青海省西宁市清泉路2号,电话：0971-4722929,
富康医药西宁康鹏大药房,地址：青海省西宁市湟源县民湟公路,电话：0971-8261660,
富康医药西宁康奉大药房,地址：青海省西宁市建设东路13东行400米,电话：0971-6266658,
富康医药西宁九草堂大药房,地址：青海省西宁市109国道附近,电话：0971-4316588,
富康医药西宁济民大药房,地址：青海省西宁市陵园路31号,电话：0971-4722929,
富康医药西宁惠济大药房,地址：青海省西宁市湟源县其他一零三线与多巴北街(通海大药房),电话：0971-8261660,
富康医药西宁康都大药房,地址：青海省西宁市园林路625-14号,电话：0971-4316588,
富康医药西宁敬轩堂大药房,地址：青海省西宁市互助东路10-3号,电话：0971-4722929,
富康医药西宁济康大药房,地址：青海省西宁市建设东路与湟倒公里交汇处,电话：0971-8261660,
富康医药西宁惠草堂大药房,地址：青海省西宁市城东区北小街2号附近,电话：0971-6266658,
富康医药西宁敬修堂大药房,地址：青海省西宁市柴达木路270号,电话：0971-8261660,
富康医药西宁吉祥药店,地址：青海省西宁市博雅路夏都大街交叉口附近,电话：0971-6266658,
富康医药西宁汇康大药房,地址：青海省西宁市拦隆口村,电话：0971-4316588,
富康医药西宁吉仁堂大药房,地址：青海省西宁市勤奋巷43号附近,电话：0971-4316588,
富康医药西宁回春堂大药房,地址：青海省西宁市北小街18号,电话：0971-4722929,
富康医药西宁湟中安康大药房,地址：青海省西宁市商业街79号,电话：0971-8261660,
富康医药西宁宏惠大药房,地址：青海省西宁市五一路2号附近,电话：0971-6266658,
富康医药西宁红光药店,地址：青海省西宁市城中区南川东路57-5号,电话：0971-4316588,
富康医药西宁国君大药房,地址：青海省西宁市康宁路2号,电话：0971-4722929,
富康医药西宁贺青大药房,地址：青海省西宁市大通回族土族自治县城青公路,电话：0971-4722929,
富康医药西宁国际村大药房,地址： 青海省西宁市南小街51-21,电话：0971-8261660,
富康医药西宁富达大药房,地址：青海省西宁市湟中县迎宾路,电话：0971-4722929,
富康医药西宁和心大药房,地址：青海省西宁市西宁市大通回族土族自治县园林路,电话：0971-8261660,
富康医药西宁龟寿堂药店,地址：青海省西宁市西宁市湟中县拦隆口村近人民路,电话：0971-4722929,
富康医药西宁富草堂大药房,地址：青海省西宁市湟中县创业路,电话：0971-8261660,
富康医药西宁东兴大药房,地址：青海省西宁市付家寨路公交东川商场站旁,电话：0971-6266658,
富康医药西宁和善堂大药房,地址：青海省西宁市城中区育禾幼儿园旁,电话：0971-6266658,
富康医药西宁广济堂A321店,地址：青海省西宁市大通回族土族自治县解放路矿务局4号综合楼,电话：0971-8261660,
富康医药西宁福寿堂大药房,地址： 青海省西宁市多巴南街58号,电话：0971-6266658,
富康医药西宁东健药店,地址：青海省西宁市湟中路佳盛花园门口,电话：0971-4316588,
富康医药西宁城西天健大药房,地址：青海省西宁市海晏路6号,电话：0971-4722929,
富康医药西宁和平乡大药房,地址：青海省西宁市湟源县和平乡西倒一级公路,电话：0971-4316588,
富康医药西宁公司德康大药房,地址：青海省西宁市西久公路与总北村路交叉附近,电话：0971-6266658,
富康医药西宁福禄堂大药房,地址：青海省西宁市文化路3-4号,电话：0971-4316588,
富康医药西宁东方大药房,地址：青海省西宁市城东区曹一路4号附近,电话：0971-4722929,
富康医药西宁诚信大药房,地址：青海省西宁市海湖南路1号上新庄镇,电话：0971-8261660,
富康医药西宁昊善堂大药房,地址：青海省西宁市南川西路112-12号附近,电话：0971-4722929,
富康医药西宁富荣药房,地址：青海省西宁市湟源县其他315国道大华镇池汉学校旁,电话：0971-4316588,
富康医药西宁福康药店,地址：青海省西宁市博文路与八一路交叉口,电话：0971-4722929,
富康医药西宁鼎泰大药房,地址：青海省西宁市宁张公路75号,电话：0971-8261660,
富康医药西宁成诚大药房,地址：青海省西宁市滨河北路紫玉金河湾门口（福盛旅社附近）,电话：0971-6266658,
富康医药西宁汉庄大药房,地址：青海省西宁市城西区西川南路116号,电话：0971-8261660,
富康医药西宁富强大药房,地址：青海省西宁市城东区东关大街56号(城东区东关社区卫生服务站东南),电话：0971-4722929,
富康医药西宁扶正堂大药房,地址：青海省西宁市鲍岗线景阳路,电话：0971-8261660,
富康医药西宁店湟中路药店,地址：青海省西宁市城东区德令哈路,电话：0971-6266658,
富康医药西宁朝阳大药房,地址：青海省西宁市城北区朝阳西路23号附近,电话：0971-4316588,
富康医药西宁汉东大药房,地址：青海省西宁市湟中县汉东回族乡政府北临,电话：0971-6266658,
富康医药西宁富民大药房,地址：青海省西宁市西宁市城东区夏都大街,电话：0971-8261660,
富康医药西宁奉青大药房,地址：青海省西宁市湟中县奉青路13-5号附近,电话：0971-6266658,
富康医药西宁德益堂大药房,地址：青海省西宁市民湟公路土门关乡政府附近,电话：0971-4316588,
富康医药西宁昌运大药房,地址：青海省西宁市昌运世纪村18,电话：0971-4722929,
富康医药西宁国泰大药房,地址：青海省西宁市湟中县其他101省道,电话：0971-4316588,
富康医药西宁富利大药房,地址：青海省西宁市西宁市城西区南川西路,电话：0971-6266658,
富康医药西宁丰收堂药店,地址：青海省西宁市大通回族土族自治县宋家庄村,电话：0971-4316588,
富康医药西宁德福堂大药房,地址：青海省西宁市多巴南街与一零九国道交叉口附近,电话：0971-4722929,
富康医药西宁昌盛大药房,地址：青海省西宁市城北区柴达木立交桥金帝都花园底商,电话：0971-8261660,
富康医药西宁富贵堂大药房,地址：青海省西宁市创业路甘河宏盛大厦旁,电话：0971-4316588,
富康医药西宁芳草堂大药房,地址：青海省西宁市湟中县其他通宁路242号,电话：0971-4722929,
富康医药西宁大源大药房,地址：青海省西宁市大源乡人民政府附近,电话：0971-8261660,
富康医药西宁多林大药房,地址：青海省西宁市通海路,电话：0971-8261660,
富康医药西宁赐康大药房,地址：青海省西宁市城西区昆仑西路辅路,电话：0971-6266658,
富康医药西宁慈济堂大药房,地址：青海省西宁市西宁市大通回族土族自治县塔尔路,电话：0971-4316588,
富康医药西宁参桂大药房,地址：青海省西宁市湟中县多巴南街春景花园,电话：0971-6266658,
富康医药西宁博济药店,地址：青海省西宁市大通回族土族自治县宁极公路极乐乡卫生院,电话：0971-4316588,
富康医药西宁本草堂大药房,地址：青海省西宁市西宁市城北区朝阳西路,电话：0971-4722929,
富康医药西宁堡民康大药房,地址：青海省西宁市城北区大堡子镇宋家寨村卫生室南,电话：0971-8261660,
富康医药西宁葆春堂大药房,地址：青海省西宁市城东区互助路245号,电话：0971-6266658,
富康医药西宁保康大药房,地址：青海省西宁市城东区树林巷115号,电话：0971-4316588,
富康医药西宁百顺堂大药房,地址：青海省西宁市湟源县多巴东街,电话：0971-4722929,
富康医药西宁百盛大药房,地址：青海省西宁市城关村城西公路伯胜大道中段,电话：0971-8261660,
富康医药西宁百合大药房,地址：青海省西宁市湟中县园丁路青海园丁园门口,电话：0971-6266658,
富康医药西宁A231店,地址：青海省西宁市湟源县G315,电话：0971-4316588,
富康医药西宁百草堂大药房,地址：青海省西宁市园丁路23-25号,电话：0971-4316588,
富康医药西宁A217店,地址：青海省西宁市二中路14号湟源县二中附近,电话：0971-4722929,
富康医药西宁A146店,地址：青海省西宁市湟源县西倒一级公路丹拉线,电话：0971-8261660,
富康医药西宁安堂大药房,地址：青海省西宁市宁张公路城北区生物园社区卫生服务站旁,电话：0971-4722929,
富康医药西宁A010店,地址：青海省西宁市城东区园山路145号,电话：0971-4316588,
富康医药西宁A215店,地址：青海省西宁市湟源县火车站路沿边,电话：0971-8261660,
富康医药西宁A126店,地址：青海省西宁市湟源县爱德基金会前沟希望小学南,电话：0971-6266658,
富康医药西宁安琪大药房,地址：青海省西宁市大通回族土族自治县城西公路,电话：0971-8261660,
富康医药西宁A183店,地址：青海省西宁市湟源县大华镇石崖庄村,电话：0971-6266658,
富康医药西宁A115店,地址：青海省西宁市多巴东街燕儿沟蔬菜批发市场旁,电话：0971-4316588,
富康医药西宁A169店,地址：青海省西宁市富民西路12号附近,电话：0971-4316588,
富康医药西宁安宁大药房,地址：青海省西宁市乐都路27号,电话：0971-6266658,
富康医药西宁A102店,地址：青海省西宁市湟源县丹拉线湟源顺合货运有限公司对面,电话：0971-4722929,
富康医药西宁A162店,地址：青海省西宁市新墩村G109国道旁,电话：0971-4722929,
富康医药西宁安康大药房,地址：青海省西宁市湟中县庄隆路和平小区门口,电话：0971-4316588,
富康医药西宁A098店,地址：青海省西宁市鲍岗线长宁村,电话：0971-8261660,
富康医药西宁A158店,地址：青海省西宁市青藏路96号,电话：0971-8261660,
富康医药西宁A079店,地址：青海省西宁市东峡乡109国道附近,电话：0971-6266658,
富康医药西宁爱民大药房,地址：青海省西宁市新村路青海省西钢职业技术学院斜对面,电话：0971-4722929,
富康医药西宁A157店,地址：青海省西宁湟源县大华镇近郊315国道,电话：0971-6266658,
富康医药西宁A076店,地址：青海省西宁市寺寨乡中心小学附近,电话：0971-4316588,
富康医药西宁A417店,地址：青海省西宁市宁张公路附近,电话：0971-8261660,
富康医药西宁A155店,地址：青海省西宁市互助路,电话：0971-4316588,
富康医药西宁A056店,地址：青海省西宁市湟中县多巴镇康城村卫生室附近,电话：0971-4722929,
富康医药西宁A235店,地址：青海省西宁市湟中县多巴镇羊圈村村委会附近,电话：0971-6266658,
富康医药西宁A147店,地址：青海省西宁市315国道湟嘉公路,电话：0971-4722929,
富康医药西宁A034店,地址：青海省西宁市桥头镇元树尔村党员活动室附近,电话：0971-8261660,
富康医药西宁A028店,地址：青海省西宁市227国道宝库派出所斜对面,电话：0971-6266658,
富康医药西宁A008店,地址：青海省西宁市丹拉线和平村中国石油加油站入口旁,电话：0971-4722929,
富康医药西宁民安大药房,地址：青海省西宁市西宁市城东区半岛步行街,电话：0971-8261660,
青海省富康医药连锁有限公司永丰医药超市,地址：青海省西宁市东关大街88号,电话：0971-4722929,
青海省富康医药连锁有限公司富康医药平价超市,地址：青海省西宁市西大街49号,电话：0971-8261660,
青海省富康医药连锁有限公司源丰医药超市,地址：青海省西宁市胜利路30号,电话：0971-6266658,
青海省富康医药连锁有限公司汇丰医药超市,地址：青海省西宁市五四大街35号,电话：0971-4316588,
