齐齐哈尔齐泰医药红星分店,地址：黑龙江省齐齐哈尔市龙沙区民意路63号,电话：0452-2831117,
齐齐哈尔齐泰医药东湖分店,地址：黑龙江省齐齐哈尔市铁峰区南浦街道-粮库楼-单元104号,电话：0452-2637808,
齐齐哈尔齐泰医药东四分店,地址：黑龙江省齐齐哈尔市建华区方兴新村11号楼00单元1-4号,电话：0452-2558517,
齐齐哈尔齐泰医药中环分店,地址：黑龙江省齐齐哈尔市龙沙区中环广场5号楼00单元01-03号,电话：0452-2282811,
齐齐哈尔齐泰医药建设路分店,地址：黑龙江省齐齐哈尔市铁峰区太顺街92号北太路13棟01-01-01号,电话：0452-2187928,
齐齐哈尔齐泰医药滨湖分店,地址：黑龙江省齐齐哈尔市龙沙区阳光名宅23号楼,电话：0452-2837788,
齐齐哈尔齐泰医药民航路分店,地址：黑龙江省齐齐哈尔市龙沙区民航路畅心园A区4号楼1楼商服,电话：0452-2738001,
齐齐哈尔齐泰医药曙光分店,地址：黑龙江省齐齐哈尔市铁锋区曙光大街61号00单元01层12号,电话：0452-2525366,
齐齐哈尔齐泰医药景新分店,地址：黑龙江省齐齐哈尔市铁峰区龙华路289号,电话：0452-6136638,
齐齐哈尔齐泰医药厂西分店,地址：黑龙江省齐齐哈尔市龙沙区合意路288号,电话：0452-2571116,
齐齐哈尔齐泰医药鸿盛分店,地址：黑龙江省齐齐哈尔市建华区中华西路劳技小区1号楼155号,电话：0452-2738000,
齐齐哈尔齐泰医药北大街分店,地址：黑龙江省齐齐哈尔市建华区卜奎北大街235号北关小区52号楼,电话：0452-2553883,
齐齐哈尔齐泰医药纯水岸分店,地址：黑龙江省齐齐哈尔市建华区纯水岸16号楼大堂内,电话：0452-6136637,
齐齐哈尔齐泰医药福顺分店,地址：黑龙江省齐齐哈尔市建华区中华街169号福顺小区6号楼,电话：0452-2565666,
齐齐哈尔齐泰医药王屯分店,地址：黑龙江省齐齐哈尔市建华区黎明村黎阳二路,电话：0452-2571118,
齐齐哈尔齐泰医药龙华路分店,地址：黑龙江省齐齐哈尔市龙沙区龙华路85号,电话：0452-2407011,
齐齐哈尔齐泰医药新民分店,地址：黑龙江省齐齐哈尔市铁锋区新民西小区28号楼,电话：0452-2439998,
齐齐哈尔齐泰医药中华路分店,地址：黑龙江省齐齐哈尔市建华区邮政路45号,电话：0452-2587009,
齐齐哈尔齐泰医药合意分店,地址：黑龙江省齐齐哈尔市龙沙区合意大街127号群意小区106门市,电话：0452-2820188,
齐齐哈尔齐泰医药解放门分店,地址：黑龙江省齐齐哈尔市建华区卜奎大街231号,电话：0452-2686828,
齐齐哈尔齐泰医药东市场分店,地址：黑龙江省齐齐哈尔市建华区东四道街145号,电话：0452-2683778,
齐齐哈尔齐泰医药阳光分店,地址：黑龙江省齐齐哈尔市建华区阳光花园1号楼11号门市,电话：0452-2134700,
齐齐哈尔齐泰医药西园分店,地址：黑龙江省齐齐哈尔市西园街96号,电话：无,
齐齐哈尔齐泰医药南马路分店,地址：黑龙江省齐齐哈尔市铁峰区南马路96号,电话：0452-2228837,
齐齐哈尔齐泰医药鹤乡分店,地址：黑龙江省齐齐哈尔市龙沙区平阳街155号鹤乡新城8号楼00单元01层10号,电话：0452-2286808,
齐齐哈尔齐泰医药南山分店,地址：黑龙江省齐齐哈尔市铁峰区木海街95号,电话：0452-2223438,
齐齐哈尔齐泰医药四中分店,地址：黑龙江省齐齐哈尔市龙沙区斜阳街25号,电话：0452-2415055,
齐齐哈尔齐泰医药连锁有限公司北局宅分店,地址：黑龙江省齐齐哈尔市铁锋区北局宅职工小区12号楼1层18商服,电话：0452-2228803,
齐齐哈尔齐泰医药永青分店,地址：黑龙江省齐齐哈尔市龙沙区青云街电业综合楼68号,电话：0452-2426998,
齐齐哈尔齐泰医药客运分店,地址：黑龙江省齐齐哈尔市铁锋区富丽街14号,电话：0452-2116188,
齐齐哈尔齐泰医药公园分店,地址：黑龙江省齐齐哈尔市龙沙区公园2号门老年公寓一楼门市,电话：0452-2424866,
齐齐哈尔齐泰医药新开路分店,地址：黑龙江省齐齐哈尔市龙沙区正阳街安仁委龙华路481号,电话：0452-2415558,
齐齐哈尔齐泰医药开心分店,地址：黑龙江省齐齐哈尔市铁峰区平安南街10号,电话：0452-8923069,
齐齐哈尔齐泰医药永安分店,地址：黑龙江省齐齐哈尔市龙沙区公园路25号永安小区2号楼,电话：0452-2434567,
齐齐哈尔齐泰医药铁东分店,地址：黑龙江省齐齐哈尔市铁峰区中华东路237号,电话：0452-2536688,
齐齐哈尔齐泰医药五福分店,地址：黑龙江省齐齐哈尔市龙沙区卜奎南大街192号,电话：0452-2228901,
齐齐哈尔安泰医药三院店,地址：黑龙江省齐齐哈尔市铁锋区平安南街二院综合楼B单元1-2层,电话：0452-2136195,
齐齐哈尔安泰医药佳康店,地址：黑龙江省齐齐哈尔市铁锋区龙华小区15号楼1层3号,电话：0452-2126344,
齐齐哈尔安泰医药建华店,地址：黑龙江省齐齐哈尔市龙沙区五福小区3号楼,电话：0452-2286169,
齐齐哈尔安泰医药保和堂店,地址：黑龙江省齐齐哈尔市铁锋区中华东路95号,电话：0452-2519410,
齐齐哈尔安泰医药向阳路店,地址：黑龙江省齐齐哈尔市富拉尔基区红岸办事处向阳路8#楼00单位01层04号,电话：0452-5896777,
齐齐哈尔安泰医药公园路店,地址：黑龙江省齐齐哈尔市龙沙区永安小区13号楼1-2层2号,电话：0452-2473099,
齐齐哈尔安泰医药三百客运店,地址：黑龙江省齐齐哈尔市龙沙区南马路273号（客运枢纽大厅）,电话：0452-2227963,
齐齐哈尔安泰医药东客运店,地址：黑龙江省齐齐哈尔市公路客运总站客运东站候车大厅,电话：0452-5985116,
齐齐哈尔安泰医药雄鹰店,地址：黑龙江省齐齐哈尔市龙沙区安智小区36#楼00单元01层06号,电话：0452-2324209,
齐齐哈尔安泰医药铁东市场店,地址：黑龙江省齐齐哈尔市铁锋区人民小区43号楼00单元01层03号,电话：0452-2900017,
齐齐哈尔安泰医药龙康店,地址：黑龙江省齐齐哈尔市铁锋区中华路生产八栋二号,电话：0452-2515057,
齐齐哈尔安泰医药金安泰店,地址：黑龙江省齐齐哈尔市龙沙区南市场小区1号楼门市1-2层6号,电话：0452-5986656,
人民同泰药分店永源分店,地址：黑龙江省哈尔滨市道外区阿城市永源镇街里,电话：400-600-3777,
人民同泰总分店,地址：黑龙江省哈尔滨市道里区哈药路414号,电话：400-600-3777,
人民同泰沿河分店,地址：黑龙江省哈尔滨市呼兰区兰河大街200号,电话：400-600-3777,
人民同泰珠山分店,地址：黑龙江省哈尔滨市依兰县哈富公路附近,电话：400-600-3777,
人民同泰延兴分店,地址：黑龙江省哈尔滨市南岗区西大直街540号,电话：0451-87515288,
人民同泰中北分店,地址：黑龙江省哈尔滨市香坊区香滨路4号中北春城小区25栋3号门市,电话：400-600-3777,
人民同泰学府分店,地址：黑龙江省哈尔滨市南岗区学府三道街哈量新区36栋13门市,电话：0451-87503137,
人民同泰征仪分店,地址：黑龙江省哈尔滨市南岗区征仪路300号,电话：400-600-3777,
人民同泰兴建分店,地址：黑龙江省哈尔滨市平房区兴建大街32-42号吉祥座104门市,电话：0451-86112599,
人民同泰振江分店,地址：黑龙江省哈尔滨市道外区北环俊景小区1栋3门市,电话：0451-88987130,
人民同泰新月分店,地址：黑龙江省哈尔滨市平房区新月街110号,电话：400-600-3777,
人民同泰站前分店,地址：黑龙江省哈尔滨市阿城区市通城街33号,电话：400-600-3777,
人民同泰新友分店,地址：黑龙江省哈尔滨市平房区新疆大街280号,电话：0451-87102099,
人民同泰友协分店,地址：黑龙江省哈尔滨市平房区友协大街9-12号,电话：400-600-3777,
人民同泰新乡分店,地址：黑龙江省哈尔滨市道里区上江街与工农大街交汇处4栋6门市,电话：0451-84320037,
人民同泰怡园分店,地址：黑龙江省哈尔滨市道里区民生尚都小区怡园44栋5号,电话：400-600-3777,
人民同泰新疆大街店,地址：黑龙江省哈尔滨市平房区东方小区向东街75号,电话：0451-87372521,
人民同泰新国分店,地址：黑龙江省哈尔滨市平房区新国街32号,电话：400-600-3777,
人民同泰湘河路分店,地址：黑龙江省哈尔滨市香坊区湘江路1号,电话：0451-87986919,
人民同泰司徒分店,地址：黑龙江省哈尔滨市香坊区六顺街129号,电话：400-600-3777,
人民同泰西乡坊分店,地址：黑龙江省哈尔滨市香坊区公滨路549号,电话：0451-87975318,
人民同泰商都分店,地址：黑龙江省哈尔滨市巴彦县南直路康大综合楼,电话：400-600-3777,
人民同泰密山知一分店,地址：黑龙江省鸡西市密山市119县道附近,电话：400-600-3777,
人民同泰西典分店,地址：黑龙江省哈尔滨市南岗区哈西大街380号西典家园AS4栋5号商服,电话：0451-51991926,
人民同泰山水分店,地址：黑龙江省哈尔滨市道里区工农大街631号,电话：0451-84375357,
人民同泰密山兴凯分店,地址：黑龙江省鸡西市密山市309省道附近,电话：400-600-3777,
人民同泰科研分店,地址：黑龙江省哈尔滨市南岗区征仪花园小区B区115栋2门市,电话：400-600-3777,
人民同泰五星分店,地址：黑龙江省哈尔滨市道外区民主西环路附近,电话：400-600-3777,
人民同泰农林分店,地址：黑龙江省哈尔滨市香坊区农林五道街9号,电话：0451-82106802,
人民同泰密山连珠山分店,地址：黑龙江省鸡西市密山市连珠山镇房地产管理处附近,电话：400-600-3777,
人民同泰康全分店,地址：黑龙江省哈尔滨市道里区康安路79号,电话：0451-84609523,
人民同泰文昌分店,地址：黑龙江省哈尔滨市南岗区文昌街22-6号,电话：400-600-3777,
人民同泰南安分店,地址：黑龙江省哈尔滨市南岗区芦家街附近,电话：400-600-3777,
人民同泰佳木斯爱心分店,地址：黑龙江省佳木斯西林路11号,电话：400-600-3777,
人民同泰密山白泡子分店,地址：黑龙江省鸡西市密山市061乡道附近,电话：400-600-3777,
人民同泰康德药品超市,地址：黑龙江省哈尔滨市南岗区邮政街317号,电话：400-600-3777,
人民同泰同江分店,地址：黑龙江省佳木斯市同江市郊区同江市同三路佳同大厦西数一门,电话：400-600-3777,
人民同泰木介分店,地址：黑龙江省哈尔滨市南岗区木介51号,电话：0451-86207296,
人民同泰桦南分店,地址：黑龙江省佳木斯市桦南县新兴路91号,电话：400-600-3777,
人民同泰龙江分店,地址：黑龙江省哈尔滨市南岗区龙江街15号,电话：0451-87533217,
人民同泰康安分店,地址：黑龙江省哈尔滨市道里区群力新区民生尚都E区底商（怡园45B栋5号）,电话：400-600-3777,
人民同泰通达分店,地址：黑龙江省哈尔滨市南岗区通达街8号,电话：0451-86374244,
人民同泰牡福民分店,地址：黑龙江省牡丹江市东安区东一条路福民街交叉口,电话：400-600-3777,
人民同泰华中分店,地址：黑龙江省哈尔滨市道里区尚志大街110号,电话：400-600-3777,
人民同泰林口分店,地址：黑龙江省牡丹江市林口县林口镇新华路海洋小区13号楼,电话：400-600-3777,
人民同泰铁岭分店,地址：黑龙江省哈尔滨市南岗区铁岭街69号,电话：0451-87536009,
人民同泰军民分店,地址：黑龙江省哈尔滨市香坊区军民街24号立汇格林小镇A区29栋1门市,电话：0451-87278153,
人民同泰闽江分店,地址：黑龙江省哈尔滨市南岗区华鸿路附近,电话：400-600-3777,
人民同泰宏泰分店,地址：黑龙江省哈尔滨市道里区透笼街92号近尚志大街,电话：400-600-3777,
人民同泰联盟分店,地址：黑龙江省哈尔滨市平房区联盟大街127-1号（机电嘉园小区12栋10门市）,电话：0451-86500134,
人民同泰建文分店,地址：黑龙江省哈尔滨市平房区建文街9-6号附近,电话：400-600-3777,
人民同泰太古分店,地址：黑龙江省哈尔滨市道外区南十四道街111号,电话：0451-88904708,
人民同泰民尚分店,地址：黑龙江省哈尔滨市道里区民生尚都小区瑞园31栋M5门市,电话：0451-84360142,
人民同泰恒祥分店,地址：黑龙江省哈尔滨市道里区康安路2号恒祥城小区1期3栋8号门市,电话：0451-51660154,
人民同泰黎明分店,地址：黑龙江省哈尔滨市香坊区进乡街130-2-3号,电话：0451-87279021,
人民同泰松北分店,地址：黑龙江省哈尔滨市松北区松北一路41号,电话：0451-88102023,
人民同泰建通分店,地址：黑龙江省哈尔滨市道里区建国街235号,电话：400-600-3777,
人民同泰赫时分店,地址：黑龙江省哈尔滨市道里区方正县中央大街167号,电话：400-600-3777,
人民同泰民安街分店,地址：黑龙江省哈尔滨市道里区民安街82—86号,电话：400-600-3777,
人民同泰黎华分店,地址：黑龙江省哈尔滨市道外区安华街20号黎华小区B栋1层60号门市,电话：0451-82586015,
人民同泰建安分店,地址：黑龙江省哈尔滨市平房区窑地337栋85号,电话：0451-87108913,
人民同泰好民居分店,地址：黑龙江省哈尔滨市道外区滨江街好民居F1栋8门市1-2层,电话：0451-58963168,
人民同泰乐园分店,地址：黑龙江省哈尔滨市香坊区乐园街春江家园C栋6号门市,电话：0451-82106813,
人民同泰佳木斯中心分店,地址：黑龙江省佳木斯市富锦市建三江农垦管局三江国际购物广场南侧6号门市,电话：400-600-3777,
人民同泰汉水分店,地址：黑龙江省哈尔滨市南岗区汉水路423号,电话：0451-88076515,
人民同泰佳木斯长安分店,地址：黑龙江省佳木斯市佳木斯市区长安路540号,电话：400-600-3777,
人民同泰光明分店,地址：黑龙江省哈尔滨市南岗区王岗大街1号,电话：400-600-3777,
人民同泰光芒分店,地址：黑龙江省哈尔滨市南岗区文昌街89号,电话：0451-82602175,
人民同泰复华分店,地址：黑龙江省哈尔滨市南岗区富华小区C6栋1单元1层1号门市,电话：0451-58872642,
人民同泰东直分店,地址：黑龙江省哈尔滨市尚志市中央大街184号,电话：400-600-3777,
人民同泰北大营分店,地址：黑龙江省鸡西市密山市光复路与东安街交口北45米,电话：400-600-3777,
人民同泰东轻分店,地址：黑龙江省哈尔滨市平房区新疆三道街东轻家园小区115栋7门市,电话：0451-86119033,
人民同泰东大直街分店,地址：黑龙江省哈尔滨市南岗区东大直街163号,电话：400-600-3777,
人民同泰电塔分店,地址：黑龙江省哈尔滨市香坊区电塔街海顺新苑小区6栋5门市,电话：0451-82929506,
人民同泰保建分店,地址：黑龙江省哈尔滨市南岗区保健路65号,电话：400-600-3777,
人民同泰第一经销部分店,地址：黑龙江省哈尔滨市南岗区吉林街附近,电话：400-600-3777,
人民同泰大安分店,地址：黑龙江省哈尔滨市道里区经纬街208号,电话：400-600-3777,
人民同泰齿轮路分店,地址：黑龙江省哈尔滨市道里区工农大街80号,电话：0451-51717790,
人民同泰城东分店,地址：黑龙江省哈尔滨市香坊区城东新区B区6号楼12号商服,电话：0451-55148962,
人民同泰宾洲镇分店,地址：黑龙江省哈尔滨市宾县宾洲镇奋斗街文化综合楼,电话：400-600-3777,
集贤县双源大药房,地址：黑龙江省双鸭山集贤县福利镇保卫路327号（福利屯火车站休闲广场道东）,电话：0469-4667633,
安达德仁堂大药房牛街店,地址：黑龙江省绥化市安达市牛街180号,电话：0455-7349277,
德仁堂大药房悦来大街店,地址：黑龙江省佳木斯市桦川县悦来大街与长青路交口附近,电话：无,
德仁堂大药房兴园中路店,地址：黑龙江省鸡西市鸡冠区兴园中路55号,电话：0467-2651222,
德仁堂大药房康德屯店,地址：黑龙江省大庆市红岗区康德屯附近,电话：0459-4993328,
鹤岗百年一辰医药九十五分店,地址：黑龙江省鹤岗市绥滨县第三小学校门南侧 ,电话：无,
鹤岗百年一辰医药九十三分店,地址：黑龙江省鹤岗市绥滨县裕祥嘉园小区西 ,电话：无,
鹤岗百年一辰医药一百分店,地址：黑龙江省鹤岗市萝北县宝泉岭管理局中心医院康馨花园小区商服A区103室,电话：无,
鹤岗百年一辰医药七十六分店,地址：黑龙江省鹤岗市绥滨县大世界楼下,电话：无,
鹤岗百年一辰医药九十九分店,地址：黑龙江省鹤岗市萝北县宝泉岭大街北文化路西1栋0104号,电话：无,
鹤岗百年一辰医药七十一分店,地址：黑龙江省鹤岗市绥滨县中医院对面 ,电话：无,
鹤岗百年一辰医药八十四分店,地址：黑龙江省鹤岗市萝北县宝泉岭老市场西老市场综合楼1栋0147号,电话：无,
鹤岗百年一辰医药六十一分店,地址：黑龙江省鹤岗市绥滨县金山小区道北 ,电话：无,
鹤岗百年一辰医药七十五分店,地址：黑龙江省鹤岗市萝北县宝泉岭共青路商业街西中央商城1幢107号,电话：无,
鹤岗百年一辰医药二十一分店,地址：黑龙江省鹤岗市绥滨县市场北大门西斜对面,电话：无,
鹤岗百年一辰医药七十四分店,地址：黑龙江省鹤岗市萝北县宝泉岭局直三十五委3栋1楼2号,电话：无,
鹤岗百年一辰医药二十分店,地址：黑龙江省鹤岗市绥滨县烟草楼对面 ,电话：无,
鹤岗百年一辰医药四十六分店,地址：黑龙江省鹤岗市萝北县宝泉岭明山街共青路121号门市,电话：无,
鹤岗百年一辰医药十九分店,地址：黑龙江省鹤岗市绥滨县客运站对面,电话：无,
鹤岗百年一辰医药一百零四分店,地址：黑龙江省鹤岗市萝北凤翔镇二委（财政综合楼东1号门）,电话：无,
鹤岗百年一辰医药一百零五分店,地址：黑龙江省鹤岗市萝北县宝泉岭局直一委22栋一楼22号,电话：无,
鹤岗百年一辰医药八十八分店,地址：黑龙江省鹤岗市萝北县凤翔和谐富园小区3号楼,电话：无,
鹤岗百年一辰医药一百零三分店,地址：黑龙江省鹤岗市萝北县宝泉岭局直十八委1栋比优特广场购物中心一层11005号商服,电话：无,
鹤岗百年一辰医药八十七分店,地址：黑龙江省鹤岗市萝北县凤翔镇九委（畜牧局综合楼1层104室）,电话：无,
鹤岗百年一辰医药八十五分店,地址：黑龙江省鹤岗市萝北县永泰2号综合楼一层5号商服楼,电话：无,
鹤岗百年一辰医药八十分店,地址：黑龙江省鹤岗市萝北县凤翔镇9委（原百货小区东北角一层）,电话：无,
鹤岗百年一辰医药一百零二店,地址：黑龙江省鹤岗市工农区 老交通局对面供销社一楼107房,电话：无,
鹤岗百年一辰医药七十三分店,地址：黑龙江省鹤岗市萝北县凤翔镇2委110号一、二层,电话：无,
鹤岗百年一辰医药一百零一店,地址：黑龙江省鹤岗市新华市场华苑尚都小区1号楼,电话：无,
鹤岗百年一辰医药七十分店,地址：黑龙江省鹤岗市萝北县凤翔镇16委兴运综合楼一层北一号,电话：无,
鹤岗百年一辰医药八十六分店,地址：黑龙江省鹤岗市工农区新鹤A区3号楼,电话：无,
鹤岗百年一辰医药九十八分店,地址：黑龙江省鹤岗市工农区18委贸易局3#楼（甲栋）109室,电话：无,
鹤岗百年一辰医药六十九分店,地址：黑龙江省鹤岗市萝北县凤翔镇15委亚翔综合楼1--层5号,电话：无,
鹤岗百年一辰医药八十三分店,地址：黑龙江省鹤岗市工农区20委公用事业局办公楼104室和204室,电话：无,
鹤岗百年一辰医药九十七分店,地址：黑龙江省鹤岗市双鹤小 区4号楼1单元101户,电话：无,
鹤岗百年一辰医药六十八分店,地址：黑龙江省鹤岗市萝北县15委亚翔综合楼,电话：无,
鹤岗百年一辰医药八十二分店,地址：黑龙江省鹤岗市工农区11委团结小区1幢101号,电话：无,
黑龙江省密山市泰和药店,地址：黑龙江省鸡西密山市855农场中心街市场,电话：0467-5075569,
鹤岗百年一辰医药五十五分店,地址：黑龙江省鹤岗市工农区文化小区一号楼106室,电话：无,
鹤岗百年一辰医药九十六分店,地址：黑龙江省鹤岗市7委绿洲小区商服楼101室,电话：无,
鹤岗百年一辰医药六十七分店,地址：黑龙江省鹤岗市萝北县凤翔镇9委昌盛综合楼南1号门,电话：无,
鹤岗百年一辰医药八十一分店,地址：黑龙江省鹤岗市新华农场恒祥花园小区2号楼0123室,电话：无,
鹤岗百年一辰医药六十二分店,地址：黑龙江省鹤岗市兴山区 5委红卫小区A栋108室,电话：无,
鹤岗百年一辰医药五十四分店,地址：黑龙江省鹤岗市向阳区17委四组昆明路阳光大厦,电话：无,
鹤岗百年一辰医药九十四分店,地址：黑龙江省鹤岗市南山区机电总厂7#楼113室,电话：无,
鹤岗百年一辰医药六十四分店,地址：黑龙江省鹤岗市萝北县医院门市2号门,电话：无,
鹤岗百年一辰医药七十九分店,地址：黑龙江省鹤岗市鹿林商贸中心综合楼105室（门市）,电话：无,
鹤岗百年一辰医药六十分店,地址：黑龙江省鹤岗市新华广场中心区,电话：无,
哈尔滨百年一辰新地店,地址：黑龙江省哈尔滨市哈市香坊区新地街106号顺水小区1栋1层15-16号,电话：无,
鹤岗百年一辰医药九十二分店,地址：黑龙江省哈尔滨市兴安区永吉家园一层商服,电话：无,
鹤岗百年一辰医药三十二分店,地址：黑龙江省鹤岗市萝北县凤翔镇9委（千禧楼一楼),电话：无,
鹤岗百年一辰医药七十八分店,地址：黑龙江省鹤岗市工农区34委蔬园综合楼111室,电话：无,
鹤岗百年一辰医药五十九分店,地址：黑龙江省鹤岗市鹿林山翔璐商贸市场,电话：无,
鹤岗百年一辰医药五十三分店,地址：黑龙江省鹤岗市南山区九州兴建小区10号101室,电话：无,
鹤岗百年一辰医药九十一分店,地址：黑龙江省鹤岗市南山区芙蓉花园居住组团一层商服,电话：无,
鹤岗百年一辰医药二十九分店,地址：黑龙江省鹤岗市萝北县凤翔镇凤翔大街百货小区,电话：无,
鹤岗百年一辰医药七十七分店,地址：黑龙江省鹤岗市工业大厦一楼,电话：无,
鹤岗百年一辰医药五十八分店,地址：黑龙江省鹤岗市光宇小区48号104户,电话：无,
哈尔滨百年一辰汉广店,地址：黑龙江省哈尔滨市汉广街81-7号,电话：0451-86317572,
鹤岗百年一辰医药十八分店,地址：黑龙江省鹤岗市萝北县凤翔镇南二道街中段,电话：无,
鹤岗百年一辰医药九十分店,地址：黑龙江省鹤岗市兴安区30委兴东花园1#楼108室,电话：无,
鹤岗百年一辰医药六十六分店,地址：黑龙江省鹤岗市工农区世纪花园4号楼136室,电话：无,
黑龙江省密山市金沙宏德大药房,地址：黑龙江省鸡西密山市八五五农场中心街邮局楼门市,电话：0467-5073999,
鹤岗百年一辰医药五十二分店,地址：黑龙江省鹤岗市兴山区政府楼下（22委综合楼）,电话：无,
鹤岗百年一辰医药八十九分店,地址：黑龙江省鹤岗市向阳区14委9组红军街金鹤小区一组团2号楼104室,电话：无,
鹤岗百年一辰医药六十五分店,地址：黑龙江省鹤岗市自来水10号楼108号,电话：无,
鹤岗百年一辰医药五十七分店,地址：黑龙江省鹤岗市工农区4委2组站前2号楼1层东侧,电话：无,
哈尔滨百年一辰赣水店,地址：黑龙江省哈尔滨市开发区赣水路39号,电话：0451-87221805,
鹤岗百年一辰医药六十三分店,地址：黑龙江省鹤岗市兴安区华盛木业小区A栋综合楼,电话：无,
鹤岗百年一辰医药五十六分店,地址：黑龙江省鹤岗市工农区黎明花园,电话：无,
鹤岗百年一辰医药五十一分店,地址：黑龙江省鹤岗市工农区东解放路北一道街A栋106室,电话：无,
哈尔滨百年一辰大方里店,地址：黑龙江省哈尔滨市大方里小区201栋1单元1层1号,电话：0451-58956851,
哈尔滨百年一辰宣化店,地址：黑龙江省哈尔滨市南岗区靖宇街243号,电话：无,
鹤岗百年一辰医药五十分店,地址：黑龙江省鹤岗市东山区沿河南D组1号楼101室,电话：无,
哈尔滨百年一辰顺通店,地址：黑龙江省哈尔滨市南岗区上夹街92号,电话：0451-86485245,
鹤岗百年一辰医药四十九分店,地址：黑龙江省鹤岗市南山区汇东商厦109室,电话：无,
鹤岗百年一辰医药四十分店,地址：黑龙江省鹤岗市工农区华隆路北财达综合楼B栋一层商服118室,电话：无,
哈尔滨百年一辰安国店,地址：黑龙江省哈尔滨市道里区尚志大街178号,电话：0451-86775545,
鹤岗百年一辰医药二十八分店,地址：黑龙江省鹤岗市工农区禾友路商服2号楼111房,电话：无,
鹤岗百年一辰医药三十九分店,地址：黑龙江省鹤岗市南山区79委鹿林汽配综合楼,电话：无,
鹤岗百年一辰医药四十八分店,地址：黑龙江省鹤岗市兴山区红卫小区B1栋121户,电话：无,
鹤岗百年一辰医药二十七分店,地址：黑龙江省鹤岗市兴安区47委6组北五道街北22栋1单元1室,电话：无,
鹤岗百年一辰医药三十八分店,地址：黑龙江省鹤岗市工农区无线电厂综合楼110-210的门市房,电话：无,
鹤岗百年一辰医药十四分店,地址：黑龙江省鹤岗市南山区选煤街16号101,电话：无,
鹤岗百年一辰医药四十七分店,地址：黑龙江省鹤岗市兴安区新一街03楼1--1号,电话：无,
鹤岗百年一辰医药二十六分店,地址：黑龙江省鹤岗市向阳区振兴路5号门房1户,电话：无,
鹤岗百年一辰医药三十七分店,地址：黑龙江省鹤岗市工农区铁西路综合楼(龙宇花园A栋)106户的门市房.,电话：无,
鹤岗百年一辰医药十三分店,地址：黑龙江省鹤岗市工农区4委铁路综合楼105号,电话：无,
鹤岗百年一辰医药四分店,地址：黑龙江省鹤岗市工农区中心站（禧龙宾馆对面）,电话：无,
鹤岗百年一辰医药四十五分店,地址：黑龙江省鹤岗市工农区28委西解放路7号,电话：无,
鹤岗百年一辰医药二十五分店,地址：黑龙江省鹤岗市向阳区10委6组红军街二院住宅楼107室,电话：无,
鹤岗百年一辰医药三十六分店,地址：黑龙江省鹤岗市工农区40委育才路52号,电话：无,
鹤岗百年一辰医药十二分店,地址：黑龙江省鹤岗市二百综合楼23号门市,电话：无,
鹤岗百年一辰医药三分店,地址：黑龙江省鹤岗市防疫站十号门市,电话：无,
鹤岗百年一辰医药四十四分店,地址：黑龙江省鹤岗市工农区16委东北亚住宅楼154号,电话：无,
鹤岗百年一辰医药二十四分店,地址：黑龙江省鹤岗市工农区61委群楼1号楼110室,电话：0468-3350854,
鹤岗百年一辰医药三十五分店,地址：黑龙江省鹤岗市兴安区新一街010楼1--10号,电话：无,
鹤岗百年一辰医药十一分店,地址：黑龙江省鹤岗市兴安区10委东升综合楼120室,电话：无,
鹤岗百年一辰医药二分店,地址：黑龙江省鹤岗市解放路商厦一楼,电话：无,
鹤岗百年一辰医药四十三分店,地址：黑龙江省鹤岗市东山区东兴路63号,电话：无,
鹤岗百年一辰医药二十三分店,地址：黑龙江省鹤岗市向阳区新华1栋楼108室,电话：无,
鹤岗百年一辰医药三十四分店,地址：黑龙江省鹤岗市向阳区南翼曙光新村1号楼101室商服一楼,电话：无,
鹤岗百年一辰医药十分店,地址：黑龙江省鹤岗市东山区岭北综合楼,电话：无,
鹤岗百年一辰医药一分店,地址：黑龙江省鹤岗市向阳区新华书店一楼,电话：无,
鹤岗百年一辰医药四十二分店,地址：黑龙江省鹤岗市糖果厂综合楼商服109#、209#门市,电话：无,
鹤岗百年一辰医药二十二分店,地址：黑龙江省鹤岗市南山区50委1组大陆百货综合楼108室,电话：无,
鹤岗百年一辰医药三十三分店,地址：黑龙江省鹤岗市工农区34委兴择花园综合楼（比优特旗舰店旁）,电话：无,
鹤岗百年一辰医药九分店,地址：黑龙江省鹤岗市东山区新一供销社综合楼101号商服,电话：无,
哈尔滨百年一辰通达店,地址：黑龙江省哈尔滨市南岗区通达街4号,电话：0451-86351153,
鹤岗百年一辰医药四十一分店,地址：黑龙江省鹤岗市兴山区黄河路兴山休闲小区D组商服,电话：无,
鹤岗百年一辰医药十七分店,地址：黑龙江省鹤岗市新华食品一条街中段,电话：无,
鹤岗百年一辰医药三十一分店,地址：黑龙江省鹤岗市工农区 装潢大世界一楼第三门市面,电话：无,
鹤岗百年一辰医药八分店,地址：黑龙江省鹤岗市南山24委南山1号综合楼107室\/208室,电话：无,
哈尔滨百年一辰闽江店,地址：黑龙江省哈尔滨市南岗区拉林小区3栋1层4号门市,电话：0451-82354456,
鹤岗百年一辰医药三十分店,地址：黑龙江省鹤岗市向阳区胜利小区13号楼120门市房,电话：无,
鹤岗百年一辰医药十六分店,地址：黑龙江省鹤岗市南山中医院楼下101室,电话：无,
鹤岗百年一辰医药七分店,地址：黑龙江省鹤岗市南山区74委16组麓林山富力一校1号楼108室,电话：无,
哈尔滨百年一辰黄河店,地址：黑龙江省哈尔滨市南岗区信恒现代城豪园F栋1.2层3号门市,电话：0451-82425811,
鹤岗百年一辰医药十五分店,地址：黑龙江省鹤岗市东山百货沿河北二期商服，21号,电话：无,
鹤岗百年一辰医药六分店,地址：黑龙江省鹤岗市向阳一副食楼西侧,电话：无,
哈尔滨百年一辰长春街,地址：黑龙江省哈尔滨市道外区长春街169号,电话：0451-88309981,
鹤岗百年一辰医药五分店,地址：黑龙江省鹤岗市工农区禧龙宾馆楼下,电话：无,
哈尔滨百年一辰顺水店,地址：黑龙江省哈尔滨市香坊区顺水街61-2号,电话：0451-55150176,
哈尔滨百年一辰人和店,地址：黑龙江省哈尔滨市南岗区人和街38-6号,电话：0451-82712885,
哈尔滨百年一辰河山店,地址：黑龙江省哈尔滨市道里区河松街河松小区502栋1层5号,电话：0451-84860029,
哈尔滨百年一辰旭升店,地址：黑龙江省哈尔滨市动力区旭升街501栋1-2号,电话：0451-87954977,
哈尔滨百年一辰革新店,地址：黑龙江省哈尔滨市南岗区革新街224号,电话：0451-82606881,
哈尔滨百年一辰宏图店,地址：黑龙江省哈尔滨市道外区宏图街41号2栋1层1S01号,电话：0451-57680795,
哈尔滨百年一辰金山店,地址：黑龙江省哈尔滨市道里区群力乡金山堡,电话：无,
齐齐哈尔一辰医药六分店,地址：黑龙江齐齐哈尔铁锋区景新街1-4层,电话：0452-5990461,
哈尔滨百年一辰新江桥店,地址：黑龙江省哈尔滨市道外区新江桥街35-1、35-2号,电话：0451-57603511,
哈尔滨百年一辰民益店,地址：黑龙江省哈尔滨市南岗区民益街163号,电话：0451-87221826,
齐齐哈尔一辰医药四分店,地址：黑龙江齐齐哈尔铁锋区和平小区7号楼1层14号,电话：0452-8077141,
哈尔滨百年一辰共乐店,地址：黑龙江省哈尔滨市道里区哈药路33号,电话：0451-84553511,
哈尔滨百年一辰汉水店,地址：黑龙江省哈尔滨市开发区汉水路440号,电话：0451-87221831,
齐齐哈尔一辰医药三分店,地址：黑龙江齐齐哈尔龙沙区安智小区21号楼网点109号,电话：0452-8070131,
哈尔滨百年一辰复华店,地址：黑龙江省哈尔滨市南岗区复华四道街27号,电话：无,
齐齐哈尔一辰医药十二分店,地址：黑龙江齐齐哈尔龙沙区新化小区16号楼00单元01层01号,电话：0452-5990461,
齐齐哈尔一辰医药二分店,地址：黑龙江齐齐哈尔龙沙区永青市场西市口底层,电话：0452-8097567,
哈尔滨百年一辰东直店,地址：黑龙江省哈尔滨市道外区东直路99-101号,电话：0451-87850711,
齐齐哈尔一辰医药十一分店,地址：黑龙江齐齐哈尔富拉尔基区红岸办事处橡胶厂住宅1号楼00单元01层01号,电话：0452-2991011,
齐齐哈尔一辰医药一分店,地址：黑龙江齐齐哈尔市铁锋区龙华小区18号楼东侧00单元01层01号,电话：0452-2910001,
哈尔滨百年一辰建国店,地址：黑龙江省哈尔滨市道里区建国北二道街47号,电话：0451-87602662,
齐齐哈尔一辰医药十分店,地址：黑龙江齐齐哈尔铁锋区车辆厂光荣二区209号楼7号商服,电话：0452-8080101,
哈尔滨百年一辰文林店,地址：黑龙江省哈尔滨市南岗区文林街25号,电话：无,
齐齐哈尔一辰医药九分店,地址：黑龙江省齐齐哈尔市富拉尔基区和平大街46号门市齐钢8号楼,电话：0452-8930691,
哈尔滨百年一辰宣庆店,地址：黑龙江省哈尔滨市南岗区宣庆街81号,电话：0451-82352598,
齐齐哈尔一辰医药八分店,地址：黑龙江齐齐哈尔建华区东路小区22号1-2层9-1号,电话：0452-5980281,
齐齐哈尔一辰医药七分店,地址：黑龙江齐齐哈尔建华区光明小区1号楼00单元01层26号,电话：0452-2949271,
大庆世一大药房连锁有限公司育芝堂医药分店,地址：黑龙江省大庆市让葫芦区丰泽园小区庆客隆超市内,电话：0459-6334488,
大庆世一大药房连锁有限公司银亿医药分店,地址：黑龙江省大庆市萨尔图区大医院门诊对面,电话：0459-5367069,
大庆世一大药房连锁有限公司银浪新城医药分店,地址：黑龙江省大庆市胡路区银河广场建行北侧,电话：0459-4815225,
大庆世一大药房连锁有限公司亿德利医药分店,地址：黑龙江省大庆市红岗区八百垧金昆仑内,电话：0459-4891717,
大庆世一大药房连锁有限公司沿湖城医药分店,地址：黑龙江省大庆市萨尔图区靓湖花园建行东侧,电话：0459-4336548,
大庆世一大药房连锁有限公司刘高手医药分店,地址：黑龙江省大庆市萨尔图区格林小镇二期商服,电话：0459-8185120,
大庆世一大药房连锁有限公司鑫康医药分店,地址：黑龙江省大庆市胡路区丽水华城水明园门口,电话：0459-6137239,
大庆世一大药房连锁有限公司西宾医药分店,地址：黑龙江省大庆市萨尔图区新村银座尚品西门,电话：0459-4319060,
大庆世一大药房连锁有限公司惠民大药房,地址：黑龙江省大庆市萨尔图区毅腾商都商服1-15（新村沃尔玛国美电器旁）,电话：0459-6192011,
大庆世一大药房连锁有限公司利宏医药分店,地址：黑龙江省大庆市龙凤区东城领袖锦绣园A区,电话：0459-6403823,
大庆世一大药房连锁有限公司泰和医药分店,地址：黑龙江省大庆市萨尔图区萨大中路北28号,电话：0459-4192096,
大庆世一大药房连锁有限公司惠康堂大药房,地址：黑龙江省大庆市胡路区让区阳光佳苑4期北门,电话：0459-5086356,
大庆世一大药房连锁有限公司庆新大药房,地址：黑龙江省大庆市开发区六厂保龄球馆楼下,电话：0459-5836777,
大庆世一大药房连锁有限公司惠佳医药分店,地址：黑龙江省大庆市胡路区东湖商贸城商服内,电话：0459-5732239,
大庆世一大药房连锁有限公司集康医药分店,地址：黑龙江省大庆市萨尔图区69中对面齐酱骨旁,电话：0459-6182093,
大庆世一大药房连锁有限公司府中医药分店,地址：黑龙江省大庆市龙凤区大家乐超市对面,电话：0459-6230846,
大庆世一大药房连锁有限公司惠安堂医药分店,地址：黑龙江省大庆市萨尔图区万达广场底层外铺156.199.200,电话：0459-6079418,
大庆世一大药房连锁有限公司新光医药分店,地址：黑龙江省大庆市胡路区银亿转盘道医院东,电话：0459-5922530,
大庆世一大药房连锁有限公司府城医药分店,地址：黑龙江省大庆市龙凤区商场对面,电话：0459-6241911,
大庆世一大药房连锁有限公司华府医药分店,地址：黑龙江省大庆市萨尔图区万城华府小区商服,电话：0459-8179955,
大庆世一大药房连锁有限公司千芝堂医药分店,地址：黑龙江省大庆市胡路区乘风鸿运楼后身商服,电话：0459-5689899,
大庆世一大药房连锁有限公司惠泽医药分店,地址：黑龙江省大庆市五湖新区中医院对面,电话：0459-8178662,
大庆世一大药房连锁有限公司西寨丽水医药分店,地址：黑龙江省大庆市胡路区让区鑫运城商场后身,电话：0459-5085733,
大庆世一大药房连锁有限公司湖滨医药分店,地址：黑龙江省大庆市胡路区北方市场对面商服,电话：0459-5166167,
大庆世一大药房连锁有限公司福泽医药分店,地址：黑龙江省大庆市萨尔图区新玛特对面7-28号楼下底层商店2门,电话：0459-6386775,
大庆世一大药房连锁有限公司绿色医药分店,地址：黑龙江省大庆市萨尔图区绿色家园南门东侧,电话：0459-2678573,
大庆世一大药房连锁有限公司惠文大药房,地址：黑龙江省大庆市大同区阳光商场一楼,电话：0459-6176926,
大庆世一大药房连锁有限公司福泰国医堂,地址：黑龙江省大庆市萨尔图区人民医院门诊对对面,电话：0459-6290226,
大庆世一大药房连锁有限公司恒鑫医药分店,地址：黑龙江省大庆市萨尔图区东安阳光商城内,电话：0459-6377769,
大庆世一大药房连锁有限公司福源国医堂,地址：黑龙江省大庆市胡路区憩园小区,电话：0459-5160990,
大庆世一大药房连锁有限公司福祥医药分店,地址：黑龙江省大庆市高新区创业城17-14号底层商服,电话：0459-4546828,
大庆世一大药房连锁有限公司福熙医药分店,地址：黑龙江省大庆市胡路区乘风庄阳光乘风一楼,电话：0459-6856898,
大庆世一大药房连锁有限公司福炜医药分店,地址：黑龙江省大庆市高新区创业城20-25底层商服,电话：0459-4546858,
大庆世一大药房连锁有限公司堤香医药分店,地址：黑龙江省大庆市萨尔图区登峰福万家超市南,电话：0459-5891228,
大庆世一大药房连锁有限公司福烁医药分店,地址：黑龙江省大庆市高新区创业城A4-26、27底层商服,电话：0459-4547962,
大庆世一大药房连锁有限公司登峰医药分店,地址：黑龙江省大庆市五湖新区湖滨学校对面,电话：0459-6619480,
大庆世一大药房连锁有限公司福巧医药分店,地址：黑龙江省大庆市高新区创业城13-13号底层商服,电话：0459-4547993,
大庆世一大药房连锁有限公司大仁堂医药分店,地址：黑龙江省大庆市七厂市场西侧商服,电话：0459-4492677,
大庆世一大药房连锁有限公司福安医药分店,地址：黑龙江省大庆市大同区阳光购物广场西侧商服1单元6号门,电话：0459-6166929,
大庆世一大药房连锁有限公司奥林医药分店,地址：黑龙江省大庆市胡路区奥林商服26路站牌,电话：0459-5151457,
大庆世一大药房连锁有限公司福霖医药分店,地址：黑龙江省大庆市高新区创业城10-A商服02,电话：0459-4546818,
大庆世一大药房连锁有限公司安鑫医药分店,地址：黑龙江省大庆市萨北区721邮储北侧,电话：0459-5877897,
大庆世一大药房连锁有限公司福康医药分店,地址：黑龙江省大庆市胡路区银浪温馨家园三期银湖新苑邻里中心商服,电话：无,
大庆世一大药房连锁有限公司福佳医药分店,地址：黑龙江省大庆市让葫芦区世奥国际公寓香榭丽广场庆客隆超市内,电话：0459-5152606,
大庆世一大药房连锁有限公司福地医药分店,地址：黑龙江省大庆市胡路区创业城22-13,电话：0459-4547972,
哈尔滨人民同泰医药连锁分店密山兴亚分店,地址：黑龙江省鸡西市密山市密山镇光复路双胜综合楼,电话：0467-5296586,
哈尔滨人民同泰医药连锁分店密山分店,地址：黑龙江省哈尔滨市密山市密山镇东安街121号,电话：0467-5227811,
哈尔滨人民同泰医药连锁分店沿江分店,地址：黑龙江省哈尔滨市道外区北十九道街41号,电话：0451-88967133,
哈尔滨人民同泰医药连锁分店肇东分店,地址：黑龙江省绥化市肇东市南直路四道街劳动局楼下,电话：0455-5998901,
哈尔滨人民同泰医药连锁分店北新分店,地址：黑龙江省哈尔滨市道外区北新街148号,电话：0451-88965033,
哈尔滨人民同泰医药连锁分店南极分店,地址：黑龙江省哈尔滨市道外区南极街副61-1号,电话：0451-88360196,
哈尔滨人民同泰医药连锁店佳木斯分店,地址：黑龙江省佳木斯市向阳区中山街93号,电话：0454-8220085,
哈尔滨人民同泰医药连锁分店尚朴分店,地址：黑龙江省哈尔滨市道外区靖宇街198号,电话：0451-88948133,
哈尔滨人民同泰医药连锁分店香电分店,地址：黑龙江省哈尔滨市香坊区香电街农垦党校高层5号门市,电话：0451-88345147,
哈尔滨人民同泰医药连锁分店城乡迎宾分店,地址：黑龙江省哈尔滨市道里区城乡路251号,电话：0451-87617892,
哈尔滨人民同泰医药连锁分店公滨分店,地址：黑龙江省哈尔滨市香坊区公滨路236号,电话：0451-87981257,
哈尔滨人民同泰医药连锁分店齐滨分店,地址：黑龙江省齐齐哈尔市依安县泰安大街,电话：400-6003-777,
哈尔滨人民同泰医药连锁分店新特新分店,地址：黑龙江省哈尔滨市道外区滨江凤凰城309栋10-11号,电话：0451-88923064,
哈尔滨人民同泰医药连锁分店南和分店,地址：黑龙江省哈尔滨市道外区南平街90号,电话：0451-88345147,
哈尔滨人民同泰医药连锁分店绥棱分店,地址：黑龙江省绥化市绥棱县张家湾,电话：0451-57420062,
哈尔滨人民同泰医药连锁分店凤瑶分店,地址：黑龙江省哈尔滨市香坊区红旗大街68号,电话：0451-87977968,
哈尔滨人民同泰医药连锁分店淮河分店,地址：黑龙江省哈尔滨市南岗区嵩山路108号,电话：0451-88997736,
哈尔滨人民同泰医药连锁分店兴业分店,地址：黑龙江省哈尔滨市道外区兴业街146号,电话：0451-88901277,
哈尔滨人民同泰医药连锁分店北环分店,地址：黑龙江省哈尔滨市道外区大新街188号,电话：0451-88328314,
哈尔滨人民同泰医药连锁分店幸福家园分店,地址：黑龙江省哈尔滨市五常市幸福家园17号,电话：0451-55806430,
哈尔滨人民同泰医药连锁分店香庆分店,地址：黑龙江省哈尔滨市香坊大街202号,电话：0451-87973618,
哈尔滨人民同泰医药连锁分店华庭分店,地址：黑龙江省哈尔滨市道外区南十四道街142号,电话：0451-88997736,
哈尔滨人民同泰医药连锁分店仁里分店,地址：黑龙江省哈尔滨市道外区十八道街(滨江凤凰城405栋2门市),电话：0451-88901097,
哈尔滨人民同泰医药连锁分店丰润分店,地址：黑龙江省哈尔滨市道外区靖宇街332号,电话：0451-88309586,
哈尔滨人民同泰医药连锁分店顾乡新天地分店,地址：黑龙江省哈尔滨市道里区顾乡大街93号（新天地家园16栋3号）,电话：0451-55509315,
哈尔滨人民同泰医药连锁分店菜艺分店,地址：黑龙江省哈尔滨市香坊区菜艺街121号,电话：0451-87973003,
哈尔滨人民同泰医药连锁分店长春分店,地址：黑龙江省哈尔滨市道外区长春街160-2号,电话：0451-88990876,
哈尔滨人民同泰医药连锁分店滨江分店,地址：黑龙江省哈尔滨市道外区滨江街57号,电话：0451-88394873,
哈尔滨人民同泰医药连锁分店保康分店,地址：黑龙江省哈尔滨市道外区南马路62号,电话：0451-88308322,
哈尔滨人民同泰医药连锁店双鸭山分店,地址：黑龙江双鸭山市尖山区新兴大街58号,电话：0469-6100098,
哈尔滨人民同泰医药连锁分店哈平分店,地址：黑龙江省哈尔滨市香坊区体育街44号,电话：0451-87965896,
哈尔滨人民同泰医药连锁分店靖宇分店,地址：黑龙江省哈尔滨市道外区靖宇大街272号,电话：0451-88980715,
哈尔滨人民同泰医药连锁分店翰林分店,地址：黑龙江省哈尔滨市江北学院路翰林辰霞小区A栋32号门市,电话：0451-88122093,
哈尔滨人民同泰医药连锁分店泰华西大药房,地址：黑龙江省哈尔滨市道外区靖宇大街325号,电话：0451-88387605,
哈尔滨人民同泰医药连锁分店体育分店,地址：黑龙江省哈尔滨市香坊区体育头道街5号,电话：0451-87963722,
哈尔滨人民同泰医药连锁分店大新分店,地址：黑龙江省哈尔滨市道外区大新街66号,电话：0451-88973527,
哈尔滨人民同泰医药连锁分店景阳分店,地址：黑龙江省哈尔滨市道外区景阳街75号,电话：0451-88376422,
哈尔滨人民同泰医药连锁分店湘江路分店,地址：黑龙江省哈尔滨市香坊区湘江路1号,电话：0451-87986916,
哈尔滨人民同泰医药连锁分店旭日分店,地址：黑龙江省哈尔滨市香坊区旭升街哈锅职工村15栋1-1门市,电话：0451-87956605,
哈尔滨人民同泰医药连锁分店草市街分店,地址：黑龙江省哈尔滨市道外区草市街44-1号院内,电话：0451-88372938,
哈尔滨人民同泰医药连锁分店建北分店,地址：黑龙江省哈尔滨市香坊区建北街51号,电话：0451-87983817,
哈尔滨人民同泰医药连锁分店旭升分店,地址：黑龙江省哈尔滨市香坊区旭升街多福家园1栋,电话：0451-87950385,
哈尔滨人民同泰医药连锁分店乐东分店,地址：黑龙江省哈尔滨市香坊区电塔街乐东家园6栋4号,电话：0451-87933118,
哈尔滨人民同泰医药连锁分店香木分店,地址：黑龙江省哈尔滨市香坊区城东新居D区4号楼6号门市,电话：0451-87983017,
哈尔滨人民同泰医药连锁分店桦树分店,地址：黑龙江省哈尔滨市道外区桦树街106号,电话：0451-87855501,
哈尔滨人民同泰医药连锁分店绿园分店,地址：黑龙江省哈尔滨市道外区太平三道街绿色家园小区1栋7门,电话：0451-87851176,
哈尔滨人民同泰医药连锁分店天恒分店,地址：黑龙江省哈尔滨市道外区三棵大街129号,电话：0451-87850932,
哈尔滨人民同泰医药连锁分店福同分店,地址：黑龙江省哈尔滨市道里区福同街43号,电话：0451-87622281,
哈尔滨人民同泰医药连锁分店景兴分店,地址：黑龙江省哈尔滨市道外区北环十八道街五街区2单元4号,电话：0451-87810230,
哈尔滨人民同泰医药连锁分店城乡分店,地址：黑龙江省哈尔滨市道里区城乡路405号,电话：0451-87612013,
哈尔滨人民同泰医药连锁分店南勋分店,地址：黑龙江省哈尔滨市道外区南七道街111号,电话：0451-87810217,
哈尔滨人民同泰医药连锁分店新亭分店,地址：黑龙江省哈尔滨市哈尔滨道里区达江小区4栋6门市,电话：0451-87611907,
哈尔滨人民同泰医药连锁分店利兴分店,地址：黑龙江省哈尔滨市南岗区林兴路利兴小区8号楼2单元101门市,电话：0451-87510134,
哈尔滨人民同泰医药连锁分店东莱分店,地址：黑龙江省哈尔滨市道外区东莱街副86号,电话：0451-87805631,
哈尔滨人民同泰医药连锁分店美晨分店,地址：黑龙江省哈尔滨市道里区工农大街83号,电话：0451-87610108,
哈尔滨人民同泰医药连锁分店文成分店,地址：黑龙江省哈尔滨市南岗区文景街77号,电话：0451-87553396,
哈尔滨人民同泰医药连锁分店地段分店,地址：黑龙江省哈尔滨市道里区地段街136号,电话：0451-87650350,
哈尔滨人民同泰医药连锁分店河鼓分店,地址：黑龙江省哈尔滨市道里区公务员小区38栋2-1号门市,电话：0451-87602295,
哈尔滨人民同泰医药连锁分店工电路分店,地址：黑龙江省哈尔滨市南岗区工电路保利颐和家园A26号门市,电话：0451-87503961,
哈尔滨人民同泰医药连锁分店安发分店,地址：黑龙江省哈尔滨市道里区安国街191号,电话：0451-87633356,
哈尔滨人民同泰医药连锁分店河山分店,地址：黑龙江省哈尔滨市道里区河松小区808栋2号门市,电话：0451-87602291,
哈尔滨人民同泰医药连锁分店文明分店,地址：黑龙江省哈尔滨市南岗区文明街14-12号,电话：0451-87550147,
哈尔滨人民同泰医药连锁分店理工分店,地址：黑龙江省哈尔滨市南岗区学府路50号,电话：0451-87503285,
哈尔滨人民同泰医药连锁分店安宁分店,地址：黑龙江省哈尔滨市道里区新阳路24号,电话：0451-87626686,
哈尔滨人民同泰医药连锁分店民乐分店,地址：黑龙江省哈尔滨市道里区大民兴街211号,电话：0451-87626685,
哈尔滨人民同泰医药连锁分店南通分店,地址：黑龙江省哈尔滨市南岗区南通大街119号,电话：0451-87521568,
哈尔滨人民同泰医药连锁分店宜居分店,地址：黑龙江省哈尔滨市道里区哈双北路宜居家园A栋104-6门市,电话：0451-87385019,
哈尔滨人民同泰医药连锁分店民众分店,地址：黑龙江省哈尔滨市道里区通达街277号,电话：0451-87625909,
哈尔滨人民同泰医药连锁分店美罗湾分店,地址：黑龙江省哈尔滨市香坊区军民街24号立汇美罗湾一期6栋6门市,电话：0451-87317234,
哈尔滨人民同泰医药连锁分店一匡街分店,地址：黑龙江省哈尔滨市南岗区一匡街38号,电话：0451-87510653,
哈尔滨人民同泰医药连锁分店南新分店,地址：黑龙江省哈尔滨市松北区前进家园26号楼松北购物中心,电话：0451-87190174,
哈尔滨人民同泰医药连锁分店世纪分店,地址：黑龙江省哈尔滨市松北区纪贸大道227号,电话：0451-87161864,
哈尔滨人民同泰医药连锁分店星城分店,地址：黑龙江省哈尔滨市南岗区学府路311号,电话：0451-86660713,
哈尔滨人民同泰医药连锁分店平房分店,地址：黑龙江省哈尔滨市平房区新疆大街280号,电话：0451-87102066,
哈尔滨人民同泰医药连锁分店五满意分店,地址：黑龙江省哈尔滨市南岗区西大直街404号,电话：0451-86302615,
哈尔滨人民同泰医药连锁分店亚麻分店,地址：黑龙江省哈尔滨市香坊区亚麻街19-2号,电话：0451-87010410,
哈尔滨人民同泰医药连锁分店香滨分店,地址：黑龙江省哈尔滨市香坊民生三道街哈量新区36栋13门市,电话：0451-86200145,
哈尔滨人民同泰医药连锁分店绿洲分店,地址：黑龙江省哈尔滨市香坊区远大都市绿洲1栋8号门市,电话：0451-86656711,
哈尔滨人民同泰医药连锁分店达通分店,地址：黑龙江省哈尔滨市南岗区通达街133号,电话：0451-86300493,
哈尔滨人民同泰医药连锁分店南厂分店,地址：黑龙江省哈尔滨市平房区保国大街12号,电话：0451-86546545,
哈尔滨人民同泰医药连锁分店宣庆分店,地址：黑龙江省哈尔滨市南岗宣庆街61号（宣西小区4栋）,电话：0451-87002013,
哈尔滨人民同泰医药连锁分店鸿景分店,地址：黑龙江省哈尔滨市南岗区和兴三道街鸿景家园C栋4号,电话：0451-86346896,
哈尔滨人民同泰医药连锁分店民益分店,地址：黑龙江省哈尔滨市香坊民生三道街哈量新区36栋13门市,电话：0451-86200145,
哈尔滨人民同泰医药连锁分店百科分店,地址：黑龙江省哈尔滨市南岗区文瑞街41号,电话：0451-86235493,
哈尔滨人民同泰医药连锁分店河松分店,地址：黑龙江省哈尔滨市道里区河松小街185号,电话：0451-84819292,
哈尔滨人民同泰医药连锁分店保健分店,地址：黑龙江省哈尔滨市南岗区保健路大众家园3栋8号门市,电话：0451-86680469,
哈尔滨人民同泰医药连锁分店林兴分店,地址：黑龙江省哈尔滨市南岗区林兴街2号,电话：0451-86346267,
哈尔滨人民同泰医药连锁分店尚都分店,地址：黑龙江省哈尔滨市南岗区学府路1号,电话：0451-86662037,
哈尔滨人民同泰医药连锁分店卫民分店,地址：黑龙江省哈尔滨市南岗西大直街217号,电话：0451-86338184,
哈尔滨人民同泰医药连锁分店靓园分店,地址：黑龙江省哈尔滨市南岗区信恒现代城靓园F栋1层2号门市,电话：0451-85928012,
哈尔滨人民同泰医药连锁店康德分店,地址：黑龙江省哈尔滨市南岗区下夹树街1号,电话：0451-86219005,
哈尔滨人民同泰医药连锁分店文兴分店,地址：黑龙江省哈尔滨市南岗区文兴街24-1号,电话：0451-86325478,
哈尔滨人民同泰医药连锁分店和兴分店,地址：黑龙江省哈尔滨市南岗区和兴十一道街5号,电话：0451-86318448,
哈尔滨人民同泰医药连锁分店贵新分店,地址：黑龙江省哈尔滨市南岗区贵新街53号,电话：0451-86208272,
哈尔滨人民同泰医药连锁分店建国分店,地址：黑龙江省哈尔滨市道里建国街副123号,电话：0451-84840505,
哈尔滨人民同泰医药连锁分店锦江分店,地址：黑龙江省哈尔滨市道里区河松街锦江绿色家园52号门市,电话：0451-84824497,
哈尔滨人民同泰医药连锁分店钢铁分店,地址：黑龙江省哈尔滨市道里区钢铁街7号,电话：0451-84812547,
哈尔滨人民同泰医药连锁店康泰药品超市,地址：黑龙江省哈尔滨市道里区中央大街18号,电话：0451-84683188,
哈尔滨人民同泰医药连锁分店康安分店,地址：黑龙江省哈尔滨市道里区建国街-289-8号,电话：0451-84805038,
哈尔滨人民同泰医药连锁分店新宏泰分店,地址：黑龙江省哈尔滨市道里区透笼街92号,电话：0451-84677558,
哈尔滨人民同泰医药连锁店河清分店,地址：黑龙江省哈尔滨市道里区河清街12号,电话：0451-84607131,
哈尔滨人民同泰医药连锁分店光辉分店,地址：黑龙江省哈尔滨市道里区道里新阳路321号,电话：0451-84625576,
哈尔滨人民同泰医药连锁分店中泰分店,地址：黑龙江省哈尔滨市道里区石头道街10号,电话：0451-84560823,
哈尔滨人民同泰医药连锁分店大桥分店,地址：黑龙江省哈尔滨市道里区哈药路416号,电话：0451-84802121,
哈尔滨人民同泰医药连锁分店通江分店,地址：黑龙江省哈尔滨市道里区通江街155号,电话：0451-84641148,
哈尔滨人民同泰医药连锁分店哈双分店,地址：黑龙江省哈尔滨市哈双北路阳光颐养花园12栋,电话：0451-84338317,
哈尔滨人民同泰医药连锁分店江畔分店,地址：黑龙江省哈尔滨市道里区友谊路420号,电话：0451-84625427,
哈尔滨人民同泰医药连锁分店民安分店,地址：黑龙江省哈尔滨市道里区民安街82-86号,电话：0451-84550917,
哈尔滨人民同泰医药连锁分店北方分店,地址：黑龙江省哈尔滨市道里区新阳路84号,电话：0451-84524044,
哈尔滨人民同泰医药连锁分店新城分店,地址：黑龙江省哈尔滨市道里区工农大街新城小区112栋10号门市,电话：0451-84330267,
哈尔滨人民同泰医药连锁分店经纬分店,地址：黑龙江省哈尔滨市道里区经纬街131--133号,电话：0451-84688191,
哈尔滨人民同泰医药连锁分店井街分店,地址：黑龙江省哈尔滨市道里区友谊路49号,电话：0451-84616933,
哈尔滨人民同泰医药连锁分店抚新分店,地址：黑龙江省哈尔滨市道里区抚顺街48号,电话：0451-84520232,
哈尔滨人民同泰医药连锁分店贝尔分店,地址：黑龙江省哈尔滨市道里区工程街76-80号,电话：0451-84614969,
哈尔滨人民同泰医药连锁分店安吉分店,地址：黑龙江省哈尔滨市道里区安发街46号,电话：0451-84516062,
哈尔滨人民同泰医药连锁分店中西药分店,地址：黑龙江省哈尔滨市道外区顾乡大街100号,电话：0451-84324542,
哈尔滨人民同泰医药连锁分店中央大药房,地址：黑龙江省哈尔滨市道里区中央大街77号,电话：0451-84685343,
哈尔滨人民同泰医药连锁分店抚顺分店,地址：黑龙江省哈尔滨市道里区抚顺街160号,电话：0451-84509421,
哈尔滨人民同泰医药连锁分店医药商厦店,地址：黑龙江省哈尔滨市道外区靖宇街414号,电话：0451-84324542,
哈尔滨人民同泰医药连锁分店药材店,地址：黑龙江省哈尔滨市哈尔滨道里区友谊路190号,电话：0451-84613528,
哈尔滨人民同泰医药连锁分店民兴分店,地址：黑龙江省哈尔滨市道里区大民兴街23号,电话：0451-84505416,
哈尔滨人民同泰医药连锁分店友谊分店,地址：黑龙江省哈尔滨市道里区高谊街91号,电话：0451-84612419,
哈尔滨人民同泰医药连锁分店通顺分店,地址：黑龙江省哈尔滨市道里区通顺街32号,电话：0451-84344422,
哈尔滨人民同泰医药连锁分店华佗分店,地址：黑龙江省哈尔滨市道里区道里乡政街112号,电话：0451-84320344,
哈尔滨人民同泰医药连锁分店埃德蒙顿路分店,地址：黑龙江省哈尔滨市道里区埃德蒙顿路54号,电话：0451-84306557,
哈尔滨人民同泰医药连锁分店新阳分店,地址：黑龙江省哈尔滨市道里区新阳路155号,电话：0451-84290557,
哈尔滨人民同泰医药连锁分店红霞分店,地址：黑龙江省哈尔滨市道里区经纬街272号,电话：0451-84207858,
哈尔滨人民同泰医药连锁分店爱国分店,地址：黑龙江省哈尔滨市道里区道里安国街138号,电话：0451-84283568,
哈尔滨人民同泰医药连锁分店哈西分店,地址：黑龙江省哈尔滨市南岗区学府路65号雄师家园3号门市,电话：0451-83850898,
哈尔滨人民同泰医药连锁分店东安分店,地址：黑龙江省哈尔滨市道里区新城花园小区2号楼1号门市,电话：0451-83371147,
哈尔滨人民同泰医药连锁分店爱建分店,地址：黑龙江省哈尔滨市道里区上海街94号,电话：0451-84237978,
哈尔滨人民同泰医药连锁分店紫园分店,地址：黑龙江省哈尔滨市道里区安隆街49号,电话：0451-83086508,
哈尔滨人民同泰医药连锁分店永平分店,地址：黑龙江省哈尔滨市道外区永平小区201栋4-5门市,电话：0451-82826990,
哈尔滨人民同泰医药连锁分店宣西分店,地址：黑龙江省哈尔滨市南岗区马端街114号,电话：0451-82760882,
哈尔滨人民同泰医药连锁分店通乡分店,地址：黑龙江省哈尔滨市香坊区进乡街63号,电话：0451-82969934,
哈尔滨人民同泰医药连锁分店乐买分店,地址：黑龙江省哈尔滨市道里区经纬街338号,电话：0451-84226297,
哈尔滨人民同泰医药连锁分店太平庄店,地址：黑龙江省哈尔滨市道里区太平镇中心大街,电话：0451-84109559,
哈尔滨人民同泰医药连锁分店日升分店,地址：黑龙江省哈尔滨市香坊区旭升街170号,电话：0451-82939085,
哈尔滨人民同泰医药连锁分店长江路分店,地址：黑龙江省哈尔滨市南岗区长江路4-6号,电话：0451-82815182,
哈尔滨人民同泰医药连锁分店三合分店,地址：黑龙江省哈尔滨市香坊区三合路353号(生态园小区1栋14号门市),电话：0451-82929631,
哈尔滨人民同泰医药连锁分店十字分店,地址：黑龙江省哈尔滨市南岗区十字街75号,电话：0451-82733335,
哈尔滨人民同泰医药连锁店药品大卖场店,地址：黑龙江省哈尔滨市南岗区奋斗路184号,电话：0451-82805548,
哈尔滨人民同泰医药连锁分店工程分店,地址：黑龙江省哈尔滨市道里区工程街142号,电话：0451-84212373,
哈尔滨人民同泰医药连锁分店新发分店,地址：黑龙江省哈尔滨市道里区机场路605号,电话：0451-84108241,
哈尔滨人民同泰医药连锁分店安通分店,地址：黑龙江省哈尔滨市香坊区安通街副36--2号,电话：0451-82924700,
哈尔滨人民同泰医药连锁分店联草分店,地址：黑龙江省哈尔滨市香坊联草街4-6号A栋B单元103,电话：0451-82924278,
哈尔滨人民同泰医药连锁分店锋桥分店,地址：黑龙江省哈尔滨市南岗区宣化街247号,电话：0451-82708790,
哈尔滨人民同泰医药连锁分店人和分店,地址：黑龙江省哈尔滨市南岗区果戈里大街200号,电话：0451-82805038,
哈尔滨人民同泰医药连锁分店商大分店,地址：黑龙江省哈尔滨市松北区银河小区15号楼2单元4门市,电话：0451-84015825,
哈尔滨人民同泰医药连锁分店比乐分店,地址：黑龙江省哈尔滨市南岗区比乐街156号,电话：0451-82708757,
哈尔滨人民同泰医药连锁分店太安分店,地址：黑龙江省哈尔滨市道外区太安街6号,电话：0451-82827008,
哈尔滨人民同泰医药连锁分店大成分店,地址：黑龙江省哈尔滨市南岗区大成街63号,电话：0451-82762422,
哈尔滨人民同泰医药连锁分店宣化分店,地址：黑龙江省哈尔滨市南岗区燎原街24-7号1层商服,电话：0451-82705691,
哈尔滨人民同泰医药连锁分店民生分店,地址：黑龙江省哈尔滨市香坊民生路26号香滨小区B4栋112号,电话：0451-82677733,
哈尔滨人民同泰医药连锁分店马端分店,地址：黑龙江省哈尔滨市南岗区先锋路583号,电话：0451-82596557,
哈尔滨人民同泰医药连锁分店中山分店,地址：黑龙江省哈尔滨市南岗区中山路252号,电话：0451-82632077,
哈尔滨人民同泰医药连锁分店药六分店,地址：黑龙江省哈尔滨市南直路307号和平小区中房一栋,电话：0451-82420407,
哈尔滨人民同泰医药连锁分店康华分店,地址：黑龙江省哈尔滨市哈尔滨南岗区东大直街85号,电话：0451-82560002,
哈尔滨人民同泰医药连锁分店百姓分店,地址：黑龙江省哈尔滨市南岗区革新街43号,电话：0451-82625282,
哈尔滨人民同泰医药连锁分店阳光分店,地址：黑龙江省哈尔滨市南岗区淮河东路384号阳光绿色家园西区1栋,电话：0451-82420010,
哈尔滨人民同泰医药连锁分店大方里分店,地址：黑龙江省哈尔滨市道外区大方里小区205栋,电话：0451-82552308,
哈尔滨人民同泰医药连锁分店革新分店,地址：黑龙江省哈尔滨市南岗区果戈里大街104号,电话：0451-82624710,
哈尔滨人民同泰医药连锁分店船院分店,地址：黑龙江省哈尔滨市南岗区文庙街30号盟科观邸C1栋10门市,电话：0451-82531508,
哈尔滨人民同泰医药连锁分店文平分店,地址：黑龙江省哈尔滨市南岗区革新街131--7号,电话：0451-82620352,
哈尔滨人民同泰医药连锁分店信恒分店,地址：黑龙江省哈尔滨市道外区南直路信恒现代城富园A栋5门市,电话：0451-82413520,
哈尔滨人民同泰医药连锁分店天木分店,地址：黑龙江省哈尔滨市道外区淮河路天木小区10栋2号门市,电话：0451-82468363,
哈尔滨人民同泰医药连锁分店香和分店,地址：黑龙江省哈尔滨市香坊区和平路62-2号,电话：0451-82612263,
哈尔滨人民同泰医药连锁分店泰海分店,地址：黑龙江省哈尔滨市南岗区泰海小区33栋1-2层366号门市,电话：0451-82468109,
哈尔滨人民同泰医药连锁分店先锋路分店,地址：黑龙江省哈尔滨市道外区先锋路415-2号,电话：0451-82413430,
哈尔滨人民同泰医药连锁分店宏南分店,地址：黑龙江省哈尔滨市道外区宏伟小区7栋4单元1门市,电话：0451-82466559,
哈尔滨人民同泰医药连锁分店文景分店,地址：黑龙江省哈尔滨市南岗区文明街27号,电话：0451-82609557,
哈尔滨人民同泰医药连锁分店大有坊分店,地址：黑龙江省哈尔滨市道外区红平小区3号楼,电话：0451-82443985,
哈尔滨人民同泰医药连锁分店益民分店,地址：黑龙江省哈尔滨市香坊区民生路107号,电话：0451-82609212,
哈尔滨人民同泰医药连锁分店昆仑分店,地址：黑龙江省哈尔滨市道外区南直路388-10号,电话：0451-82433621,
哈尔滨人民同泰医药连锁分店豪园分店,地址：黑龙江省哈尔滨市南岗区黄河路信恒现代城豪园K栋5号门市,电话：0451-82427928,
哈尔滨人民同泰医药连锁分店泰富分店,地址：黑龙江省哈尔滨市道外区南直路泰富长安城B栋7号,电话：0451-82405579,
哈尔滨人民同泰医药连锁分店维也纳分店,地址：黑龙江省哈尔滨市道外区太平大街维也纳小区3栋10门市,电话：0451-82307167,
哈尔滨人民同泰医药连锁分店八仙分店,地址：黑龙江省哈尔滨市南岗宣庆小区2栋1楼,电话：0451-82324600,
哈尔滨人民同泰医药连锁分店和平分店,地址：黑龙江省哈尔滨市香坊区哈平路43号,电话：0451-82169213,
哈尔滨人民同泰医药连锁分店安康分店,地址：黑龙江省哈尔滨市动力区健康路78号,电话：0451-82123166,
哈尔滨人民同泰医药连锁分店闽江路分店,地址：黑龙江省哈尔滨市南岗区闽江路205号0--1号,电话：0451-82307167,
哈尔滨人民同泰医药连锁分店泰山分店,地址：黑龙江省哈尔滨市香坊区闽江路181号,电话：0451-82355098,
哈尔滨人民同泰医药连锁分店乐松分店,地址：黑龙江省哈尔滨市香坊区幸福路145号乐松小区1号楼4号,电话：0451-82151950,
哈尔滨人民同泰医药连锁分店黄河路分店,地址：黑龙江省哈尔滨市南岗区黄河路174号,电话：0451-82322332,
哈尔滨人民同泰医药连锁分店动力分店,地址：黑龙江省哈尔滨市香坊区和平路8-10号,电话：0451-82115827,
哈尔滨人民同泰医药连锁分店康大分店,地址：黑龙江省哈尔滨市南岗区红旗新区58栋1号,电话：0451-82350510,
哈尔滨人民同泰医药连锁分店乐强分店,地址：黑龙江省哈尔滨市香坊区电塔街乐强小区9栋8号,电话：0451-82147074,
哈尔滨人民同泰医药连锁分店文政分店,地址：黑龙江省哈尔滨市香坊区文政街78号文政小区13栋4号门,电话：0451-82103067,
哈尔滨人民同泰医药连锁分店香红分店,地址：黑龙江省哈尔滨市道外区辽河路88号,电话：0451-82303956,
哈尔滨人民同泰医药连锁分店辽河分店,地址：黑龙江省哈尔滨市南岗区蒿山小区49栋6号门市,电话：0451-82315997,
哈尔滨人民同泰医药连锁分店同仁分店,地址：黑龙江省哈尔滨市香坊区民航路40号,电话：0451-82346682,
哈尔滨人民同泰医药连锁分店文林分店,地址：黑龙江省哈尔滨市动力区王兆街2号,电话：0451-82140034,
哈尔滨人民同泰医药连锁分店学苑分店,地址：黑龙江省哈尔滨市南岗区学府路74号,电话：0451-82263157,
哈尔滨人民同泰医药连锁分店健康分店,地址：黑龙江省哈尔滨市香坊区健康路46号,电话：0451-82102636,
哈尔滨人民同泰医药连锁分店东风分店,地址：黑龙江省哈尔滨市道外区团结镇天恒大街140号,电话：0451-82044278,
哈尔滨人民同泰医药连锁分店文化分店,地址：黑龙江省哈尔滨市宾县宾州镇,电话：0451-57918056,
哈尔滨人民同泰医药连锁分店南直分店,地址：黑龙江省哈尔滨市道外区南直路583号,电话：0451-57691375,
哈尔滨人民同泰医药连锁分店康城分店,地址：黑龙江省哈尔滨市宾县宾州西路 ,电话：0451-57998456,
哈尔滨人民同泰医药连锁分店宾县分店,地址：黑龙江省哈尔滨市宾县宾州镇西大街14号,电话：0451-57982121,
哈尔滨人民同泰医药连锁分店太平分店,地址：黑龙江省哈尔滨市道外区新江桥街1号,电话：0451-57672506,
哈尔滨人民同泰医药连锁分店繁华分店,地址：黑龙江省哈尔滨市呼兰区繁华小区,电话：0451-56888513,
哈尔滨人民同泰医药连锁分店三棵树分店,地址：黑龙江省哈尔滨市道外区北棵街北棵小区20栋,电话：0451-57632148,
哈尔滨人民同泰医药连锁分店东兴分店,地址：黑龙江省哈尔滨市呼兰区新华街六委一组利民建筑公司楼1层2号,电话：0451-56888313,
哈尔滨人民同泰医药连锁分店宏伟分店,地址：黑龙江省哈尔滨市道外区宏伟路江河小区711栋6单元101,电话：0451-57646958,
哈尔滨人民同泰医药连锁分店宾州分店,地址：黑龙江省哈尔滨市宾县宾州镇南大街庙胡同南头,电话：0451-57916770,
哈尔滨人民同泰医药连锁分店红河分店,地址：黑龙江省哈尔滨市道外区红图街红河小区七街区713栋9单元1层1号,电话：0451-57616718,
哈尔滨人民同泰医药连锁分店蜚克图分店,地址：黑龙江省哈尔滨市阿城区蜚克图镇十字大街南侧商服楼,电话：0451-56559038,
哈尔滨人民同泰医药连锁分店宏政分店,地址：黑龙江省哈尔滨市道外区宏伟路药六家园,电话：0451-57601272,
哈尔滨人民同泰医药连锁分店朝阳分店,地址：黑龙江省哈尔滨市依兰县依兰镇,电话：0451-56031666,
哈尔滨人民同泰医药连锁分店泓林分店,地址：黑龙江省哈尔滨市江北学院路泓林金色地标11栋2号门市,电话：0451-57350463,
哈尔滨人民同泰医药连锁分店五国城分店,地址：黑龙江省绥化市绥棱县泥尔河乡,电话：0451-56003777,
哈尔滨人民同泰医药连锁分店百强分店,地址：黑龙江省哈尔滨市宾县宾州东路,电话：0451-57980961,
哈尔滨人民同泰医药连锁分店鸿康分店,地址：黑龙江省哈尔滨市宾县宾州镇民政局楼下,电话：0451-57913898,
哈尔滨人民同泰医药连锁分店依兰分店,地址：黑龙江省哈尔滨市通河县中央大街,电话：0451-57233933,
哈尔滨人民同泰医药连锁分店小山子分店,地址：黑龙江省哈尔滨市五常市小山子镇新建商服二号楼,电话：0451-55823606,
哈尔滨人民同泰医药连锁分店方正分店,地址：黑龙江省绥化市绥棱县绥中乡,电话：0451-57150011,
哈尔滨人民同泰医药连锁分店建设分店,地址：黑龙江省哈尔滨市五常市建设大街138号楼,电话：0451-55807525,
哈尔滨人民同泰医药连锁分店太平桥分店,地址：黑龙江省哈尔滨市道外区东直路130号,电话：0451-57635117,
哈尔滨人民同泰医药连锁巴彦分店,地址：黑龙江省绥化市青冈县连丰乡两丰,电话：0451-57009488,
哈尔滨人民同泰医药连锁分店呼兰分店,地址：黑龙江省哈尔滨市呼兰区北大街43号（朝霞小区）,电话：0451-56888819,
哈尔滨人民同泰医药连锁分店进乡分店,地址：黑龙江省哈尔滨市香坊区进乡街95号,电话：0451-55671400,
哈尔滨人民同泰医药连锁分店珠江分店,地址：黑龙江省哈尔滨市香坊区珠江路泰山家园8栋3号,电话：0451-55618924,
哈尔滨人民同泰医药连锁分店香顺分店,地址：黑龙江省哈尔滨市香坊区香顺街56号,电话：0451-55616217,
哈尔滨人民同泰医药连锁分店祖研分店,地址：黑龙江省哈尔滨市香坊区三辅街119号,电话：0451-55666295,
哈尔滨人民同泰医药连锁分店香坊分店,地址：黑龙江省哈尔滨市香坊延福街183号,电话：0451-55180950,
哈尔滨人民同泰医药连锁分店建成分店,地址：黑龙江省哈尔滨市香坊区建成街5号,电话：0451-55107998,
哈尔滨人民同泰医药连锁分店香民分店,地址：黑龙江省哈尔滨市香坊区新地街114号,电话：0451-55656063,
哈尔滨人民同泰医药连锁分店成高子分店,地址：黑龙江省哈尔滨市香坊区成高子镇哈成街162号,电话：0451-55174868,
哈尔滨人民同泰医药连锁分店香亭里分店,地址：黑龙江省哈尔滨市香坊区横道街香亭里D座,电话：0451-55610562,
哈尔滨人民同泰医药连锁分店升永分店,地址：黑龙江省哈尔滨市香坊区升永街6号增福小区6号,电话：0451-55171857,
哈尔滨人民同泰医药连锁分店香安分店,地址：黑龙江省哈尔滨市香坊区中山路84号,电话：0451-55650120,
哈尔滨人民同泰医药连锁分店宾西分店,地址：黑龙江省哈尔滨市宾县宾西镇本街,电话：0451-55005099,
哈尔滨人民同泰医药连锁分店安阳分店,地址：黑龙江省哈尔滨市道里区安阳路184号2栋1-1层1号,电话：0451-55557310,
哈尔滨人民同泰医药连锁分店三辅分店,地址：黑龙江省哈尔滨市香坊区三辅街128号,电话：0451-55168509,
哈尔滨人民同泰医药连锁分店利民分店,地址：黑龙江省哈尔滨市香坊区红旗大街76号,电话：0451-55627344,
哈尔滨人民同泰医药连锁分店气象分店,地址：黑龙江省哈尔滨市香坊区公滨路85-4号,电话：0451-55128234,
哈尔滨人民同泰医药连锁分店顾乡分店,地址：黑龙江省哈尔滨市道里区顾乡大街93号（新天地家园16栋3号）,电话：0451-55509315,
哈尔滨人民同泰医药连锁分店康金分店,地址：黑龙江省哈尔滨市呼兰区康金镇民主街市场前楼百货一侧,电话：0451-55261985,
哈尔滨人民同泰医药连锁分店延川分店,地址：黑龙江省哈尔滨市阿城区和平街北新小区1号楼1层12号,电话：0451-53787270,
哈尔滨人民同泰医药连锁分店安泰分店,地址：黑龙江省哈尔滨市香坊区安埠街425-2号安埠小区102栋,电话：0451-55182906,
哈尔滨人民同泰医药连锁分店延福分店,地址：黑龙江省哈尔滨市香坊区通天街果园小区A2栋7号,电话：0451-55113659,
哈尔滨人民同泰医药连锁分店安埠分店,地址：黑龙江省哈尔滨市香坊区安埠街353号,电话：0451-55182796,
哈尔滨人民同泰医药连锁分店阿城分店,地址：黑龙江省哈尔滨市阿城市解放大街59号（世纪名苑地下一层）,电话：0451-53760711,
哈尔滨人民同泰医药连锁分店俊景分店,地址：黑龙江省哈尔滨市香坊区珠江俊景小区,电话：0451-55111405,
哈尔滨人民同泰医药连锁分店牌路分店,地址：黑龙江省哈尔滨市阿城区牌路大街西侧交警队家属楼交警食堂北数2号门,电话：0451-53760270,
哈尔滨人民同泰医药连锁分店通河分店,地址：黑龙江省哈尔滨市绥棱县张家湾,电话：0451-57420062,
哈尔滨人民同泰医药连锁分店幸福分店,地址：黑龙江省哈尔滨市五常市幸福家园17号,电话：0451-55806430,
哈尔滨人民同泰医药连锁分店诚信分店,地址：黑龙江省哈尔滨市阿城区胜利街牌路大街30号1层4号,电话：0451-53728270,
哈尔滨人民同泰医药连锁分店新华分店,地址：黑龙江省哈尔滨市阿城区胜利街新华路万米楼102、103室,电话：0451-53726270,
哈尔滨人民同泰医药连锁分店涤纶分店,地址：黑龙江省哈尔滨市阿城市涤纶厂和平街商服1号楼,电话：0451-53716608,
哈尔滨人民同泰医药连锁分店永源分店,地址：黑龙江省哈尔滨市阿城市涤纶厂和平街商服1号楼,电话：0451-53716608,
哈尔滨人民同泰医药连锁分店鞍山分店,地址：黑龙江省哈尔滨市南岗区鞍山街58号,电话：0451-53675012,
哈尔滨人民同泰医药连锁分店花园分店,地址：黑龙江省哈尔滨市南岗区花园街268号,电话：0451-53650970,
哈尔滨人民同泰医药连锁分店奋斗分店,地址：黑龙江省哈尔滨市哈尔滨南岗区果戈里大街366号,电话：0451-53643482,
哈尔滨人民同泰医药连锁分店东方分店,地址：黑龙江省哈尔滨市南岗东大直街163号,电话：0451-53636158,
哈尔滨人民同泰医药连锁分店建筑分店,地址：黑龙江省哈尔滨市北京市南岗区北京街71号,电话：0451-53624938,
哈尔滨人民同泰医药连锁分店山河分店,地址：黑龙江省哈尔滨市五常市山河镇百货二商店二楼,电话：0451-53566993,
哈尔滨人民同泰医药连锁分店双城和平分店,地址：黑龙江省哈尔滨市双城市和平街12号（中医院西侧）,电话：0451-53110048,
哈尔滨人民同泰医药连锁分店尽朝晖分店,地址：黑龙江省哈尔滨市五常市尽朝晖花园小区西3号,电话：0451-53538369,
哈尔滨人民同泰医药连锁店五常分店,地址：黑龙江省哈尔滨市哈尔滨五常市商业一条街,电话：0451-53524629,
哈尔滨人民同泰医药连锁分店五常分店,地址：黑龙江省哈尔滨市五常市商业一条街二楼,电话：0451-53524546,
哈尔滨人民同泰医药连锁分店迎宾分店,地址：黑龙江省哈尔滨市五常市迎宾小区6号楼,电话：0451-53521488,
哈尔滨人民同泰医药连锁分店延寿分店,地址：黑龙江省哈尔滨市延寿县南吉盛路55号,电话：0451-53020818,
哈尔滨人民同泰医药连锁分店尚志分店,地址：黑龙江省哈尔滨市尚志市市场路9号,电话：0451-53342689,
哈尔滨人民同泰医药连锁分店双城分店,地址：黑龙江省哈尔滨市双城市团结大街146号（三门诊对面）,电话：0451-53130046,
哈尔滨人民同泰医药连锁分店同庆分店,地址：黑龙江省哈尔滨市西同庆街国税局家属综合楼,电话：0451-53020010,
哈尔滨人民同泰医药连锁分店承旭分店,地址：黑龙江省哈尔滨市双城市东街大修厂18号,电话：0451-53112600,
黑龙江省哈尔滨建国医药有限公司城乡店,地址：黑龙江省哈尔滨市道里区融江路K3-19门市,电话：0451-88007766,
黑龙江省哈尔滨建国医药有限公司友谊店,地址：黑龙江省哈尔滨市道里区景江东路1349号,电话：0451-88007766,
黑龙江省哈尔滨建国医药有限公司永和店,地址：黑龙江省哈尔滨市道里区友谊路187号,电话：0451-85981612,
哈尔滨市德邦大药房有限公司,地址：黑龙江省哈尔滨市南岗区邮政街38-4（与大成街交口）,电话：无,
黑龙江省哈尔滨建国医药有限公司南马店,地址：黑龙江省哈尔滨市道外区太古街370号,电话：0451-83053510,
黑龙江省哈尔滨建国医药有限公司进乡店,地址：黑龙江省哈尔滨市香坊区进乡街12号,电话：0451-86061645,
黑龙江省哈尔滨建国医药有限公司阳明店,地址：黑龙江省哈尔滨市道里区建国街81号,电话：0451-83076719,
黑龙江省哈尔滨建国医药有限公司新华店,地址：黑龙江省哈尔滨市道里区经纬三道街15号 ,电话：0451-84366698,
黑龙江省哈尔滨建国医药有限公司安发店,地址：黑龙江省哈尔滨市道里区安发街40号,电话：0451-83372153,
黑龙江省哈尔滨建国医药有限公司庆兴店,地址：黑龙江省哈尔滨市道外区长春街189号,电话：0451-83126302,
黑龙江省哈尔滨建国医药有限公司七政店,地址：黑龙江省哈尔滨市南岗区果戈里大街244号,电话：0451-82635330,
黑龙江省哈尔滨建国医药有限公司仁里店,地址：黑龙江省哈尔滨市道外区东大直路476号,电话：0451-58874009,
黑龙江省哈尔滨建国医药有限公司黑山店,地址：黑龙江省哈尔滨市南岗区黑山街33号,电话：0451-83103291,
黑龙江省哈尔滨建国医药有限公司道里店,地址：黑龙江省哈尔滨市道里区工农大街571号1层,电话：0451-84368338,
黑龙江省哈尔滨建国医药有限公司联华店,地址：黑龙江省哈尔滨市道里区顾乡大街150-3号,电话：0451-83078426,
黑龙江省哈尔滨建国医药有限公司新星店,地址：黑龙江省哈尔滨市道里区宜居家园A区103号5号商服,电话：0451-84304848,
黑龙江省哈尔滨建国医药有限公司银河店,地址：黑龙江省哈尔滨市松北区银河小区13号楼4号门市,电话：0451-83125057,
黑龙江省哈尔滨建国医药有限公司凤凰店,地址：黑龙江省哈尔滨市道外区南新街46号,电话：0451-88966878,
黑龙江省哈尔滨建国医药有限公司大有坊店,地址：黑龙江省哈尔滨市道外区宏伟路169号,电话：0451-83042273,
黑龙江省哈尔滨建国医药有限公司汉广店,地址：黑龙江省哈尔滨市南岗区汉广街68号,电话：0451-83105013,
黑龙江省哈尔滨建国医药有限公司民兴店,地址：黑龙江省哈尔滨市道里区大民兴街300号,电话：0451-83084493,
黑龙江省哈尔滨建国医药有限公司汉祥店,地址：黑龙江省哈尔滨市南岗区汉祥街46号,电话：0451-83105012,
黑龙江省哈尔滨建国医药有限公司大新店,地址：黑龙江省哈尔滨市道外区大新街85号,电话：0451-83126305,
黑龙江省哈尔滨建国医药有限公司通江店,地址：黑龙江省哈尔滨市道里区通江街102号,电话：0451-83151229,
黑龙江省哈尔滨建国医药有限公司宏图店,地址：黑龙江省哈尔滨市道外区南棵小区39栋10号,电话：0451-57862606,
黑龙江省哈尔滨建国医药有限公司升永店,地址：黑龙江省哈尔滨市香坊区升永街132-134号,电话：0451-83157140,
黑龙江省哈尔滨建国医药有限公司仪兴店,地址：黑龙江省哈尔滨市南岗区仪兴花园小区3号楼12号门市,电话：0451-57829409,
黑龙江省哈尔滨建国医药有限公司幸福店,地址：黑龙江省哈尔滨市动力区大庆路176号,电话：0451-86053310,
黑龙江省哈尔滨建国医药有限公司经纬店,地址：黑龙江省哈尔滨市道里区经纬十二道街31号,电话：0451-57764875,
黑龙江省哈尔滨建国医药有限公司太古店,地址：黑龙江省哈尔滨市道外区南勋街186号,电话：0451-57778777,
黑龙江省哈尔滨建国医药有限公司果园店,地址：黑龙江省哈尔滨市香坊区果园小区A8栋8门,电话：0451-55113669,
黑龙江省哈尔滨建国医药有限公司清滨店,地址：黑龙江省哈尔滨市南岗区清滨路51号,电话：0451-57821230,
黑龙江省哈尔滨建国医药有限公司抚顺店,地址：黑龙江省哈尔滨市道里区抚顺街379号,电话：0451-83372061,
黑龙江省哈尔滨建国医药有限公司增福店,地址：黑龙江省哈尔滨市南岗区西桥小区8栋1楼3-4号,电话：0451-57773894,
黑龙江省哈尔滨建国医药有限公司宏伟店,地址：黑龙江省哈尔滨市道外区宏伟路60号,电话：0451-83383035,
黑龙江省哈尔滨建国医药有限公司靖宇店,地址：黑龙江省哈尔滨市道外区靖宇街226号,电话：0451-83128571,
黑龙江省哈尔滨建国医药有限公司服装城店,地址：黑龙江省哈尔滨市香坊区进乡街110-9号阳光绿景4号门市,电话：0451-82935774,
黑龙江省哈尔滨建国医药有限公司武源店,地址：黑龙江省哈尔滨市道外区武源二道街8号,电话：0451-86101327,
黑龙江省哈尔滨建国医药有限公司安宁店,地址：黑龙江省哈尔滨市道里区抚顺街10号,电话：0451-86104441,
黑龙江省哈尔滨建国医药有限公司淮河店,地址：黑龙江省哈尔滨市南岗区淮河路149号,电话：0451-57817832,
黑龙江省哈尔滨建国医药有限公司通达店,地址：黑龙江省哈尔滨市南岗区汉祥街84-4号,电话：0451-83073890,
黑龙江省哈尔滨建国医药有限公司军安店,地址：黑龙江省哈尔滨市松北区军安小区6号商服,电话：0451-84360011,
黑龙江省哈尔滨建国医药有限公司正义店,地址：黑龙江省哈尔滨市道里区安国街129号,电话：0451-57807013,
黑龙江省哈尔滨建国医药有限公司学府店,地址：黑龙江省哈尔滨市南岗区学府路181号,电话：0451-84309009,
黑龙江省哈尔滨建国医药有限公司河松店,地址：黑龙江省哈尔滨市道里区河松街161号（河松小区302栋2号门市）,电话：0451-83373381,
黑龙江省哈尔滨建国医药有限公司水晶店,地址：黑龙江省哈尔滨市道外区大水晶街231号,电话：0451-83052631,
黑龙江省哈尔滨建国医药有限公司松林店,地址：黑龙江省哈尔滨市道里区阳光颐养花园11号楼1层9号门市,电话：0451-83370368,
黑龙江省哈尔滨建国医药有限公司翻身店,地址：黑龙江省哈尔滨市南岗区学府路199号,电话：0451-86620391,
黑龙江省哈尔滨建国医药有限公司太平店,地址：黑龙江省哈尔滨市道里区太平镇太平村太平庄屯,电话：0451-87642876,
黑龙江省哈尔滨建国医药有限公司埃路店,地址：黑龙江省哈尔滨市道里区乡政街副92-28号,电话：0451-83078400,
黑龙江省哈尔滨建国医药有限公司建国店,地址：黑龙江省哈尔滨市南岗区和兴路95号,电话：0451-84200020,
黑龙江省哈尔滨建国医药有限公司王岗店,地址：黑龙江省哈尔滨市南岗区王岗镇哈双路金莉圆小区2号负1-6室,电话：0451-86044032,
黑龙江省哈尔滨建国医药有限公司民主店,地址：黑龙江省哈尔滨市道里区建国街202-1号,电话：0451-58660518,
黑龙江省哈尔滨建国医药有限公司群力店,地址：黑龙江省哈尔滨市道里区达江小区1号楼8号,电话：0451-83375086,
黑龙江省哈尔滨建国医药有限公司农垦店,地址：黑龙江省哈尔滨市南岗区王岗镇哈双路216号新5楼4单元101号,电话：0451-83009342,
黑龙江省哈尔滨建国医药有限公司顾乡大街店,地址：黑龙江省哈尔滨市道里区顾乡大街58号,电话：0451-83074146,
黑龙江省哈尔滨建国医药有限公司五星店,地址：黑龙江省哈尔滨市道里区新发镇原种厂集资楼1楼,电话：0451-87642766,
黑龙江省哈尔滨建国医药有限公司远东店,地址：黑龙江省哈尔滨市道里区乡政街201号,电话：0451-83074093,
黑龙江省哈尔滨建国医药有限公司顾乡老店,地址：黑龙江省哈尔滨市道里区乡政街138号,电话：0451-83078229,
哈尔滨宝丰医药连锁有限公司春城店,地址：黑龙江省哈尔滨市道外区哈东路58号,电话：0451-57673435,
哈尔滨宝丰医药连锁有限公司安埠店,地址：黑龙江省哈尔滨市道外区凤凰城207号,电话：0451-88995675,
哈尔滨宝丰医药连锁有限公司中民店,地址：黑龙江省哈尔滨市道里区安定街52号,电话：0451-87632018,
哈尔滨宝丰医药连锁有限公司大民兴店,地址：黑龙江省哈尔滨市道里区友谊路副72号,电话：0451-84686081,
哈尔滨宝丰医药连锁有限公司益康店,地址：黑龙江省哈尔滨市南岗区公司街58号,电话：0451-86220895,
哈尔滨宝丰医药连锁有限公司文成店,地址：黑龙江省哈尔滨市南岗区征仪路442号,电话：0451-86662803,
哈尔滨宝丰医药连锁有限公司河松店,地址：黑龙江省哈尔滨市道里区河松街198号,电话：0451-87600392,
哈尔滨宝丰医药连锁有限公司文瑞店,地址：黑龙江省哈尔滨市南岗区文瑞街1号,电话：0451-86201776,
哈尔滨宝丰医药连锁有限公司东农店,地址：黑龙江省哈尔滨市香坊区木材街城东新区D区2号楼1号门市,电话：0451-87993246,
哈尔滨宝丰医药连锁有限公司抚顺店,地址：黑龙江省哈尔滨市道外区哈东路205号,电话：0451-57607352,
哈尔滨宝丰医药连锁有限公司革新店,地址：黑龙江省哈尔滨市南岗区革新街147号,电话：0451-82610708,
哈尔滨宝丰医药连锁有限公司三棵店,地址：黑龙江省哈尔滨市道外区东直路391号,电话：0451-57600633,
哈尔滨宝丰医药连锁有限公司河梁店,地址：黑龙江省哈尔滨市道里区河梁街44号,电话：0451-84863826,
哈尔滨宝丰医药连锁有限公司曙光店,地址：黑龙江省哈尔滨市道外区哈东路302号,电话：0451-57663933,
哈尔滨宝丰医药连锁有限公司人和店,地址：黑龙江省哈尔滨市南岗区人和街132号,电话：0451-87019608,
哈尔滨宝丰医药连锁有限公司爱建店,地址：黑龙江省哈尔滨市南岗区木兰街31号,电话：0451-86309513,
哈尔滨宝丰医药连锁有限公司宏图店,地址：黑龙江省哈尔滨市道外区宏河6街区4号,电话：0451-57645883,
哈尔滨宝丰医药连锁有限公司学府二店,地址：黑龙江省哈尔滨市道外区南直路765号,电话：0451-57601927,
哈尔滨宝丰医药连锁有限公司蓉生店,地址：黑龙江省哈尔滨市南岗区复华四道街64号,电话：0451-86205827,
哈尔滨宝丰医药连锁有限公司松柏店,地址：黑龙江省哈尔滨市南岗区泰海花园21栋1层2号,电话：0451-82409033,
哈尔滨宝丰医药连锁有限公司巴陵店,地址：黑龙江省哈尔滨市道里区通顺街副4-1号大发市场花鸟鱼市,电话：0451-84305233,
哈尔滨宝丰医药连锁有限公司闽江店,地址：黑龙江省哈尔滨市南岗区闽江路147号,电话：0451-82340248,
哈尔滨宝丰医药连锁有限公司通达店,地址：黑龙江省哈尔滨市道里区安平街47号,电话：0451-84508301,
哈尔滨宝丰医药连锁有限公司三辅店,地址：黑龙江省哈尔滨市香坊区三辅三道街56-3号,电话：0451-55654937,
哈尔滨宝丰医药连锁有限公司安德店,地址：黑龙江省哈尔滨市南岗区电兴街7号,电话：0451-83331096,
哈尔滨宝丰医药连锁有限公司和兴店,地址：黑龙江省哈尔滨市道里区民安街79号,电话：0451-84512085,
哈尔滨宝丰医药连锁有限公司森茂店,地址：黑龙江省哈尔滨市香坊区顺水小区5栋9单元1层9-2号,电话：0451-55663007,
哈尔滨宝丰医药连锁有限公司锦江店,地址：黑龙江省哈尔滨市道里区安丰街11号,电话：0451-88989528,
哈尔滨宝丰医药连锁有限公司淮河店,地址：黑龙江省哈尔滨市道外区太平大街维也纳河畔新城15栋13号,电话：0451-85909896,
哈尔滨宝丰医药连锁有限公司清滨店,地址：黑龙江省哈尔滨市南岗区清滨路87号学府名苑爱丁堡商服4号,电话：0451-86357136,
哈尔滨宝丰医药连锁有限公司立汇店,地址：黑龙江省哈尔滨市香坊区立汇美罗湾乐买超市内,电话：0451-87278970,
哈尔滨宝丰医药连锁有限公司振兴店,地址：黑龙江省哈尔滨市平房区建文街副10号,电话：0451-87101006,
哈尔滨宝丰医药连锁有限公司冬奥店,地址：黑龙江省哈尔滨市香坊区旭升街55号1层,电话：0451-82949568,
哈尔滨宝丰医药连锁有限公司靖宇店,地址：黑龙江省哈尔滨市香坊区香坊大街139号,电话：0451-55651502,
哈尔滨宝丰医药连锁有限公司景阳店,地址：黑龙江省哈尔滨市南岗区汉水路科技公寓小区,电话：0451-87003746,
哈尔滨宝丰医药连锁有限公司德仁店,地址：黑龙江省哈尔滨市道里区高谊街37-1号,电话：0451-84630679,
哈尔滨宝丰医药连锁有限公司安阳店,地址：黑龙江省哈尔滨市南岗区民生路与民生三道街交叉处A区商服6号门,电话：0451-87562723,
哈尔滨宝丰医药连锁有限公司大有坊店,地址：黑龙江省哈尔滨市道外区大有坊街55号,电话：0451-82460312,
哈尔滨宝丰医药连锁有限公司林大店,地址：黑龙江省哈尔滨市南岗区和兴路85号,电话：0451-87960153,
哈尔滨宝丰医药连锁有限公司和平店,地址：黑龙江省哈尔滨市道外区南直路305号,电话：0451-82460627,
哈尔滨宝丰医药连锁有限公司春辉店,地址：黑龙江省哈尔滨市松北区世纪大道1号,电话：0451-86776257,
哈尔滨宝丰医药连锁有限公司果戈里店,地址：黑龙江省哈尔滨市道里区顾乡大街20号,电话：0451-84311933,
哈尔滨宝丰医药连锁有限公司松明店,地址：黑龙江省哈尔滨市道外区南直路589号与宏图街交叉口,电话：0451-51912749,
哈尔滨宝丰医药连锁有限公司康宝店,地址：黑龙江省哈尔滨市道里区民安街201号,电话：0451-84519528,
哈尔滨宝丰医药连锁有限公司幸福店,地址：黑龙江省哈尔滨市香坊区幸福路188号,电话：0451-82110612,
哈尔滨宝丰医药连锁有限公司南马店,地址：黑龙江省哈尔滨市道外区南马路80号,电话：0451-88370557,
哈尔滨宝丰医药连锁有限公司通乡店,地址：黑龙江省哈尔滨市香坊区红旗大街38-1号通乡商场二楼,电话：0451-55627312,
哈尔滨宝丰医药连锁有限公司学府店,地址：黑龙江省哈尔滨市南岗区学府路56号哈西服装城四楼,电话：0451-86657204,
哈尔滨宝丰医药连锁有限公司六顺店,地址：黑龙江省哈尔滨市南岗区文庙街32号军工院内,电话：0451-87007010,
哈尔滨宝丰医药连锁有限公司金马店,地址：黑龙江省哈尔滨市香坊区湘江路134号,电话：0451-87917192,
哈尔滨宝丰医药连锁有限公司建国店,地址：黑龙江省哈尔滨道里区建国街112号,电话：0451-84627866,
哈尔滨宝丰医药连锁有限公司深业店,地址：黑龙江省哈尔滨市南岗区东大直街259号深业大厦一楼,电话：0451-53630951,
哈尔滨宝丰医药连锁有限公司红旗中央大街店,地址：黑龙江省哈尔滨市道里区中央大街23号,电话：0451-84650127,
哈尔滨宁德大药房有限公司,地址：黑龙江省哈尔滨市道里区钢铁67号,电话：020-87267225,
